#
# There is insufficient memory for the Java Runtime Environment to continue.
# Native memory allocation (malloc) failed to allocate 1358576 bytes for Chunk::new
# Possible reasons:
#   The system is out of physical RAM or swap space
#   The process is running with CompressedOops enabled, and the Java Heap may be blocking the growth of the native heap
# Possible solutions:
#   Reduce memory load on the system
#   Increase physical memory or swap space
#   Check if swap backing store is full
#   Decrease Java heap size (-Xmx/-Xms)
#   Decrease number of Java threads
#   Decrease Java thread stack sizes (-Xss)
#   Set larger code cache with -XX:ReservedCodeCacheSize=
#   JVM is running with Unscaled Compressed Oops mode in which the Java heap is
#     placed in the first 4GB address space. The Java Heap base address is the
#     maximum limit for the native heap growth. Please use -XX:HeapBaseMinAddress
#     to set the Java Heap base and to place the Java Heap above 4GB virtual address.
# This output file may be truncated or incomplete.
#
#  Out of Memory Error (arena.cpp:168), pid=19484, tid=5692
#
# JRE version: Java(TM) SE Runtime Environment (21.0.2+13) (build 21.0.2+13-LTS-58)
# Java VM: Java HotSpot(TM) 64-Bit Server VM (21.0.2+13-LTS-58, mixed mode, sharing, tiered, compressed oops, compressed class ptrs, g1 gc, windows-amd64)
# No core dump will be written. Minidumps are not enabled by default on client versions of Windows
#

---------------  S U M M A R Y ------------

Command Line: -XX:+ShowCodeDetailsInExceptionMessages -Dspring.jmx.enabled=true -Dmanagement.endpoints.jmx.exposure.include=* -Dspring.application.admin.enabled=true -Dspring.boot.project.name=erp_epmapat -Djava.rmi.server.hostname=localhost -Dcom.sun.management.jmxremote.port=45556 -Dcom.sun.management.jmxremote.authenticate=false -Dcom.sun.management.jmxremote.ssl=false com.epmapat.erp_epmapat.ErpEpmapatApplication

Host: Intel(R) Core(TM) i5-10400 CPU @ 2.90GHz, 12 cores, 7G,  Windows 11 , 64 bit Build 22621 (10.0.22621.3958)
Time: Wed Sep 11 12:51:43 2024 Hora est. Pacífico, Sudamérica elapsed time: 15586.222851 seconds (0d 4h 19m 46s)

---------------  T H R E A D  ---------------

Current thread (0x000002763d2aa720):  JavaThread "C2 CompilerThread0" daemon [_thread_in_native, id=5692, stack(0x000000fd3fb00000,0x000000fd3fc00000) (1024K)]


Current CompileTask:
C2:15586222 19173       4       org.springframework.web.servlet.handler.WebRequestHandlerInterceptorAdapter::preHandle (20 bytes)

Stack: [0x000000fd3fb00000,0x000000fd3fc00000]
Native frames: (J=compiled Java code, j=interpreted, Vv=VM code, C=native code)
V  [jvm.dll+0x6cade9]
V  [jvm.dll+0x8569c1]
V  [jvm.dll+0x858d2e]
V  [jvm.dll+0x859413]
V  [jvm.dll+0x280e56]
V  [jvm.dll+0xc3f3d]
V  [jvm.dll+0xc4473]
V  [jvm.dll+0x3b5bf2]
V  [jvm.dll+0x382855]
V  [jvm.dll+0x381cca]
V  [jvm.dll+0x249bd0]
V  [jvm.dll+0x2491b1]
V  [jvm.dll+0x1c9634]
V  [jvm.dll+0x258859]
V  [jvm.dll+0x256e3a]
V  [jvm.dll+0x3ef6c6]
V  [jvm.dll+0x7ff568]
V  [jvm.dll+0x6c953d]
C  [ucrtbase.dll+0x29333]
C  [KERNEL32.DLL+0x1257d]
C  [ntdll.dll+0x5af28]


---------------  P R O C E S S  ---------------

Threads class SMR info:
_java_thread_list=0x00000276089e0530, length=35, elements={
0x000002763d28dd80, 0x000002763d28f2b0, 0x000002763d293890, 0x000002763d294420,
0x000002763d294e80, 0x000002763d295a10, 0x000002763d2aa720, 0x000002763d2ab2f0,
0x000002763d4aa470, 0x000002763d5ad6e0, 0x000002763dcdbd00, 0x000002763dbf1120,
0x000002763dbd7270, 0x00000276043c4a30, 0x00000276043c3680, 0x00000276043c43a0,
0x00000276043c3d10, 0x00000276043c2ff0, 0x00000276050d5710, 0x00000276050d8b90,
0x00000276050db980, 0x00000276050d5da0, 0x00000276050d98b0, 0x00000276050d5080,
0x00000276050dc6a0, 0x00000276050d7150, 0x00000276050d77e0, 0x00000276050d7e70,
0x00000276050d8500, 0x00000276050d9f40, 0x00000276050da5d0, 0x0000027606310110,
0x000002760630ed60, 0x0000027606312f00, 0x000002760489b3a0
}

Java Threads: ( => current thread )
  0x000002763d28dd80 JavaThread "Reference Handler"          daemon [_thread_blocked, id=18740, stack(0x000000fd3f500000,0x000000fd3f600000) (1024K)]
  0x000002763d28f2b0 JavaThread "Finalizer"                  daemon [_thread_blocked, id=2952, stack(0x000000fd3f600000,0x000000fd3f700000) (1024K)]
  0x000002763d293890 JavaThread "Signal Dispatcher"          daemon [_thread_blocked, id=4640, stack(0x000000fd3f700000,0x000000fd3f800000) (1024K)]
  0x000002763d294420 JavaThread "Attach Listener"            daemon [_thread_blocked, id=17448, stack(0x000000fd3f800000,0x000000fd3f900000) (1024K)]
  0x000002763d294e80 JavaThread "Service Thread"             daemon [_thread_blocked, id=3296, stack(0x000000fd3f900000,0x000000fd3fa00000) (1024K)]
  0x000002763d295a10 JavaThread "Monitor Deflation Thread"   daemon [_thread_blocked, id=12196, stack(0x000000fd3fa00000,0x000000fd3fb00000) (1024K)]
=>0x000002763d2aa720 JavaThread "C2 CompilerThread0"         daemon [_thread_in_native, id=5692, stack(0x000000fd3fb00000,0x000000fd3fc00000) (1024K)]
  0x000002763d2ab2f0 JavaThread "C1 CompilerThread0"         daemon [_thread_blocked, id=12576, stack(0x000000fd3fc00000,0x000000fd3fd00000) (1024K)]
  0x000002763d4aa470 JavaThread "Common-Cleaner"             daemon [_thread_blocked, id=13120, stack(0x000000fd3fd00000,0x000000fd3fe00000) (1024K)]
  0x000002763d5ad6e0 JavaThread "Notification Thread"        daemon [_thread_blocked, id=7240, stack(0x000000fd3fe00000,0x000000fd3ff00000) (1024K)]
  0x000002763dcdbd00 JavaThread "RMI TCP Accept-0"           daemon [_thread_in_native, id=18856, stack(0x000000fd40100000,0x000000fd40200000) (1024K)]
  0x000002763dbf1120 JavaThread "RMI TCP Accept-45556"       daemon [_thread_in_native, id=8636, stack(0x000000fd40200000,0x000000fd40300000) (1024K)]
  0x000002763dbd7270 JavaThread "RMI TCP Accept-0"           daemon [_thread_in_native, id=10548, stack(0x000000fd40300000,0x000000fd40400000) (1024K)]
  0x00000276043c4a30 JavaThread "RMI Scheduler(0)"           daemon [_thread_blocked, id=2968, stack(0x000000fd40e00000,0x000000fd40f00000) (1024K)]
  0x00000276043c3680 JavaThread "RMI TCP Connection(2)-127.0.0.1" daemon [_thread_in_native, id=8776, stack(0x000000fd40f00000,0x000000fd41000000) (1024K)]
  0x00000276043c43a0 JavaThread "JMX server connection timeout 37" daemon [_thread_blocked, id=20116, stack(0x000000fd41000000,0x000000fd41100000) (1024K)]
  0x00000276043c3d10 JavaThread "Catalina-utility-1"                [_thread_blocked, id=10360, stack(0x000000fd41100000,0x000000fd41200000) (1024K)]
  0x00000276043c2ff0 JavaThread "Catalina-utility-2"                [_thread_blocked, id=4276, stack(0x000000fd41400000,0x000000fd41500000) (1024K)]
  0x00000276050d5710 JavaThread "container-0"                       [_thread_blocked, id=10120, stack(0x000000fd41500000,0x000000fd41600000) (1024K)]
  0x00000276050d8b90 JavaThread "HikariPool-1 housekeeper"   daemon [_thread_blocked, id=796, stack(0x000000fd41700000,0x000000fd41800000) (1024K)]
  0x00000276050db980 JavaThread "http-nio-8080-exec-1"       daemon [_thread_blocked, id=8760, stack(0x000000fd41900000,0x000000fd41a00000) (1024K)]
  0x00000276050d5da0 JavaThread "http-nio-8080-exec-2"       daemon [_thread_blocked, id=3564, stack(0x000000fd41a00000,0x000000fd41b00000) (1024K)]
  0x00000276050d98b0 JavaThread "http-nio-8080-exec-3"       daemon [_thread_blocked, id=4908, stack(0x000000fd41b00000,0x000000fd41c00000) (1024K)]
  0x00000276050d5080 JavaThread "http-nio-8080-exec-4"       daemon [_thread_in_Java, id=7056, stack(0x000000fd41c00000,0x000000fd41d00000) (1024K)]
  0x00000276050dc6a0 JavaThread "http-nio-8080-exec-5"       daemon [_thread_blocked, id=1560, stack(0x000000fd41d00000,0x000000fd41e00000) (1024K)]
  0x00000276050d7150 JavaThread "http-nio-8080-exec-6"       daemon [_thread_blocked, id=19916, stack(0x000000fd41e00000,0x000000fd41f00000) (1024K)]
  0x00000276050d77e0 JavaThread "http-nio-8080-exec-7"       daemon [_thread_blocked, id=6300, stack(0x000000fd41f00000,0x000000fd42000000) (1024K)]
  0x00000276050d7e70 JavaThread "http-nio-8080-exec-8"       daemon [_thread_blocked, id=860, stack(0x000000fd42000000,0x000000fd42100000) (1024K)]
  0x00000276050d8500 JavaThread "http-nio-8080-exec-9"       daemon [_thread_blocked, id=19668, stack(0x000000fd42100000,0x000000fd42200000) (1024K)]
  0x00000276050d9f40 JavaThread "http-nio-8080-exec-10"      daemon [_thread_in_Java, id=3216, stack(0x000000fd42200000,0x000000fd42300000) (1024K)]
  0x00000276050da5d0 JavaThread "http-nio-8080-Poller"       daemon [_thread_in_native, id=4196, stack(0x000000fd42300000,0x000000fd42400000) (1024K)]
  0x0000027606310110 JavaThread "http-nio-8080-Acceptor"     daemon [_thread_in_native, id=7364, stack(0x000000fd42400000,0x000000fd42500000) (1024K)]
  0x000002760630ed60 JavaThread "DestroyJavaVM"                     [_thread_blocked, id=15508, stack(0x000000fd3ed00000,0x000000fd3ee00000) (1024K)]
  0x0000027606312f00 JavaThread "HikariPool-1 connection adder" daemon [_thread_blocked, id=14636, stack(0x000000fd3ea00000,0x000000fd3eb00000) (1024K)]
  0x000002760489b3a0 JavaThread "C2 CompilerThread1"         daemon [_thread_in_native, id=14932, stack(0x000000fd3eb00000,0x000000fd3ec00000) (1024K)]
Total: 35

Other Threads:
  0x000002763d26ebb0 VMThread "VM Thread"                           [id=3508, stack(0x000000fd3f400000,0x000000fd3f500000) (1024K)]
  0x000002763d257960 WatcherThread "VM Periodic Task Thread"        [id=7196, stack(0x000000fd3f300000,0x000000fd3f400000) (1024K)]
  0x00000276205b07d0 WorkerThread "GC Thread#0"                     [id=1824, stack(0x000000fd3ee00000,0x000000fd3ef00000) (1024K)]
  0x000002763d26dd30 WorkerThread "GC Thread#1"                     [id=8000, stack(0x000000fd40400000,0x000000fd40500000) (1024K)]
  0x000002763d26d5f0 WorkerThread "GC Thread#2"                     [id=5776, stack(0x000000fd40500000,0x000000fd40600000) (1024K)]
  0x000002763d26e0d0 WorkerThread "GC Thread#3"                     [id=10744, stack(0x000000fd40600000,0x000000fd40700000) (1024K)]
  0x000002763d26d990 WorkerThread "GC Thread#4"                     [id=3476, stack(0x000000fd40700000,0x000000fd40800000) (1024K)]
  0x000002763d26e470 WorkerThread "GC Thread#5"                     [id=17312, stack(0x000000fd40800000,0x000000fd40900000) (1024K)]
  0x000002763d26e810 WorkerThread "GC Thread#6"                     [id=16216, stack(0x000000fd40900000,0x000000fd40a00000) (1024K)]
  0x0000027604296170 WorkerThread "GC Thread#7"                     [id=6392, stack(0x000000fd40a00000,0x000000fd40b00000) (1024K)]
  0x00000276042985b0 WorkerThread "GC Thread#8"                     [id=10792, stack(0x000000fd40b00000,0x000000fd40c00000) (1024K)]
  0x0000027604297e70 WorkerThread "GC Thread#9"                     [id=11252, stack(0x000000fd40c00000,0x000000fd40d00000) (1024K)]
  0x00000276205c33c0 ConcurrentGCThread "G1 Main Marker"            [id=6900, stack(0x000000fd3ef00000,0x000000fd3f000000) (1024K)]
  0x00000276205c4660 WorkerThread "G1 Conc#0"                       [id=10724, stack(0x000000fd3f000000,0x000000fd3f100000) (1024K)]
  0x0000027604297390 WorkerThread "G1 Conc#1"                       [id=13892, stack(0x000000fd41200000,0x000000fd41300000) (1024K)]
  0x0000027604295a30 WorkerThread "G1 Conc#2"                       [id=4688, stack(0x000000fd41300000,0x000000fd41400000) (1024K)]
  0x000002762060e4f0 ConcurrentGCThread "G1 Refine#0"               [id=19092, stack(0x000000fd3f100000,0x000000fd3f200000) (1024K)]
  0x000002763dc80dd0 ConcurrentGCThread "G1 Refine#1"               [id=21996, stack(0x000000fd3ec00000,0x000000fd3ed00000) (1024K)]
  0x000002763d1232e0 ConcurrentGCThread "G1 Service"                [id=5116, stack(0x000000fd3f200000,0x000000fd3f300000) (1024K)]
Total: 19

Threads with active compile tasks:
C2 CompilerThread0  15586254 19173       4       org.springframework.web.servlet.handler.WebRequestHandlerInterceptorAdapter::preHandle (20 bytes)
C2 CompilerThread1  15586254 19174   !   4       org.springframework.orm.jpa.support.OpenEntityManagerInViewInterceptor::preHandle (171 bytes)
Total: 2

VM state: not at safepoint (normal execution)

VM Mutex/Monitor currently owned by a thread: None

Heap address: 0x0000000082e00000, size: 2002 MB, Compressed Oops mode: 32-bit

CDS archive(s) mapped at: [0x000002763e000000-0x000002763ec90000-0x000002763ec90000), size 13172736, SharedBaseAddress: 0x000002763e000000, ArchiveRelocationMode: 1.
Compressed class space mapped at: 0x000002763f000000-0x000002767f000000, reserved size: 1073741824
Narrow klass base: 0x000002763e000000, Narrow klass shift: 0, Narrow klass range: 0x100000000

GC Precious Log:
 CardTable entry size: 512
 Card Set container configuration: InlinePtr #cards 5 size 8 Array Of Cards #cards 12 size 40 Howl #buckets 4 coarsen threshold 1843 Howl Bitmap #cards 512 size 80 coarsen threshold 460 Card regions per heap region 1 cards per card region 2048
 CPUs: 12 total, 12 available
 Memory: 8003M
 Large Page Support: Disabled
 NUMA Support: Disabled
 Compressed Oops: Enabled (32-bit)
 Heap Region Size: 1M
 Heap Min Capacity: 8M
 Heap Initial Capacity: 126M
 Heap Max Capacity: 2002M
 Pre-touch: Disabled
 Parallel Workers: 10
 Concurrent Workers: 3
 Concurrent Refinement Workers: 10
 Periodic GC: Disabled

Heap:
 garbage-first heap   total 638976K, used 425242K [0x0000000082e00000, 0x0000000100000000)
  region size 1024K, 264 young (270336K), 17 survivors (17408K)
 Metaspace       used 80364K, committed 81408K, reserved 1179648K
  class space    used 9634K, committed 10176K, reserved 1048576K

Heap Regions: E=young(eden), S=young(survivor), O=old, HS=humongous(starts), HC=humongous(continues), CS=collection set, F=free, TAMS=top-at-mark-start, PB=parsable bottom
|   0|0x0000000082e00000, 0x0000000082f00000, 0x0000000082f00000|100%|HS|  |TAMS 0x0000000082e00000| PB 0x0000000082e00000| Complete 
|   1|0x0000000082f00000, 0x0000000083000000, 0x0000000083000000|100%| O|  |TAMS 0x0000000082f00000| PB 0x0000000082f00000| Untracked 
|   2|0x0000000083000000, 0x0000000083100000, 0x0000000083100000|100%| O|  |TAMS 0x0000000083000000| PB 0x0000000083000000| Untracked 
|   3|0x0000000083100000, 0x0000000083200000, 0x0000000083200000|100%| O|  |TAMS 0x0000000083100000| PB 0x0000000083100000| Untracked 
|   4|0x0000000083200000, 0x0000000083300000, 0x0000000083300000|100%| O|  |TAMS 0x0000000083200000| PB 0x0000000083200000| Untracked 
|   5|0x0000000083300000, 0x0000000083400000, 0x0000000083400000|100%| O|  |TAMS 0x0000000083300000| PB 0x0000000083300000| Untracked 
|   6|0x0000000083400000, 0x0000000083500000, 0x0000000083500000|100%| O|  |TAMS 0x0000000083400000| PB 0x0000000083400000| Untracked 
|   7|0x0000000083500000, 0x0000000083600000, 0x0000000083600000|100%| O|  |TAMS 0x0000000083500000| PB 0x0000000083500000| Untracked 
|   8|0x0000000083600000, 0x0000000083700000, 0x0000000083700000|100%| O|  |TAMS 0x0000000083600000| PB 0x0000000083600000| Untracked 
|   9|0x0000000083700000, 0x0000000083800000, 0x0000000083800000|100%| O|  |TAMS 0x0000000083700000| PB 0x0000000083700000| Untracked 
|  10|0x0000000083800000, 0x0000000083900000, 0x0000000083900000|100%| O|  |TAMS 0x0000000083800000| PB 0x0000000083800000| Untracked 
|  11|0x0000000083900000, 0x0000000083a00000, 0x0000000083a00000|100%| O|  |TAMS 0x0000000083900000| PB 0x0000000083900000| Untracked 
|  12|0x0000000083a00000, 0x0000000083b00000, 0x0000000083b00000|100%| O|  |TAMS 0x0000000083a00000| PB 0x0000000083a00000| Untracked 
|  13|0x0000000083b00000, 0x0000000083c00000, 0x0000000083c00000|100%| O|  |TAMS 0x0000000083b00000| PB 0x0000000083b00000| Untracked 
|  14|0x0000000083c00000, 0x0000000083d00000, 0x0000000083d00000|100%| O|  |TAMS 0x0000000083c00000| PB 0x0000000083c00000| Untracked 
|  15|0x0000000083d00000, 0x0000000083e00000, 0x0000000083e00000|100%| O|  |TAMS 0x0000000083d00000| PB 0x0000000083d00000| Untracked 
|  16|0x0000000083e00000, 0x0000000083f00000, 0x0000000083f00000|100%| O|  |TAMS 0x0000000083e00000| PB 0x0000000083e00000| Untracked 
|  17|0x0000000083f00000, 0x0000000084000000, 0x0000000084000000|100%| O|  |TAMS 0x0000000083f00000| PB 0x0000000083f00000| Untracked 
|  18|0x0000000084000000, 0x0000000084100000, 0x0000000084100000|100%| O|  |TAMS 0x0000000084000000| PB 0x0000000084000000| Untracked 
|  19|0x0000000084100000, 0x0000000084200000, 0x0000000084200000|100%| O|  |TAMS 0x0000000084100000| PB 0x0000000084100000| Untracked 
|  20|0x0000000084200000, 0x0000000084300000, 0x0000000084300000|100%| O|  |TAMS 0x0000000084200000| PB 0x0000000084200000| Untracked 
|  21|0x0000000084300000, 0x0000000084400000, 0x0000000084400000|100%| O|  |TAMS 0x0000000084300000| PB 0x0000000084300000| Untracked 
|  22|0x0000000084400000, 0x0000000084500000, 0x0000000084500000|100%| O|  |TAMS 0x0000000084400000| PB 0x0000000084400000| Untracked 
|  23|0x0000000084500000, 0x0000000084600000, 0x0000000084600000|100%| O|  |TAMS 0x0000000084500000| PB 0x0000000084500000| Untracked 
|  24|0x0000000084600000, 0x0000000084700000, 0x0000000084700000|100%| O|  |TAMS 0x0000000084600000| PB 0x0000000084600000| Untracked 
|  25|0x0000000084700000, 0x0000000084800000, 0x0000000084800000|100%| O|  |TAMS 0x0000000084700000| PB 0x0000000084700000| Untracked 
|  26|0x0000000084800000, 0x0000000084900000, 0x0000000084900000|100%| O|  |TAMS 0x0000000084800000| PB 0x0000000084800000| Untracked 
|  27|0x0000000084900000, 0x0000000084a00000, 0x0000000084a00000|100%| O|  |TAMS 0x0000000084900000| PB 0x0000000084900000| Untracked 
|  28|0x0000000084a00000, 0x0000000084b00000, 0x0000000084b00000|100%| O|  |TAMS 0x0000000084a00000| PB 0x0000000084a00000| Untracked 
|  29|0x0000000084b00000, 0x0000000084c00000, 0x0000000084c00000|100%| O|  |TAMS 0x0000000084b00000| PB 0x0000000084b00000| Untracked 
|  30|0x0000000084c00000, 0x0000000084c00000, 0x0000000084d00000|  0%| F|  |TAMS 0x0000000084c00000| PB 0x0000000084c00000| Untracked 
|  31|0x0000000084d00000, 0x0000000084e00000, 0x0000000084e00000|100%| O|  |TAMS 0x0000000084d00000| PB 0x0000000084d00000| Untracked 
|  32|0x0000000084e00000, 0x0000000084f00000, 0x0000000084f00000|100%| O|  |TAMS 0x0000000084e00000| PB 0x0000000084e00000| Untracked 
|  33|0x0000000084f00000, 0x0000000085000000, 0x0000000085000000|100%| O|  |TAMS 0x0000000084f00000| PB 0x0000000084f00000| Untracked 
|  34|0x0000000085000000, 0x0000000085100000, 0x0000000085100000|100%| O|  |TAMS 0x0000000085000000| PB 0x0000000085000000| Untracked 
|  35|0x0000000085100000, 0x0000000085200000, 0x0000000085200000|100%| O|  |TAMS 0x0000000085100000| PB 0x0000000085100000| Untracked 
|  36|0x0000000085200000, 0x0000000085200000, 0x0000000085300000|  0%| F|  |TAMS 0x0000000085200000| PB 0x0000000085200000| Untracked 
|  37|0x0000000085300000, 0x0000000085400000, 0x0000000085400000|100%| O|  |TAMS 0x0000000085300000| PB 0x0000000085300000| Untracked 
|  38|0x0000000085400000, 0x0000000085500000, 0x0000000085500000|100%| O|  |TAMS 0x0000000085400000| PB 0x0000000085400000| Untracked 
|  39|0x0000000085500000, 0x0000000085600000, 0x0000000085600000|100%| O|  |TAMS 0x0000000085500000| PB 0x0000000085500000| Untracked 
|  40|0x0000000085600000, 0x0000000085700000, 0x0000000085700000|100%| O|  |TAMS 0x0000000085600000| PB 0x0000000085600000| Untracked 
|  41|0x0000000085700000, 0x0000000085800000, 0x0000000085800000|100%| O|  |TAMS 0x0000000085700000| PB 0x0000000085700000| Untracked 
|  42|0x0000000085800000, 0x0000000085900000, 0x0000000085900000|100%| O|  |TAMS 0x0000000085800000| PB 0x0000000085800000| Untracked 
|  43|0x0000000085900000, 0x0000000085a00000, 0x0000000085a00000|100%| O|Cm|TAMS 0x0000000085900000| PB 0x0000000085900000| Complete 
|  44|0x0000000085a00000, 0x0000000085b00000, 0x0000000085b00000|100%| O|  |TAMS 0x0000000085a00000| PB 0x0000000085a00000| Untracked 
|  45|0x0000000085b00000, 0x0000000085b00000, 0x0000000085c00000|  0%| F|  |TAMS 0x0000000085b00000| PB 0x0000000085b00000| Untracked 
|  46|0x0000000085c00000, 0x0000000085c00000, 0x0000000085d00000|  0%| F|  |TAMS 0x0000000085c00000| PB 0x0000000085c00000| Untracked 
|  47|0x0000000085d00000, 0x0000000085e00000, 0x0000000085e00000|100%| O|  |TAMS 0x0000000085d00000| PB 0x0000000085d00000| Untracked 
|  48|0x0000000085e00000, 0x0000000085f00000, 0x0000000085f00000|100%| O|Cm|TAMS 0x0000000085e00000| PB 0x0000000085e00000| Complete 
|  49|0x0000000085f00000, 0x0000000086000000, 0x0000000086000000|100%| O|Cm|TAMS 0x0000000085f00000| PB 0x0000000085f00000| Complete 
|  50|0x0000000086000000, 0x0000000086100000, 0x0000000086100000|100%| O|  |TAMS 0x0000000086000000| PB 0x0000000086000000| Untracked 
|  51|0x0000000086100000, 0x0000000086200000, 0x0000000086200000|100%| O|  |TAMS 0x0000000086100000| PB 0x0000000086100000| Untracked 
|  52|0x0000000086200000, 0x0000000086300000, 0x0000000086300000|100%| O|  |TAMS 0x0000000086200000| PB 0x0000000086200000| Untracked 
|  53|0x0000000086300000, 0x0000000086400000, 0x0000000086400000|100%| O|  |TAMS 0x0000000086300000| PB 0x0000000086300000| Untracked 
|  54|0x0000000086400000, 0x0000000086500000, 0x0000000086500000|100%| O|  |TAMS 0x0000000086400000| PB 0x0000000086400000| Untracked 
|  55|0x0000000086500000, 0x0000000086600000, 0x0000000086600000|100%| O|  |TAMS 0x0000000086500000| PB 0x0000000086500000| Untracked 
|  56|0x0000000086600000, 0x0000000086700000, 0x0000000086700000|100%| O|  |TAMS 0x0000000086600000| PB 0x0000000086600000| Untracked 
|  57|0x0000000086700000, 0x0000000086800000, 0x0000000086800000|100%| O|  |TAMS 0x0000000086700000| PB 0x0000000086700000| Untracked 
|  58|0x0000000086800000, 0x0000000086900000, 0x0000000086900000|100%| O|  |TAMS 0x0000000086800000| PB 0x0000000086800000| Untracked 
|  59|0x0000000086900000, 0x0000000086a00000, 0x0000000086a00000|100%| O|  |TAMS 0x0000000086900000| PB 0x0000000086900000| Untracked 
|  60|0x0000000086a00000, 0x0000000086a00000, 0x0000000086b00000|  0%| F|  |TAMS 0x0000000086a00000| PB 0x0000000086a00000| Untracked 
|  61|0x0000000086b00000, 0x0000000086b00000, 0x0000000086c00000|  0%| F|  |TAMS 0x0000000086b00000| PB 0x0000000086b00000| Untracked 
|  62|0x0000000086c00000, 0x0000000086d00000, 0x0000000086d00000|100%| O|  |TAMS 0x0000000086c00000| PB 0x0000000086c00000| Untracked 
|  63|0x0000000086d00000, 0x0000000086e00000, 0x0000000086e00000|100%| O|  |TAMS 0x0000000086d00000| PB 0x0000000086d00000| Untracked 
|  64|0x0000000086e00000, 0x0000000086f00000, 0x0000000086f00000|100%| O|  |TAMS 0x0000000086e00000| PB 0x0000000086e00000| Untracked 
|  65|0x0000000086f00000, 0x0000000087000000, 0x0000000087000000|100%| O|Cm|TAMS 0x0000000086f00000| PB 0x0000000086f00000| Complete 
|  66|0x0000000087000000, 0x0000000087000000, 0x0000000087100000|  0%| F|  |TAMS 0x0000000087000000| PB 0x0000000087000000| Untracked 
|  67|0x0000000087100000, 0x0000000087100000, 0x0000000087200000|  0%| F|  |TAMS 0x0000000087100000| PB 0x0000000087100000| Untracked 
|  68|0x0000000087200000, 0x0000000087300000, 0x0000000087300000|100%| O|  |TAMS 0x0000000087200000| PB 0x0000000087200000| Untracked 
|  69|0x0000000087300000, 0x0000000087300000, 0x0000000087400000|  0%| F|  |TAMS 0x0000000087300000| PB 0x0000000087300000| Untracked 
|  70|0x0000000087400000, 0x0000000087400000, 0x0000000087500000|  0%| F|  |TAMS 0x0000000087400000| PB 0x0000000087400000| Untracked 
|  71|0x0000000087500000, 0x0000000087600000, 0x0000000087600000|100%| O|  |TAMS 0x0000000087500000| PB 0x0000000087500000| Untracked 
|  72|0x0000000087600000, 0x0000000087700000, 0x0000000087700000|100%| O|  |TAMS 0x0000000087600000| PB 0x0000000087600000| Untracked 
|  73|0x0000000087700000, 0x0000000087800000, 0x0000000087800000|100%| O|  |TAMS 0x0000000087700000| PB 0x0000000087700000| Untracked 
|  74|0x0000000087800000, 0x0000000087900000, 0x0000000087900000|100%| O|  |TAMS 0x0000000087800000| PB 0x0000000087800000| Untracked 
|  75|0x0000000087900000, 0x0000000087a00000, 0x0000000087a00000|100%| O|  |TAMS 0x0000000087900000| PB 0x0000000087900000| Untracked 
|  76|0x0000000087a00000, 0x0000000087a00000, 0x0000000087b00000|  0%| F|  |TAMS 0x0000000087a00000| PB 0x0000000087a00000| Untracked 
|  77|0x0000000087b00000, 0x0000000087b00000, 0x0000000087c00000|  0%| F|  |TAMS 0x0000000087b00000| PB 0x0000000087b00000| Untracked 
|  78|0x0000000087c00000, 0x0000000087c00000, 0x0000000087d00000|  0%| F|  |TAMS 0x0000000087c00000| PB 0x0000000087c00000| Untracked 
|  79|0x0000000087d00000, 0x0000000087d00000, 0x0000000087e00000|  0%| F|  |TAMS 0x0000000087d00000| PB 0x0000000087d00000| Untracked 
|  80|0x0000000087e00000, 0x0000000087e00000, 0x0000000087f00000|  0%| F|  |TAMS 0x0000000087e00000| PB 0x0000000087e00000| Untracked 
|  81|0x0000000087f00000, 0x0000000087f00000, 0x0000000088000000|  0%| F|  |TAMS 0x0000000087f00000| PB 0x0000000087f00000| Untracked 
|  82|0x0000000088000000, 0x0000000088000000, 0x0000000088100000|  0%| F|  |TAMS 0x0000000088000000| PB 0x0000000088000000| Untracked 
|  83|0x0000000088100000, 0x0000000088100000, 0x0000000088200000|  0%| F|  |TAMS 0x0000000088100000| PB 0x0000000088100000| Untracked 
|  84|0x0000000088200000, 0x0000000088200000, 0x0000000088300000|  0%| F|  |TAMS 0x0000000088200000| PB 0x0000000088200000| Untracked 
|  85|0x0000000088300000, 0x0000000088300000, 0x0000000088400000|  0%| F|  |TAMS 0x0000000088300000| PB 0x0000000088300000| Untracked 
|  86|0x0000000088400000, 0x0000000088400000, 0x0000000088500000|  0%| F|  |TAMS 0x0000000088400000| PB 0x0000000088400000| Untracked 
|  87|0x0000000088500000, 0x0000000088500000, 0x0000000088600000|  0%| F|  |TAMS 0x0000000088500000| PB 0x0000000088500000| Untracked 
|  88|0x0000000088600000, 0x0000000088600000, 0x0000000088700000|  0%| F|  |TAMS 0x0000000088600000| PB 0x0000000088600000| Untracked 
|  89|0x0000000088700000, 0x0000000088700000, 0x0000000088800000|  0%| F|  |TAMS 0x0000000088700000| PB 0x0000000088700000| Untracked 
|  90|0x0000000088800000, 0x0000000088800000, 0x0000000088900000|  0%| F|  |TAMS 0x0000000088800000| PB 0x0000000088800000| Untracked 
|  91|0x0000000088900000, 0x0000000088900000, 0x0000000088a00000|  0%| F|  |TAMS 0x0000000088900000| PB 0x0000000088900000| Untracked 
|  92|0x0000000088a00000, 0x0000000088b00000, 0x0000000088b00000|100%| O|Cm|TAMS 0x0000000088a00000| PB 0x0000000088a00000| Complete 
|  93|0x0000000088b00000, 0x0000000088b00000, 0x0000000088c00000|  0%| F|  |TAMS 0x0000000088b00000| PB 0x0000000088b00000| Untracked 
|  94|0x0000000088c00000, 0x0000000088d00000, 0x0000000088d00000|100%| O|Cm|TAMS 0x0000000088c00000| PB 0x0000000088c00000| Complete 
|  95|0x0000000088d00000, 0x0000000088d00000, 0x0000000088e00000|  0%| F|  |TAMS 0x0000000088d00000| PB 0x0000000088d00000| Untracked 
|  96|0x0000000088e00000, 0x0000000088f00000, 0x0000000088f00000|100%| O|Cm|TAMS 0x0000000088e00000| PB 0x0000000088e00000| Complete 
|  97|0x0000000088f00000, 0x0000000088f00000, 0x0000000089000000|  0%| F|  |TAMS 0x0000000088f00000| PB 0x0000000088f00000| Untracked 
|  98|0x0000000089000000, 0x0000000089000000, 0x0000000089100000|  0%| F|  |TAMS 0x0000000089000000| PB 0x0000000089000000| Untracked 
|  99|0x0000000089100000, 0x0000000089100000, 0x0000000089200000|  0%| F|  |TAMS 0x0000000089100000| PB 0x0000000089100000| Untracked 
| 100|0x0000000089200000, 0x0000000089200000, 0x0000000089300000|  0%| F|  |TAMS 0x0000000089200000| PB 0x0000000089200000| Untracked 
| 101|0x0000000089300000, 0x0000000089300000, 0x0000000089400000|  0%| F|  |TAMS 0x0000000089300000| PB 0x0000000089300000| Untracked 
| 102|0x0000000089400000, 0x0000000089400000, 0x0000000089500000|  0%| F|  |TAMS 0x0000000089400000| PB 0x0000000089400000| Untracked 
| 103|0x0000000089500000, 0x0000000089500000, 0x0000000089600000|  0%| F|  |TAMS 0x0000000089500000| PB 0x0000000089500000| Untracked 
| 104|0x0000000089600000, 0x0000000089600000, 0x0000000089700000|  0%| F|  |TAMS 0x0000000089600000| PB 0x0000000089600000| Untracked 
| 105|0x0000000089700000, 0x0000000089700000, 0x0000000089800000|  0%| F|  |TAMS 0x0000000089700000| PB 0x0000000089700000| Untracked 
| 106|0x0000000089800000, 0x0000000089800000, 0x0000000089900000|  0%| F|  |TAMS 0x0000000089800000| PB 0x0000000089800000| Untracked 
| 107|0x0000000089900000, 0x0000000089a00000, 0x0000000089a00000|100%| O|  |TAMS 0x0000000089900000| PB 0x0000000089900000| Untracked 
| 108|0x0000000089a00000, 0x0000000089a00000, 0x0000000089b00000|  0%| F|  |TAMS 0x0000000089a00000| PB 0x0000000089a00000| Untracked 
| 109|0x0000000089b00000, 0x0000000089b00000, 0x0000000089c00000|  0%| F|  |TAMS 0x0000000089b00000| PB 0x0000000089b00000| Untracked 
| 110|0x0000000089c00000, 0x0000000089c00000, 0x0000000089d00000|  0%| F|  |TAMS 0x0000000089c00000| PB 0x0000000089c00000| Untracked 
| 111|0x0000000089d00000, 0x0000000089d00000, 0x0000000089e00000|  0%| F|  |TAMS 0x0000000089d00000| PB 0x0000000089d00000| Untracked 
| 112|0x0000000089e00000, 0x0000000089e00000, 0x0000000089f00000|  0%| F|  |TAMS 0x0000000089e00000| PB 0x0000000089e00000| Untracked 
| 113|0x0000000089f00000, 0x0000000089f00000, 0x000000008a000000|  0%| F|  |TAMS 0x0000000089f00000| PB 0x0000000089f00000| Untracked 
| 114|0x000000008a000000, 0x000000008a000000, 0x000000008a100000|  0%| F|  |TAMS 0x000000008a000000| PB 0x000000008a000000| Untracked 
| 115|0x000000008a100000, 0x000000008a100000, 0x000000008a200000|  0%| F|  |TAMS 0x000000008a100000| PB 0x000000008a100000| Untracked 
| 116|0x000000008a200000, 0x000000008a200000, 0x000000008a300000|  0%| F|  |TAMS 0x000000008a200000| PB 0x000000008a200000| Untracked 
| 117|0x000000008a300000, 0x000000008a300000, 0x000000008a400000|  0%| F|  |TAMS 0x000000008a300000| PB 0x000000008a300000| Untracked 
| 118|0x000000008a400000, 0x000000008a400000, 0x000000008a500000|  0%| F|  |TAMS 0x000000008a400000| PB 0x000000008a400000| Untracked 
| 119|0x000000008a500000, 0x000000008a500000, 0x000000008a600000|  0%| F|  |TAMS 0x000000008a500000| PB 0x000000008a500000| Untracked 
| 120|0x000000008a600000, 0x000000008a600000, 0x000000008a700000|  0%| F|  |TAMS 0x000000008a600000| PB 0x000000008a600000| Untracked 
| 121|0x000000008a700000, 0x000000008a700000, 0x000000008a800000|  0%| F|  |TAMS 0x000000008a700000| PB 0x000000008a700000| Untracked 
| 122|0x000000008a800000, 0x000000008a800000, 0x000000008a900000|  0%| F|  |TAMS 0x000000008a800000| PB 0x000000008a800000| Untracked 
| 123|0x000000008a900000, 0x000000008a900000, 0x000000008aa00000|  0%| F|  |TAMS 0x000000008a900000| PB 0x000000008a900000| Untracked 
| 124|0x000000008aa00000, 0x000000008aa00000, 0x000000008ab00000|  0%| F|  |TAMS 0x000000008aa00000| PB 0x000000008aa00000| Untracked 
| 125|0x000000008ab00000, 0x000000008ab00000, 0x000000008ac00000|  0%| F|  |TAMS 0x000000008ab00000| PB 0x000000008ab00000| Untracked 
| 126|0x000000008ac00000, 0x000000008ac00000, 0x000000008ad00000|  0%| F|  |TAMS 0x000000008ac00000| PB 0x000000008ac00000| Untracked 
| 127|0x000000008ad00000, 0x000000008ad00000, 0x000000008ae00000|  0%| F|  |TAMS 0x000000008ad00000| PB 0x000000008ad00000| Untracked 
| 128|0x000000008ae00000, 0x000000008ae00000, 0x000000008af00000|  0%| F|  |TAMS 0x000000008ae00000| PB 0x000000008ae00000| Untracked 
| 129|0x000000008af00000, 0x000000008af00000, 0x000000008b000000|  0%| F|  |TAMS 0x000000008af00000| PB 0x000000008af00000| Untracked 
| 130|0x000000008b000000, 0x000000008b000000, 0x000000008b100000|  0%| F|  |TAMS 0x000000008b000000| PB 0x000000008b000000| Untracked 
| 131|0x000000008b100000, 0x000000008b100000, 0x000000008b200000|  0%| F|  |TAMS 0x000000008b100000| PB 0x000000008b100000| Untracked 
| 132|0x000000008b200000, 0x000000008b200000, 0x000000008b300000|  0%| F|  |TAMS 0x000000008b200000| PB 0x000000008b200000| Untracked 
| 133|0x000000008b300000, 0x000000008b300000, 0x000000008b400000|  0%| F|  |TAMS 0x000000008b300000| PB 0x000000008b300000| Untracked 
| 134|0x000000008b400000, 0x000000008b400000, 0x000000008b500000|  0%| F|  |TAMS 0x000000008b400000| PB 0x000000008b400000| Untracked 
| 135|0x000000008b500000, 0x000000008b500000, 0x000000008b600000|  0%| F|  |TAMS 0x000000008b500000| PB 0x000000008b500000| Untracked 
| 136|0x000000008b600000, 0x000000008b600000, 0x000000008b700000|  0%| F|  |TAMS 0x000000008b600000| PB 0x000000008b600000| Untracked 
| 137|0x000000008b700000, 0x000000008b700000, 0x000000008b800000|  0%| F|  |TAMS 0x000000008b700000| PB 0x000000008b700000| Untracked 
| 138|0x000000008b800000, 0x000000008b800000, 0x000000008b900000|  0%| F|  |TAMS 0x000000008b800000| PB 0x000000008b800000| Untracked 
| 139|0x000000008b900000, 0x000000008b900000, 0x000000008ba00000|  0%| F|  |TAMS 0x000000008b900000| PB 0x000000008b900000| Untracked 
| 140|0x000000008ba00000, 0x000000008bb00000, 0x000000008bb00000|100%| O|Cm|TAMS 0x000000008ba00000| PB 0x000000008ba00000| Complete 
| 141|0x000000008bb00000, 0x000000008bc00000, 0x000000008bc00000|100%| O|Cm|TAMS 0x000000008bb00000| PB 0x000000008bb00000| Complete 
| 142|0x000000008bc00000, 0x000000008bd00000, 0x000000008bd00000|100%| O|Cm|TAMS 0x000000008bc00000| PB 0x000000008bc00000| Complete 
| 143|0x000000008bd00000, 0x000000008be00000, 0x000000008be00000|100%| O|Cm|TAMS 0x000000008bd00000| PB 0x000000008bd00000| Complete 
| 144|0x000000008be00000, 0x000000008bf00000, 0x000000008bf00000|100%| O|Cm|TAMS 0x000000008be00000| PB 0x000000008be00000| Complete 
| 145|0x000000008bf00000, 0x000000008c000000, 0x000000008c000000|100%| O|Cm|TAMS 0x000000008bf00000| PB 0x000000008bf00000| Complete 
| 146|0x000000008c000000, 0x000000008c100000, 0x000000008c100000|100%| O|Cm|TAMS 0x000000008c000000| PB 0x000000008c000000| Complete 
| 147|0x000000008c100000, 0x000000008c200000, 0x000000008c200000|100%| O|  |TAMS 0x000000008c100000| PB 0x000000008c100000| Untracked 
| 148|0x000000008c200000, 0x000000008c300000, 0x000000008c300000|100%| O|  |TAMS 0x000000008c200000| PB 0x000000008c200000| Untracked 
| 149|0x000000008c300000, 0x000000008c300000, 0x000000008c400000|  0%| F|  |TAMS 0x000000008c300000| PB 0x000000008c300000| Untracked 
| 150|0x000000008c400000, 0x000000008c500000, 0x000000008c500000|100%| O|Cm|TAMS 0x000000008c400000| PB 0x000000008c400000| Complete 
| 151|0x000000008c500000, 0x000000008c600000, 0x000000008c600000|100%| O|Cm|TAMS 0x000000008c500000| PB 0x000000008c500000| Complete 
| 152|0x000000008c600000, 0x000000008c700000, 0x000000008c700000|100%| O|Cm|TAMS 0x000000008c600000| PB 0x000000008c600000| Complete 
| 153|0x000000008c700000, 0x000000008c800000, 0x000000008c800000|100%| O|Cm|TAMS 0x000000008c700000| PB 0x000000008c700000| Complete 
| 154|0x000000008c800000, 0x000000008c900000, 0x000000008c900000|100%| O|  |TAMS 0x000000008c800000| PB 0x000000008c800000| Untracked 
| 155|0x000000008c900000, 0x000000008ca00000, 0x000000008ca00000|100%| O|Cm|TAMS 0x000000008c900000| PB 0x000000008c900000| Complete 
| 156|0x000000008ca00000, 0x000000008ca00000, 0x000000008cb00000|  0%| F|  |TAMS 0x000000008ca00000| PB 0x000000008ca00000| Untracked 
| 157|0x000000008cb00000, 0x000000008cb00000, 0x000000008cc00000|  0%| F|  |TAMS 0x000000008cb00000| PB 0x000000008cb00000| Untracked 
| 158|0x000000008cc00000, 0x000000008cc00000, 0x000000008cd00000|  0%| F|  |TAMS 0x000000008cc00000| PB 0x000000008cc00000| Untracked 
| 159|0x000000008cd00000, 0x000000008ce00000, 0x000000008ce00000|100%| O|Cm|TAMS 0x000000008cd00000| PB 0x000000008cd00000| Complete 
| 160|0x000000008ce00000, 0x000000008cf00000, 0x000000008cf00000|100%| O|Cm|TAMS 0x000000008ce00000| PB 0x000000008ce00000| Complete 
| 161|0x000000008cf00000, 0x000000008d000000, 0x000000008d000000|100%| O|Cm|TAMS 0x000000008cf00000| PB 0x000000008cf00000| Complete 
| 162|0x000000008d000000, 0x000000008d000000, 0x000000008d100000|  0%| F|  |TAMS 0x000000008d000000| PB 0x000000008d000000| Untracked 
| 163|0x000000008d100000, 0x000000008d200000, 0x000000008d200000|100%| O|Cm|TAMS 0x000000008d100000| PB 0x000000008d100000| Complete 
| 164|0x000000008d200000, 0x000000008d200000, 0x000000008d300000|  0%| F|  |TAMS 0x000000008d200000| PB 0x000000008d200000| Untracked 
| 165|0x000000008d300000, 0x000000008d300000, 0x000000008d400000|  0%| F|  |TAMS 0x000000008d300000| PB 0x000000008d300000| Untracked 
| 166|0x000000008d400000, 0x000000008d400000, 0x000000008d500000|  0%| F|  |TAMS 0x000000008d400000| PB 0x000000008d400000| Untracked 
| 167|0x000000008d500000, 0x000000008d500000, 0x000000008d600000|  0%| F|  |TAMS 0x000000008d500000| PB 0x000000008d500000| Untracked 
| 168|0x000000008d600000, 0x000000008d600000, 0x000000008d700000|  0%| F|  |TAMS 0x000000008d600000| PB 0x000000008d600000| Untracked 
| 169|0x000000008d700000, 0x000000008d700000, 0x000000008d800000|  0%| F|  |TAMS 0x000000008d700000| PB 0x000000008d700000| Untracked 
| 170|0x000000008d800000, 0x000000008d900000, 0x000000008d900000|100%| O|Cm|TAMS 0x000000008d800000| PB 0x000000008d800000| Complete 
| 171|0x000000008d900000, 0x000000008da00000, 0x000000008da00000|100%| O|Cm|TAMS 0x000000008d900000| PB 0x000000008d900000| Complete 
| 172|0x000000008da00000, 0x000000008db00000, 0x000000008db00000|100%| O|Cm|TAMS 0x000000008da00000| PB 0x000000008da00000| Complete 
| 173|0x000000008db00000, 0x000000008dc00000, 0x000000008dc00000|100%| O|  |TAMS 0x000000008db00000| PB 0x000000008db00000| Untracked 
| 174|0x000000008dc00000, 0x000000008dd00000, 0x000000008dd00000|100%| O|  |TAMS 0x000000008dc00000| PB 0x000000008dc00000| Untracked 
| 175|0x000000008dd00000, 0x000000008de00000, 0x000000008de00000|100%| O|  |TAMS 0x000000008dd00000| PB 0x000000008dd00000| Untracked 
| 176|0x000000008de00000, 0x000000008df00000, 0x000000008df00000|100%| O|Cm|TAMS 0x000000008de00000| PB 0x000000008de00000| Complete 
| 177|0x000000008df00000, 0x000000008e000000, 0x000000008e000000|100%| O|  |TAMS 0x000000008df00000| PB 0x000000008df00000| Untracked 
| 178|0x000000008e000000, 0x000000008e100000, 0x000000008e100000|100%| O|  |TAMS 0x000000008e000000| PB 0x000000008e000000| Untracked 
| 179|0x000000008e100000, 0x000000008e200000, 0x000000008e200000|100%| O|  |TAMS 0x000000008e100000| PB 0x000000008e100000| Untracked 
| 180|0x000000008e200000, 0x000000008e300000, 0x000000008e300000|100%| O|  |TAMS 0x000000008e200000| PB 0x000000008e200000| Untracked 
| 181|0x000000008e300000, 0x000000008e400000, 0x000000008e400000|100%| O|  |TAMS 0x000000008e300000| PB 0x000000008e300000| Untracked 
| 182|0x000000008e400000, 0x000000008e500000, 0x000000008e500000|100%| O|  |TAMS 0x000000008e400000| PB 0x000000008e400000| Untracked 
| 183|0x000000008e500000, 0x000000008e600000, 0x000000008e600000|100%| O|  |TAMS 0x000000008e500000| PB 0x000000008e500000| Untracked 
| 184|0x000000008e600000, 0x000000008e700000, 0x000000008e700000|100%| O|  |TAMS 0x000000008e600000| PB 0x000000008e600000| Untracked 
| 185|0x000000008e700000, 0x000000008e800000, 0x000000008e800000|100%| O|  |TAMS 0x000000008e700000| PB 0x000000008e700000| Untracked 
| 186|0x000000008e800000, 0x000000008e900000, 0x000000008e900000|100%| O|  |TAMS 0x000000008e800000| PB 0x000000008e800000| Untracked 
| 187|0x000000008e900000, 0x000000008ea00000, 0x000000008ea00000|100%| O|  |TAMS 0x000000008e900000| PB 0x000000008e900000| Untracked 
| 188|0x000000008ea00000, 0x000000008eb00000, 0x000000008eb00000|100%| O|  |TAMS 0x000000008ea00000| PB 0x000000008ea00000| Untracked 
| 189|0x000000008eb00000, 0x000000008ec00000, 0x000000008ec00000|100%| O|  |TAMS 0x000000008eb00000| PB 0x000000008eb00000| Untracked 
| 190|0x000000008ec00000, 0x000000008ed00000, 0x000000008ed00000|100%| O|  |TAMS 0x000000008ec00000| PB 0x000000008ec00000| Untracked 
| 191|0x000000008ed00000, 0x000000008ee00000, 0x000000008ee00000|100%| O|  |TAMS 0x000000008ed00000| PB 0x000000008ed00000| Untracked 
| 192|0x000000008ee00000, 0x000000008ef00000, 0x000000008ef00000|100%| O|  |TAMS 0x000000008ee00000| PB 0x000000008ee00000| Untracked 
| 193|0x000000008ef00000, 0x000000008f000000, 0x000000008f000000|100%| O|  |TAMS 0x000000008ef00000| PB 0x000000008ef00000| Untracked 
| 194|0x000000008f000000, 0x000000008f100000, 0x000000008f100000|100%| O|  |TAMS 0x000000008f000000| PB 0x000000008f000000| Untracked 
| 195|0x000000008f100000, 0x000000008f200000, 0x000000008f200000|100%| O|  |TAMS 0x000000008f100000| PB 0x000000008f100000| Untracked 
| 196|0x000000008f200000, 0x000000008f300000, 0x000000008f300000|100%| O|Cm|TAMS 0x000000008f200000| PB 0x000000008f200000| Complete 
| 197|0x000000008f300000, 0x000000008f400000, 0x000000008f400000|100%| O|  |TAMS 0x000000008f300000| PB 0x000000008f300000| Untracked 
| 198|0x000000008f400000, 0x000000008f400000, 0x000000008f500000|  0%| F|  |TAMS 0x000000008f400000| PB 0x000000008f400000| Untracked 
| 199|0x000000008f500000, 0x000000008f500000, 0x000000008f600000|  0%| F|  |TAMS 0x000000008f500000| PB 0x000000008f500000| Untracked 
| 200|0x000000008f600000, 0x000000008f600000, 0x000000008f700000|  0%| F|  |TAMS 0x000000008f600000| PB 0x000000008f600000| Untracked 
| 201|0x000000008f700000, 0x000000008f700000, 0x000000008f800000|  0%| F|  |TAMS 0x000000008f700000| PB 0x000000008f700000| Untracked 
| 202|0x000000008f800000, 0x000000008f800000, 0x000000008f900000|  0%| F|  |TAMS 0x000000008f800000| PB 0x000000008f800000| Untracked 
| 203|0x000000008f900000, 0x000000008fa00000, 0x000000008fa00000|100%| O|  |TAMS 0x000000008f900000| PB 0x000000008f900000| Untracked 
| 204|0x000000008fa00000, 0x000000008fb00000, 0x000000008fb00000|100%| O|  |TAMS 0x000000008fa00000| PB 0x000000008fa00000| Untracked 
| 205|0x000000008fb00000, 0x000000008fc00000, 0x000000008fc00000|100%| O|Cm|TAMS 0x000000008fb00000| PB 0x000000008fb00000| Complete 
| 206|0x000000008fc00000, 0x000000008fc00000, 0x000000008fd00000|  0%| F|  |TAMS 0x000000008fc00000| PB 0x000000008fc00000| Untracked 
| 207|0x000000008fd00000, 0x000000008fe00000, 0x000000008fe00000|100%| O|Cm|TAMS 0x000000008fd00000| PB 0x000000008fd00000| Complete 
| 208|0x000000008fe00000, 0x000000008fe00000, 0x000000008ff00000|  0%| F|  |TAMS 0x000000008fe00000| PB 0x000000008fe00000| Untracked 
| 209|0x000000008ff00000, 0x000000008ff00000, 0x0000000090000000|  0%| F|  |TAMS 0x000000008ff00000| PB 0x000000008ff00000| Untracked 
| 210|0x0000000090000000, 0x0000000090100000, 0x0000000090100000|100%| O|Cm|TAMS 0x0000000090000000| PB 0x0000000090000000| Complete 
| 211|0x0000000090100000, 0x0000000090200000, 0x0000000090200000|100%| O|Cm|TAMS 0x0000000090100000| PB 0x0000000090100000| Complete 
| 212|0x0000000090200000, 0x0000000090200000, 0x0000000090300000|  0%| F|  |TAMS 0x0000000090200000| PB 0x0000000090200000| Untracked 
| 213|0x0000000090300000, 0x0000000090400000, 0x0000000090400000|100%| O|Cm|TAMS 0x0000000090300000| PB 0x0000000090300000| Complete 
| 214|0x0000000090400000, 0x0000000090500000, 0x0000000090500000|100%| O|Cm|TAMS 0x0000000090400000| PB 0x0000000090400000| Complete 
| 215|0x0000000090500000, 0x0000000090600000, 0x0000000090600000|100%| O|Cm|TAMS 0x0000000090500000| PB 0x0000000090500000| Complete 
| 216|0x0000000090600000, 0x0000000090700000, 0x0000000090700000|100%| O|Cm|TAMS 0x0000000090600000| PB 0x0000000090600000| Complete 
| 217|0x0000000090700000, 0x0000000090800000, 0x0000000090800000|100%| O|Cm|TAMS 0x0000000090700000| PB 0x0000000090700000| Complete 
| 218|0x0000000090800000, 0x0000000090900000, 0x0000000090900000|100%| O|Cm|TAMS 0x0000000090800000| PB 0x0000000090800000| Complete 
| 219|0x0000000090900000, 0x0000000090a00000, 0x0000000090a00000|100%| O|Cm|TAMS 0x0000000090900000| PB 0x0000000090900000| Complete 
| 220|0x0000000090a00000, 0x0000000090b00000, 0x0000000090b00000|100%| O|Cm|TAMS 0x0000000090a00000| PB 0x0000000090a00000| Complete 
| 221|0x0000000090b00000, 0x0000000090b00000, 0x0000000090c00000|  0%| F|  |TAMS 0x0000000090b00000| PB 0x0000000090b00000| Untracked 
| 222|0x0000000090c00000, 0x0000000090c00000, 0x0000000090d00000|  0%| F|  |TAMS 0x0000000090c00000| PB 0x0000000090c00000| Untracked 
| 223|0x0000000090d00000, 0x0000000090d00000, 0x0000000090e00000|  0%| F|  |TAMS 0x0000000090d00000| PB 0x0000000090d00000| Untracked 
| 224|0x0000000090e00000, 0x0000000090e00000, 0x0000000090f00000|  0%| F|  |TAMS 0x0000000090e00000| PB 0x0000000090e00000| Untracked 
| 225|0x0000000090f00000, 0x0000000090f00000, 0x0000000091000000|  0%| F|  |TAMS 0x0000000090f00000| PB 0x0000000090f00000| Untracked 
| 226|0x0000000091000000, 0x0000000091000000, 0x0000000091100000|  0%| F|  |TAMS 0x0000000091000000| PB 0x0000000091000000| Untracked 
| 227|0x0000000091100000, 0x0000000091100000, 0x0000000091200000|  0%| F|  |TAMS 0x0000000091100000| PB 0x0000000091100000| Untracked 
| 228|0x0000000091200000, 0x0000000091200000, 0x0000000091300000|  0%| F|  |TAMS 0x0000000091200000| PB 0x0000000091200000| Untracked 
| 229|0x0000000091300000, 0x0000000091300000, 0x0000000091400000|  0%| F|  |TAMS 0x0000000091300000| PB 0x0000000091300000| Untracked 
| 230|0x0000000091400000, 0x0000000091400000, 0x0000000091500000|  0%| F|  |TAMS 0x0000000091400000| PB 0x0000000091400000| Untracked 
| 231|0x0000000091500000, 0x0000000091500000, 0x0000000091600000|  0%| F|  |TAMS 0x0000000091500000| PB 0x0000000091500000| Untracked 
| 232|0x0000000091600000, 0x0000000091600000, 0x0000000091700000|  0%| F|  |TAMS 0x0000000091600000| PB 0x0000000091600000| Untracked 
| 233|0x0000000091700000, 0x0000000091700000, 0x0000000091800000|  0%| F|  |TAMS 0x0000000091700000| PB 0x0000000091700000| Untracked 
| 234|0x0000000091800000, 0x0000000091800000, 0x0000000091900000|  0%| F|  |TAMS 0x0000000091800000| PB 0x0000000091800000| Untracked 
| 235|0x0000000091900000, 0x0000000091900000, 0x0000000091a00000|  0%| F|  |TAMS 0x0000000091900000| PB 0x0000000091900000| Untracked 
| 236|0x0000000091a00000, 0x0000000091a00000, 0x0000000091b00000|  0%| F|  |TAMS 0x0000000091a00000| PB 0x0000000091a00000| Untracked 
| 237|0x0000000091b00000, 0x0000000091b00000, 0x0000000091c00000|  0%| F|  |TAMS 0x0000000091b00000| PB 0x0000000091b00000| Untracked 
| 238|0x0000000091c00000, 0x0000000091c00000, 0x0000000091d00000|  0%| F|  |TAMS 0x0000000091c00000| PB 0x0000000091c00000| Untracked 
| 239|0x0000000091d00000, 0x0000000091d00000, 0x0000000091e00000|  0%| F|  |TAMS 0x0000000091d00000| PB 0x0000000091d00000| Untracked 
| 240|0x0000000091e00000, 0x0000000091e00000, 0x0000000091f00000|  0%| F|  |TAMS 0x0000000091e00000| PB 0x0000000091e00000| Untracked 
| 241|0x0000000091f00000, 0x0000000091f00000, 0x0000000092000000|  0%| F|  |TAMS 0x0000000091f00000| PB 0x0000000091f00000| Untracked 
| 242|0x0000000092000000, 0x0000000092000000, 0x0000000092100000|  0%| F|  |TAMS 0x0000000092000000| PB 0x0000000092000000| Untracked 
| 243|0x0000000092100000, 0x0000000092100000, 0x0000000092200000|  0%| F|  |TAMS 0x0000000092100000| PB 0x0000000092100000| Untracked 
| 244|0x0000000092200000, 0x0000000092200000, 0x0000000092300000|  0%| F|  |TAMS 0x0000000092200000| PB 0x0000000092200000| Untracked 
| 245|0x0000000092300000, 0x0000000092300000, 0x0000000092400000|  0%| F|  |TAMS 0x0000000092300000| PB 0x0000000092300000| Untracked 
| 246|0x0000000092400000, 0x0000000092400000, 0x0000000092500000|  0%| F|  |TAMS 0x0000000092400000| PB 0x0000000092400000| Untracked 
| 247|0x0000000092500000, 0x0000000092500000, 0x0000000092600000|  0%| F|  |TAMS 0x0000000092500000| PB 0x0000000092500000| Untracked 
| 248|0x0000000092600000, 0x0000000092600000, 0x0000000092700000|  0%| F|  |TAMS 0x0000000092600000| PB 0x0000000092600000| Untracked 
| 249|0x0000000092700000, 0x0000000092700000, 0x0000000092800000|  0%| F|  |TAMS 0x0000000092700000| PB 0x0000000092700000| Untracked 
| 250|0x0000000092800000, 0x0000000092800000, 0x0000000092900000|  0%| F|  |TAMS 0x0000000092800000| PB 0x0000000092800000| Untracked 
| 251|0x0000000092900000, 0x0000000092900000, 0x0000000092a00000|  0%| F|  |TAMS 0x0000000092900000| PB 0x0000000092900000| Untracked 
| 252|0x0000000092a00000, 0x0000000092a00000, 0x0000000092b00000|  0%| F|  |TAMS 0x0000000092a00000| PB 0x0000000092a00000| Untracked 
| 253|0x0000000092b00000, 0x0000000092b00000, 0x0000000092c00000|  0%| F|  |TAMS 0x0000000092b00000| PB 0x0000000092b00000| Untracked 
| 254|0x0000000092c00000, 0x0000000092c00000, 0x0000000092d00000|  0%| F|  |TAMS 0x0000000092c00000| PB 0x0000000092c00000| Untracked 
| 255|0x0000000092d00000, 0x0000000092d00000, 0x0000000092e00000|  0%| F|  |TAMS 0x0000000092d00000| PB 0x0000000092d00000| Untracked 
| 256|0x0000000092e00000, 0x0000000092e00000, 0x0000000092f00000|  0%| F|  |TAMS 0x0000000092e00000| PB 0x0000000092e00000| Untracked 
| 257|0x0000000092f00000, 0x0000000092f00000, 0x0000000093000000|  0%| F|  |TAMS 0x0000000092f00000| PB 0x0000000092f00000| Untracked 
| 258|0x0000000093000000, 0x0000000093000000, 0x0000000093100000|  0%| F|  |TAMS 0x0000000093000000| PB 0x0000000093000000| Untracked 
| 259|0x0000000093100000, 0x0000000093100000, 0x0000000093200000|  0%| F|  |TAMS 0x0000000093100000| PB 0x0000000093100000| Untracked 
| 260|0x0000000093200000, 0x0000000093200000, 0x0000000093300000|  0%| F|  |TAMS 0x0000000093200000| PB 0x0000000093200000| Untracked 
| 261|0x0000000093300000, 0x0000000093300000, 0x0000000093400000|  0%| F|  |TAMS 0x0000000093300000| PB 0x0000000093300000| Untracked 
| 262|0x0000000093400000, 0x0000000093400000, 0x0000000093500000|  0%| F|  |TAMS 0x0000000093400000| PB 0x0000000093400000| Untracked 
| 263|0x0000000093500000, 0x0000000093500000, 0x0000000093600000|  0%| F|  |TAMS 0x0000000093500000| PB 0x0000000093500000| Untracked 
| 264|0x0000000093600000, 0x0000000093600000, 0x0000000093700000|  0%| F|  |TAMS 0x0000000093600000| PB 0x0000000093600000| Untracked 
| 265|0x0000000093700000, 0x0000000093700000, 0x0000000093800000|  0%| F|  |TAMS 0x0000000093700000| PB 0x0000000093700000| Untracked 
| 266|0x0000000093800000, 0x0000000093800000, 0x0000000093900000|  0%| F|  |TAMS 0x0000000093800000| PB 0x0000000093800000| Untracked 
| 267|0x0000000093900000, 0x0000000093900000, 0x0000000093a00000|  0%| F|  |TAMS 0x0000000093900000| PB 0x0000000093900000| Untracked 
| 268|0x0000000093a00000, 0x0000000093a00000, 0x0000000093b00000|  0%| F|  |TAMS 0x0000000093a00000| PB 0x0000000093a00000| Untracked 
| 269|0x0000000093b00000, 0x0000000093b00000, 0x0000000093c00000|  0%| F|  |TAMS 0x0000000093b00000| PB 0x0000000093b00000| Untracked 
| 270|0x0000000093c00000, 0x0000000093c00000, 0x0000000093d00000|  0%| F|  |TAMS 0x0000000093c00000| PB 0x0000000093c00000| Untracked 
| 271|0x0000000093d00000, 0x0000000093d00000, 0x0000000093e00000|  0%| F|  |TAMS 0x0000000093d00000| PB 0x0000000093d00000| Untracked 
| 272|0x0000000093e00000, 0x0000000093e00000, 0x0000000093f00000|  0%| F|  |TAMS 0x0000000093e00000| PB 0x0000000093e00000| Untracked 
| 273|0x0000000093f00000, 0x0000000093f00000, 0x0000000094000000|  0%| F|  |TAMS 0x0000000093f00000| PB 0x0000000093f00000| Untracked 
| 274|0x0000000094000000, 0x0000000094000000, 0x0000000094100000|  0%| F|  |TAMS 0x0000000094000000| PB 0x0000000094000000| Untracked 
| 275|0x0000000094100000, 0x0000000094100000, 0x0000000094200000|  0%| F|  |TAMS 0x0000000094100000| PB 0x0000000094100000| Untracked 
| 276|0x0000000094200000, 0x0000000094200000, 0x0000000094300000|  0%| F|  |TAMS 0x0000000094200000| PB 0x0000000094200000| Untracked 
| 277|0x0000000094300000, 0x0000000094300000, 0x0000000094400000|  0%| F|  |TAMS 0x0000000094300000| PB 0x0000000094300000| Untracked 
| 278|0x0000000094400000, 0x0000000094400000, 0x0000000094500000|  0%| F|  |TAMS 0x0000000094400000| PB 0x0000000094400000| Untracked 
| 279|0x0000000094500000, 0x0000000094500000, 0x0000000094600000|  0%| F|  |TAMS 0x0000000094500000| PB 0x0000000094500000| Untracked 
| 280|0x0000000094600000, 0x0000000094600000, 0x0000000094700000|  0%| F|  |TAMS 0x0000000094600000| PB 0x0000000094600000| Untracked 
| 281|0x0000000094700000, 0x0000000094700000, 0x0000000094800000|  0%| F|  |TAMS 0x0000000094700000| PB 0x0000000094700000| Untracked 
| 282|0x0000000094800000, 0x0000000094800000, 0x0000000094900000|  0%| F|  |TAMS 0x0000000094800000| PB 0x0000000094800000| Untracked 
| 283|0x0000000094900000, 0x0000000094900000, 0x0000000094a00000|  0%| F|  |TAMS 0x0000000094900000| PB 0x0000000094900000| Untracked 
| 284|0x0000000094a00000, 0x0000000094a00000, 0x0000000094b00000|  0%| F|  |TAMS 0x0000000094a00000| PB 0x0000000094a00000| Untracked 
| 285|0x0000000094b00000, 0x0000000094b00000, 0x0000000094c00000|  0%| F|  |TAMS 0x0000000094b00000| PB 0x0000000094b00000| Untracked 
| 286|0x0000000094c00000, 0x0000000094c00000, 0x0000000094d00000|  0%| F|  |TAMS 0x0000000094c00000| PB 0x0000000094c00000| Untracked 
| 287|0x0000000094d00000, 0x0000000094d00000, 0x0000000094e00000|  0%| F|  |TAMS 0x0000000094d00000| PB 0x0000000094d00000| Untracked 
| 288|0x0000000094e00000, 0x0000000094e00000, 0x0000000094f00000|  0%| F|  |TAMS 0x0000000094e00000| PB 0x0000000094e00000| Untracked 
| 289|0x0000000094f00000, 0x0000000094f00000, 0x0000000095000000|  0%| F|  |TAMS 0x0000000094f00000| PB 0x0000000094f00000| Untracked 
| 290|0x0000000095000000, 0x0000000095000000, 0x0000000095100000|  0%| F|  |TAMS 0x0000000095000000| PB 0x0000000095000000| Untracked 
| 291|0x0000000095100000, 0x0000000095100000, 0x0000000095200000|  0%| F|  |TAMS 0x0000000095100000| PB 0x0000000095100000| Untracked 
| 292|0x0000000095200000, 0x0000000095200000, 0x0000000095300000|  0%| F|  |TAMS 0x0000000095200000| PB 0x0000000095200000| Untracked 
| 293|0x0000000095300000, 0x0000000095300000, 0x0000000095400000|  0%| F|  |TAMS 0x0000000095300000| PB 0x0000000095300000| Untracked 
| 294|0x0000000095400000, 0x0000000095400000, 0x0000000095500000|  0%| F|  |TAMS 0x0000000095400000| PB 0x0000000095400000| Untracked 
| 295|0x0000000095500000, 0x0000000095500000, 0x0000000095600000|  0%| F|  |TAMS 0x0000000095500000| PB 0x0000000095500000| Untracked 
| 296|0x0000000095600000, 0x0000000095600000, 0x0000000095700000|  0%| F|  |TAMS 0x0000000095600000| PB 0x0000000095600000| Untracked 
| 297|0x0000000095700000, 0x0000000095700000, 0x0000000095800000|  0%| F|  |TAMS 0x0000000095700000| PB 0x0000000095700000| Untracked 
| 298|0x0000000095800000, 0x0000000095800000, 0x0000000095900000|  0%| F|  |TAMS 0x0000000095800000| PB 0x0000000095800000| Untracked 
| 299|0x0000000095900000, 0x0000000095900000, 0x0000000095a00000|  0%| F|  |TAMS 0x0000000095900000| PB 0x0000000095900000| Untracked 
| 300|0x0000000095a00000, 0x0000000095a00000, 0x0000000095b00000|  0%| F|  |TAMS 0x0000000095a00000| PB 0x0000000095a00000| Untracked 
| 301|0x0000000095b00000, 0x0000000095b00000, 0x0000000095c00000|  0%| F|  |TAMS 0x0000000095b00000| PB 0x0000000095b00000| Untracked 
| 302|0x0000000095c00000, 0x0000000095c00000, 0x0000000095d00000|  0%| F|  |TAMS 0x0000000095c00000| PB 0x0000000095c00000| Untracked 
| 303|0x0000000095d00000, 0x0000000095d00000, 0x0000000095e00000|  0%| F|  |TAMS 0x0000000095d00000| PB 0x0000000095d00000| Untracked 
| 304|0x0000000095e00000, 0x0000000095e00000, 0x0000000095f00000|  0%| F|  |TAMS 0x0000000095e00000| PB 0x0000000095e00000| Untracked 
| 305|0x0000000095f00000, 0x0000000095f00000, 0x0000000096000000|  0%| F|  |TAMS 0x0000000095f00000| PB 0x0000000095f00000| Untracked 
| 306|0x0000000096000000, 0x0000000096000000, 0x0000000096100000|  0%| F|  |TAMS 0x0000000096000000| PB 0x0000000096000000| Untracked 
| 307|0x0000000096100000, 0x0000000096100000, 0x0000000096200000|  0%| F|  |TAMS 0x0000000096100000| PB 0x0000000096100000| Untracked 
| 308|0x0000000096200000, 0x0000000096200000, 0x0000000096300000|  0%| F|  |TAMS 0x0000000096200000| PB 0x0000000096200000| Untracked 
| 309|0x0000000096300000, 0x0000000096300000, 0x0000000096400000|  0%| F|  |TAMS 0x0000000096300000| PB 0x0000000096300000| Untracked 
| 310|0x0000000096400000, 0x0000000096400000, 0x0000000096500000|  0%| F|  |TAMS 0x0000000096400000| PB 0x0000000096400000| Untracked 
| 311|0x0000000096500000, 0x0000000096500000, 0x0000000096600000|  0%| F|  |TAMS 0x0000000096500000| PB 0x0000000096500000| Untracked 
| 312|0x0000000096600000, 0x0000000096600000, 0x0000000096700000|  0%| F|  |TAMS 0x0000000096600000| PB 0x0000000096600000| Untracked 
| 313|0x0000000096700000, 0x0000000096700000, 0x0000000096800000|  0%| F|  |TAMS 0x0000000096700000| PB 0x0000000096700000| Untracked 
| 314|0x0000000096800000, 0x0000000096800000, 0x0000000096900000|  0%| F|  |TAMS 0x0000000096800000| PB 0x0000000096800000| Untracked 
| 315|0x0000000096900000, 0x0000000096900000, 0x0000000096a00000|  0%| F|  |TAMS 0x0000000096900000| PB 0x0000000096900000| Untracked 
| 316|0x0000000096a00000, 0x0000000096a00000, 0x0000000096b00000|  0%| F|  |TAMS 0x0000000096a00000| PB 0x0000000096a00000| Untracked 
| 317|0x0000000096b00000, 0x0000000096b00000, 0x0000000096c00000|  0%| F|  |TAMS 0x0000000096b00000| PB 0x0000000096b00000| Untracked 
| 318|0x0000000096c00000, 0x0000000096c00000, 0x0000000096d00000|  0%| F|  |TAMS 0x0000000096c00000| PB 0x0000000096c00000| Untracked 
| 319|0x0000000096d00000, 0x0000000096d00000, 0x0000000096e00000|  0%| F|  |TAMS 0x0000000096d00000| PB 0x0000000096d00000| Untracked 
| 320|0x0000000096e00000, 0x0000000096e00000, 0x0000000096f00000|  0%| F|  |TAMS 0x0000000096e00000| PB 0x0000000096e00000| Untracked 
| 321|0x0000000096f00000, 0x0000000096f00000, 0x0000000097000000|  0%| F|  |TAMS 0x0000000096f00000| PB 0x0000000096f00000| Untracked 
| 322|0x0000000097000000, 0x0000000097000000, 0x0000000097100000|  0%| F|  |TAMS 0x0000000097000000| PB 0x0000000097000000| Untracked 
| 323|0x0000000097100000, 0x0000000097100000, 0x0000000097200000|  0%| F|  |TAMS 0x0000000097100000| PB 0x0000000097100000| Untracked 
| 324|0x0000000097200000, 0x0000000097200000, 0x0000000097300000|  0%| F|  |TAMS 0x0000000097200000| PB 0x0000000097200000| Untracked 
| 325|0x0000000097300000, 0x0000000097300000, 0x0000000097400000|  0%| F|  |TAMS 0x0000000097300000| PB 0x0000000097300000| Untracked 
| 326|0x0000000097400000, 0x0000000097400000, 0x0000000097500000|  0%| F|  |TAMS 0x0000000097400000| PB 0x0000000097400000| Untracked 
| 327|0x0000000097500000, 0x0000000097500000, 0x0000000097600000|  0%| F|  |TAMS 0x0000000097500000| PB 0x0000000097500000| Untracked 
| 328|0x0000000097600000, 0x0000000097600000, 0x0000000097700000|  0%| F|  |TAMS 0x0000000097600000| PB 0x0000000097600000| Untracked 
| 329|0x0000000097700000, 0x0000000097700000, 0x0000000097800000|  0%| F|  |TAMS 0x0000000097700000| PB 0x0000000097700000| Untracked 
| 330|0x0000000097800000, 0x0000000097800000, 0x0000000097900000|  0%| F|  |TAMS 0x0000000097800000| PB 0x0000000097800000| Untracked 
| 331|0x0000000097900000, 0x0000000097900000, 0x0000000097a00000|  0%| F|  |TAMS 0x0000000097900000| PB 0x0000000097900000| Untracked 
| 332|0x0000000097a00000, 0x0000000097a00000, 0x0000000097b00000|  0%| F|  |TAMS 0x0000000097a00000| PB 0x0000000097a00000| Untracked 
| 333|0x0000000097b00000, 0x0000000097b00000, 0x0000000097c00000|  0%| F|  |TAMS 0x0000000097b00000| PB 0x0000000097b00000| Untracked 
| 334|0x0000000097c00000, 0x0000000097c00000, 0x0000000097d00000|  0%| F|  |TAMS 0x0000000097c00000| PB 0x0000000097c00000| Untracked 
| 335|0x0000000097d00000, 0x0000000097d00000, 0x0000000097e00000|  0%| F|  |TAMS 0x0000000097d00000| PB 0x0000000097d00000| Untracked 
| 336|0x0000000097e00000, 0x0000000097e00000, 0x0000000097f00000|  0%| F|  |TAMS 0x0000000097e00000| PB 0x0000000097e00000| Untracked 
| 337|0x0000000097f00000, 0x0000000097f00000, 0x0000000098000000|  0%| F|  |TAMS 0x0000000097f00000| PB 0x0000000097f00000| Untracked 
| 338|0x0000000098000000, 0x000000009805b390, 0x0000000098100000| 35%| E|  |TAMS 0x0000000098000000| PB 0x0000000098000000| Complete 
| 339|0x0000000098100000, 0x0000000098200000, 0x0000000098200000|100%| E|CS|TAMS 0x0000000098100000| PB 0x0000000098100000| Complete 
| 340|0x0000000098200000, 0x0000000098300000, 0x0000000098300000|100%| E|CS|TAMS 0x0000000098200000| PB 0x0000000098200000| Complete 
| 341|0x0000000098300000, 0x0000000098400000, 0x0000000098400000|100%| E|CS|TAMS 0x0000000098300000| PB 0x0000000098300000| Complete 
| 342|0x0000000098400000, 0x0000000098500000, 0x0000000098500000|100%| E|CS|TAMS 0x0000000098400000| PB 0x0000000098400000| Complete 
| 343|0x0000000098500000, 0x0000000098600000, 0x0000000098600000|100%| E|CS|TAMS 0x0000000098500000| PB 0x0000000098500000| Complete 
| 344|0x0000000098600000, 0x0000000098700000, 0x0000000098700000|100%| E|CS|TAMS 0x0000000098600000| PB 0x0000000098600000| Complete 
| 345|0x0000000098700000, 0x0000000098800000, 0x0000000098800000|100%| E|CS|TAMS 0x0000000098700000| PB 0x0000000098700000| Complete 
| 346|0x0000000098800000, 0x0000000098900000, 0x0000000098900000|100%| E|CS|TAMS 0x0000000098800000| PB 0x0000000098800000| Complete 
| 347|0x0000000098900000, 0x0000000098a00000, 0x0000000098a00000|100%| E|CS|TAMS 0x0000000098900000| PB 0x0000000098900000| Complete 
| 348|0x0000000098a00000, 0x0000000098b00000, 0x0000000098b00000|100%| E|CS|TAMS 0x0000000098a00000| PB 0x0000000098a00000| Complete 
| 349|0x0000000098b00000, 0x0000000098c00000, 0x0000000098c00000|100%| E|CS|TAMS 0x0000000098b00000| PB 0x0000000098b00000| Complete 
| 350|0x0000000098c00000, 0x0000000098d00000, 0x0000000098d00000|100%| E|CS|TAMS 0x0000000098c00000| PB 0x0000000098c00000| Complete 
| 351|0x0000000098d00000, 0x0000000098e00000, 0x0000000098e00000|100%| E|CS|TAMS 0x0000000098d00000| PB 0x0000000098d00000| Complete 
| 352|0x0000000098e00000, 0x0000000098f00000, 0x0000000098f00000|100%| E|CS|TAMS 0x0000000098e00000| PB 0x0000000098e00000| Complete 
| 353|0x0000000098f00000, 0x0000000099000000, 0x0000000099000000|100%| E|CS|TAMS 0x0000000098f00000| PB 0x0000000098f00000| Complete 
| 354|0x0000000099000000, 0x0000000099100000, 0x0000000099100000|100%| E|CS|TAMS 0x0000000099000000| PB 0x0000000099000000| Complete 
| 355|0x0000000099100000, 0x0000000099200000, 0x0000000099200000|100%| E|CS|TAMS 0x0000000099100000| PB 0x0000000099100000| Complete 
| 356|0x0000000099200000, 0x0000000099300000, 0x0000000099300000|100%| E|CS|TAMS 0x0000000099200000| PB 0x0000000099200000| Complete 
| 357|0x0000000099300000, 0x0000000099400000, 0x0000000099400000|100%| E|CS|TAMS 0x0000000099300000| PB 0x0000000099300000| Complete 
| 358|0x0000000099400000, 0x0000000099500000, 0x0000000099500000|100%| E|CS|TAMS 0x0000000099400000| PB 0x0000000099400000| Complete 
| 359|0x0000000099500000, 0x0000000099600000, 0x0000000099600000|100%| E|CS|TAMS 0x0000000099500000| PB 0x0000000099500000| Complete 
| 360|0x0000000099600000, 0x0000000099700000, 0x0000000099700000|100%| E|CS|TAMS 0x0000000099600000| PB 0x0000000099600000| Complete 
| 361|0x0000000099700000, 0x0000000099800000, 0x0000000099800000|100%| E|CS|TAMS 0x0000000099700000| PB 0x0000000099700000| Complete 
| 362|0x0000000099800000, 0x0000000099900000, 0x0000000099900000|100%| E|CS|TAMS 0x0000000099800000| PB 0x0000000099800000| Complete 
| 363|0x0000000099900000, 0x0000000099a00000, 0x0000000099a00000|100%| E|CS|TAMS 0x0000000099900000| PB 0x0000000099900000| Complete 
| 364|0x0000000099a00000, 0x0000000099b00000, 0x0000000099b00000|100%| E|CS|TAMS 0x0000000099a00000| PB 0x0000000099a00000| Complete 
| 365|0x0000000099b00000, 0x0000000099c00000, 0x0000000099c00000|100%| E|CS|TAMS 0x0000000099b00000| PB 0x0000000099b00000| Complete 
| 366|0x0000000099c00000, 0x0000000099d00000, 0x0000000099d00000|100%| E|CS|TAMS 0x0000000099c00000| PB 0x0000000099c00000| Complete 
| 367|0x0000000099d00000, 0x0000000099e00000, 0x0000000099e00000|100%| E|CS|TAMS 0x0000000099d00000| PB 0x0000000099d00000| Complete 
| 368|0x0000000099e00000, 0x0000000099f00000, 0x0000000099f00000|100%| E|CS|TAMS 0x0000000099e00000| PB 0x0000000099e00000| Complete 
| 369|0x0000000099f00000, 0x000000009a000000, 0x000000009a000000|100%| E|CS|TAMS 0x0000000099f00000| PB 0x0000000099f00000| Complete 
| 370|0x000000009a000000, 0x000000009a100000, 0x000000009a100000|100%| E|CS|TAMS 0x000000009a000000| PB 0x000000009a000000| Complete 
| 371|0x000000009a100000, 0x000000009a200000, 0x000000009a200000|100%| E|CS|TAMS 0x000000009a100000| PB 0x000000009a100000| Complete 
| 372|0x000000009a200000, 0x000000009a300000, 0x000000009a300000|100%| E|CS|TAMS 0x000000009a200000| PB 0x000000009a200000| Complete 
| 373|0x000000009a300000, 0x000000009a400000, 0x000000009a400000|100%| E|CS|TAMS 0x000000009a300000| PB 0x000000009a300000| Complete 
| 374|0x000000009a400000, 0x000000009a500000, 0x000000009a500000|100%| E|CS|TAMS 0x000000009a400000| PB 0x000000009a400000| Complete 
| 375|0x000000009a500000, 0x000000009a600000, 0x000000009a600000|100%| E|CS|TAMS 0x000000009a500000| PB 0x000000009a500000| Complete 
| 376|0x000000009a600000, 0x000000009a700000, 0x000000009a700000|100%| E|CS|TAMS 0x000000009a600000| PB 0x000000009a600000| Complete 
| 377|0x000000009a700000, 0x000000009a800000, 0x000000009a800000|100%| E|CS|TAMS 0x000000009a700000| PB 0x000000009a700000| Complete 
| 378|0x000000009a800000, 0x000000009a900000, 0x000000009a900000|100%| E|CS|TAMS 0x000000009a800000| PB 0x000000009a800000| Complete 
| 379|0x000000009a900000, 0x000000009aa00000, 0x000000009aa00000|100%| E|CS|TAMS 0x000000009a900000| PB 0x000000009a900000| Complete 
| 380|0x000000009aa00000, 0x000000009ab00000, 0x000000009ab00000|100%| E|CS|TAMS 0x000000009aa00000| PB 0x000000009aa00000| Complete 
| 381|0x000000009ab00000, 0x000000009ac00000, 0x000000009ac00000|100%| E|CS|TAMS 0x000000009ab00000| PB 0x000000009ab00000| Complete 
| 382|0x000000009ac00000, 0x000000009ad00000, 0x000000009ad00000|100%| E|CS|TAMS 0x000000009ac00000| PB 0x000000009ac00000| Complete 
| 383|0x000000009ad00000, 0x000000009ae00000, 0x000000009ae00000|100%| E|CS|TAMS 0x000000009ad00000| PB 0x000000009ad00000| Complete 
| 384|0x000000009ae00000, 0x000000009af00000, 0x000000009af00000|100%| E|CS|TAMS 0x000000009ae00000| PB 0x000000009ae00000| Complete 
| 385|0x000000009af00000, 0x000000009b000000, 0x000000009b000000|100%| E|CS|TAMS 0x000000009af00000| PB 0x000000009af00000| Complete 
| 386|0x000000009b000000, 0x000000009b100000, 0x000000009b100000|100%| E|CS|TAMS 0x000000009b000000| PB 0x000000009b000000| Complete 
| 387|0x000000009b100000, 0x000000009b200000, 0x000000009b200000|100%| E|CS|TAMS 0x000000009b100000| PB 0x000000009b100000| Complete 
| 388|0x000000009b200000, 0x000000009b300000, 0x000000009b300000|100%| E|CS|TAMS 0x000000009b200000| PB 0x000000009b200000| Complete 
| 389|0x000000009b300000, 0x000000009b400000, 0x000000009b400000|100%| E|CS|TAMS 0x000000009b300000| PB 0x000000009b300000| Complete 
| 390|0x000000009b400000, 0x000000009b500000, 0x000000009b500000|100%| E|CS|TAMS 0x000000009b400000| PB 0x000000009b400000| Complete 
| 391|0x000000009b500000, 0x000000009b600000, 0x000000009b600000|100%| E|CS|TAMS 0x000000009b500000| PB 0x000000009b500000| Complete 
| 392|0x000000009b600000, 0x000000009b700000, 0x000000009b700000|100%| E|CS|TAMS 0x000000009b600000| PB 0x000000009b600000| Complete 
| 393|0x000000009b700000, 0x000000009b800000, 0x000000009b800000|100%| E|CS|TAMS 0x000000009b700000| PB 0x000000009b700000| Complete 
| 394|0x000000009b800000, 0x000000009b900000, 0x000000009b900000|100%| E|CS|TAMS 0x000000009b800000| PB 0x000000009b800000| Complete 
| 395|0x000000009b900000, 0x000000009ba00000, 0x000000009ba00000|100%| E|CS|TAMS 0x000000009b900000| PB 0x000000009b900000| Complete 
| 396|0x000000009ba00000, 0x000000009bb00000, 0x000000009bb00000|100%| E|CS|TAMS 0x000000009ba00000| PB 0x000000009ba00000| Complete 
| 397|0x000000009bb00000, 0x000000009bc00000, 0x000000009bc00000|100%| E|CS|TAMS 0x000000009bb00000| PB 0x000000009bb00000| Complete 
| 398|0x000000009bc00000, 0x000000009bd00000, 0x000000009bd00000|100%| E|CS|TAMS 0x000000009bc00000| PB 0x000000009bc00000| Complete 
| 399|0x000000009bd00000, 0x000000009be00000, 0x000000009be00000|100%| E|CS|TAMS 0x000000009bd00000| PB 0x000000009bd00000| Complete 
| 400|0x000000009be00000, 0x000000009bf00000, 0x000000009bf00000|100%| E|CS|TAMS 0x000000009be00000| PB 0x000000009be00000| Complete 
| 401|0x000000009bf00000, 0x000000009c000000, 0x000000009c000000|100%| E|CS|TAMS 0x000000009bf00000| PB 0x000000009bf00000| Complete 
| 402|0x000000009c000000, 0x000000009c100000, 0x000000009c100000|100%| E|CS|TAMS 0x000000009c000000| PB 0x000000009c000000| Complete 
| 403|0x000000009c100000, 0x000000009c200000, 0x000000009c200000|100%| E|CS|TAMS 0x000000009c100000| PB 0x000000009c100000| Complete 
| 404|0x000000009c200000, 0x000000009c300000, 0x000000009c300000|100%| E|CS|TAMS 0x000000009c200000| PB 0x000000009c200000| Complete 
| 405|0x000000009c300000, 0x000000009c400000, 0x000000009c400000|100%| E|CS|TAMS 0x000000009c300000| PB 0x000000009c300000| Complete 
| 406|0x000000009c400000, 0x000000009c500000, 0x000000009c500000|100%| E|CS|TAMS 0x000000009c400000| PB 0x000000009c400000| Complete 
| 407|0x000000009c500000, 0x000000009c600000, 0x000000009c600000|100%| E|CS|TAMS 0x000000009c500000| PB 0x000000009c500000| Complete 
| 408|0x000000009c600000, 0x000000009c700000, 0x000000009c700000|100%| E|CS|TAMS 0x000000009c600000| PB 0x000000009c600000| Complete 
| 409|0x000000009c700000, 0x000000009c800000, 0x000000009c800000|100%| E|CS|TAMS 0x000000009c700000| PB 0x000000009c700000| Complete 
| 410|0x000000009c800000, 0x000000009c900000, 0x000000009c900000|100%| E|CS|TAMS 0x000000009c800000| PB 0x000000009c800000| Complete 
| 411|0x000000009c900000, 0x000000009ca00000, 0x000000009ca00000|100%| E|CS|TAMS 0x000000009c900000| PB 0x000000009c900000| Complete 
| 412|0x000000009ca00000, 0x000000009cb00000, 0x000000009cb00000|100%| E|CS|TAMS 0x000000009ca00000| PB 0x000000009ca00000| Complete 
| 413|0x000000009cb00000, 0x000000009cc00000, 0x000000009cc00000|100%| E|CS|TAMS 0x000000009cb00000| PB 0x000000009cb00000| Complete 
| 414|0x000000009cc00000, 0x000000009cd00000, 0x000000009cd00000|100%| E|CS|TAMS 0x000000009cc00000| PB 0x000000009cc00000| Complete 
| 415|0x000000009cd00000, 0x000000009ce00000, 0x000000009ce00000|100%| E|CS|TAMS 0x000000009cd00000| PB 0x000000009cd00000| Complete 
| 416|0x000000009ce00000, 0x000000009cf00000, 0x000000009cf00000|100%| E|CS|TAMS 0x000000009ce00000| PB 0x000000009ce00000| Complete 
| 417|0x000000009cf00000, 0x000000009d000000, 0x000000009d000000|100%| E|CS|TAMS 0x000000009cf00000| PB 0x000000009cf00000| Complete 
| 418|0x000000009d000000, 0x000000009d100000, 0x000000009d100000|100%| E|CS|TAMS 0x000000009d000000| PB 0x000000009d000000| Complete 
| 419|0x000000009d100000, 0x000000009d200000, 0x000000009d200000|100%| E|CS|TAMS 0x000000009d100000| PB 0x000000009d100000| Complete 
| 420|0x000000009d200000, 0x000000009d300000, 0x000000009d300000|100%| E|CS|TAMS 0x000000009d200000| PB 0x000000009d200000| Complete 
| 421|0x000000009d300000, 0x000000009d400000, 0x000000009d400000|100%| E|CS|TAMS 0x000000009d300000| PB 0x000000009d300000| Complete 
| 422|0x000000009d400000, 0x000000009d500000, 0x000000009d500000|100%| E|CS|TAMS 0x000000009d400000| PB 0x000000009d400000| Complete 
| 423|0x000000009d500000, 0x000000009d600000, 0x000000009d600000|100%| E|CS|TAMS 0x000000009d500000| PB 0x000000009d500000| Complete 
| 424|0x000000009d600000, 0x000000009d700000, 0x000000009d700000|100%| E|CS|TAMS 0x000000009d600000| PB 0x000000009d600000| Complete 
| 425|0x000000009d700000, 0x000000009d800000, 0x000000009d800000|100%| E|CS|TAMS 0x000000009d700000| PB 0x000000009d700000| Complete 
| 426|0x000000009d800000, 0x000000009d900000, 0x000000009d900000|100%| E|CS|TAMS 0x000000009d800000| PB 0x000000009d800000| Complete 
| 427|0x000000009d900000, 0x000000009da00000, 0x000000009da00000|100%| E|CS|TAMS 0x000000009d900000| PB 0x000000009d900000| Complete 
| 428|0x000000009da00000, 0x000000009db00000, 0x000000009db00000|100%| E|CS|TAMS 0x000000009da00000| PB 0x000000009da00000| Complete 
| 429|0x000000009db00000, 0x000000009dc00000, 0x000000009dc00000|100%| E|CS|TAMS 0x000000009db00000| PB 0x000000009db00000| Complete 
| 430|0x000000009dc00000, 0x000000009dd00000, 0x000000009dd00000|100%| E|CS|TAMS 0x000000009dc00000| PB 0x000000009dc00000| Complete 
| 431|0x000000009dd00000, 0x000000009de00000, 0x000000009de00000|100%| E|CS|TAMS 0x000000009dd00000| PB 0x000000009dd00000| Complete 
| 432|0x000000009de00000, 0x000000009df00000, 0x000000009df00000|100%| E|CS|TAMS 0x000000009de00000| PB 0x000000009de00000| Complete 
| 433|0x000000009df00000, 0x000000009e000000, 0x000000009e000000|100%| E|CS|TAMS 0x000000009df00000| PB 0x000000009df00000| Complete 
| 434|0x000000009e000000, 0x000000009e100000, 0x000000009e100000|100%| E|CS|TAMS 0x000000009e000000| PB 0x000000009e000000| Complete 
| 435|0x000000009e100000, 0x000000009e200000, 0x000000009e200000|100%| E|CS|TAMS 0x000000009e100000| PB 0x000000009e100000| Complete 
| 436|0x000000009e200000, 0x000000009e300000, 0x000000009e300000|100%| E|CS|TAMS 0x000000009e200000| PB 0x000000009e200000| Complete 
| 437|0x000000009e300000, 0x000000009e400000, 0x000000009e400000|100%| E|CS|TAMS 0x000000009e300000| PB 0x000000009e300000| Complete 
| 438|0x000000009e400000, 0x000000009e500000, 0x000000009e500000|100%| E|CS|TAMS 0x000000009e400000| PB 0x000000009e400000| Complete 
| 439|0x000000009e500000, 0x000000009e600000, 0x000000009e600000|100%| E|CS|TAMS 0x000000009e500000| PB 0x000000009e500000| Complete 
| 440|0x000000009e600000, 0x000000009e700000, 0x000000009e700000|100%| E|CS|TAMS 0x000000009e600000| PB 0x000000009e600000| Complete 
| 441|0x000000009e700000, 0x000000009e800000, 0x000000009e800000|100%| E|CS|TAMS 0x000000009e700000| PB 0x000000009e700000| Complete 
| 442|0x000000009e800000, 0x000000009e900000, 0x000000009e900000|100%| E|CS|TAMS 0x000000009e800000| PB 0x000000009e800000| Complete 
| 443|0x000000009e900000, 0x000000009ea00000, 0x000000009ea00000|100%| E|CS|TAMS 0x000000009e900000| PB 0x000000009e900000| Complete 
| 444|0x000000009ea00000, 0x000000009eb00000, 0x000000009eb00000|100%| E|CS|TAMS 0x000000009ea00000| PB 0x000000009ea00000| Complete 
| 445|0x000000009eb00000, 0x000000009ec00000, 0x000000009ec00000|100%| E|CS|TAMS 0x000000009eb00000| PB 0x000000009eb00000| Complete 
| 446|0x000000009ec00000, 0x000000009ed00000, 0x000000009ed00000|100%| E|CS|TAMS 0x000000009ec00000| PB 0x000000009ec00000| Complete 
| 447|0x000000009ed00000, 0x000000009ee00000, 0x000000009ee00000|100%| E|CS|TAMS 0x000000009ed00000| PB 0x000000009ed00000| Complete 
| 448|0x000000009ee00000, 0x000000009ef00000, 0x000000009ef00000|100%| E|CS|TAMS 0x000000009ee00000| PB 0x000000009ee00000| Complete 
| 449|0x000000009ef00000, 0x000000009f000000, 0x000000009f000000|100%| E|CS|TAMS 0x000000009ef00000| PB 0x000000009ef00000| Complete 
| 450|0x000000009f000000, 0x000000009f100000, 0x000000009f100000|100%| E|CS|TAMS 0x000000009f000000| PB 0x000000009f000000| Complete 
| 451|0x000000009f100000, 0x000000009f200000, 0x000000009f200000|100%| E|CS|TAMS 0x000000009f100000| PB 0x000000009f100000| Complete 
| 452|0x000000009f200000, 0x000000009f300000, 0x000000009f300000|100%| E|CS|TAMS 0x000000009f200000| PB 0x000000009f200000| Complete 
| 453|0x000000009f300000, 0x000000009f400000, 0x000000009f400000|100%| E|CS|TAMS 0x000000009f300000| PB 0x000000009f300000| Complete 
| 454|0x000000009f400000, 0x000000009f500000, 0x000000009f500000|100%| E|CS|TAMS 0x000000009f400000| PB 0x000000009f400000| Complete 
| 455|0x000000009f500000, 0x000000009f600000, 0x000000009f600000|100%| E|CS|TAMS 0x000000009f500000| PB 0x000000009f500000| Complete 
| 456|0x000000009f600000, 0x000000009f700000, 0x000000009f700000|100%| E|CS|TAMS 0x000000009f600000| PB 0x000000009f600000| Complete 
| 457|0x000000009f700000, 0x000000009f800000, 0x000000009f800000|100%| E|CS|TAMS 0x000000009f700000| PB 0x000000009f700000| Complete 
| 458|0x000000009f800000, 0x000000009f900000, 0x000000009f900000|100%| E|CS|TAMS 0x000000009f800000| PB 0x000000009f800000| Complete 
| 459|0x000000009f900000, 0x000000009fa00000, 0x000000009fa00000|100%| E|CS|TAMS 0x000000009f900000| PB 0x000000009f900000| Complete 
| 460|0x000000009fa00000, 0x000000009fb00000, 0x000000009fb00000|100%| E|CS|TAMS 0x000000009fa00000| PB 0x000000009fa00000| Complete 
| 461|0x000000009fb00000, 0x000000009fc00000, 0x000000009fc00000|100%| E|CS|TAMS 0x000000009fb00000| PB 0x000000009fb00000| Complete 
| 462|0x000000009fc00000, 0x000000009fd00000, 0x000000009fd00000|100%| E|CS|TAMS 0x000000009fc00000| PB 0x000000009fc00000| Complete 
| 463|0x000000009fd00000, 0x000000009fe00000, 0x000000009fe00000|100%| E|CS|TAMS 0x000000009fd00000| PB 0x000000009fd00000| Complete 
| 464|0x000000009fe00000, 0x000000009ff00000, 0x000000009ff00000|100%| E|CS|TAMS 0x000000009fe00000| PB 0x000000009fe00000| Complete 
| 465|0x000000009ff00000, 0x00000000a0000000, 0x00000000a0000000|100%| E|CS|TAMS 0x000000009ff00000| PB 0x000000009ff00000| Complete 
| 466|0x00000000a0000000, 0x00000000a0100000, 0x00000000a0100000|100%| E|CS|TAMS 0x00000000a0000000| PB 0x00000000a0000000| Complete 
| 467|0x00000000a0100000, 0x00000000a0200000, 0x00000000a0200000|100%| E|CS|TAMS 0x00000000a0100000| PB 0x00000000a0100000| Complete 
| 468|0x00000000a0200000, 0x00000000a0300000, 0x00000000a0300000|100%| E|CS|TAMS 0x00000000a0200000| PB 0x00000000a0200000| Complete 
| 469|0x00000000a0300000, 0x00000000a0400000, 0x00000000a0400000|100%| E|CS|TAMS 0x00000000a0300000| PB 0x00000000a0300000| Complete 
| 470|0x00000000a0400000, 0x00000000a0500000, 0x00000000a0500000|100%| E|CS|TAMS 0x00000000a0400000| PB 0x00000000a0400000| Complete 
| 471|0x00000000a0500000, 0x00000000a0600000, 0x00000000a0600000|100%| E|CS|TAMS 0x00000000a0500000| PB 0x00000000a0500000| Complete 
| 472|0x00000000a0600000, 0x00000000a0700000, 0x00000000a0700000|100%| E|CS|TAMS 0x00000000a0600000| PB 0x00000000a0600000| Complete 
| 473|0x00000000a0700000, 0x00000000a0800000, 0x00000000a0800000|100%| E|CS|TAMS 0x00000000a0700000| PB 0x00000000a0700000| Complete 
| 474|0x00000000a0800000, 0x00000000a0900000, 0x00000000a0900000|100%| E|CS|TAMS 0x00000000a0800000| PB 0x00000000a0800000| Complete 
| 475|0x00000000a0900000, 0x00000000a0a00000, 0x00000000a0a00000|100%| E|CS|TAMS 0x00000000a0900000| PB 0x00000000a0900000| Complete 
| 476|0x00000000a0a00000, 0x00000000a0b00000, 0x00000000a0b00000|100%| E|CS|TAMS 0x00000000a0a00000| PB 0x00000000a0a00000| Complete 
| 477|0x00000000a0b00000, 0x00000000a0c00000, 0x00000000a0c00000|100%| E|CS|TAMS 0x00000000a0b00000| PB 0x00000000a0b00000| Complete 
| 478|0x00000000a0c00000, 0x00000000a0d00000, 0x00000000a0d00000|100%| E|CS|TAMS 0x00000000a0c00000| PB 0x00000000a0c00000| Complete 
| 479|0x00000000a0d00000, 0x00000000a0e00000, 0x00000000a0e00000|100%| E|CS|TAMS 0x00000000a0d00000| PB 0x00000000a0d00000| Complete 
| 480|0x00000000a0e00000, 0x00000000a0f00000, 0x00000000a0f00000|100%| E|CS|TAMS 0x00000000a0e00000| PB 0x00000000a0e00000| Complete 
| 481|0x00000000a0f00000, 0x00000000a1000000, 0x00000000a1000000|100%| E|CS|TAMS 0x00000000a0f00000| PB 0x00000000a0f00000| Complete 
| 482|0x00000000a1000000, 0x00000000a1100000, 0x00000000a1100000|100%| E|CS|TAMS 0x00000000a1000000| PB 0x00000000a1000000| Complete 
| 483|0x00000000a1100000, 0x00000000a1200000, 0x00000000a1200000|100%| E|CS|TAMS 0x00000000a1100000| PB 0x00000000a1100000| Complete 
| 484|0x00000000a1200000, 0x00000000a1300000, 0x00000000a1300000|100%| E|CS|TAMS 0x00000000a1200000| PB 0x00000000a1200000| Complete 
| 485|0x00000000a1300000, 0x00000000a1400000, 0x00000000a1400000|100%| E|CS|TAMS 0x00000000a1300000| PB 0x00000000a1300000| Complete 
| 486|0x00000000a1400000, 0x00000000a1500000, 0x00000000a1500000|100%| E|CS|TAMS 0x00000000a1400000| PB 0x00000000a1400000| Complete 
| 487|0x00000000a1500000, 0x00000000a1600000, 0x00000000a1600000|100%| E|CS|TAMS 0x00000000a1500000| PB 0x00000000a1500000| Complete 
| 488|0x00000000a1600000, 0x00000000a1700000, 0x00000000a1700000|100%| E|CS|TAMS 0x00000000a1600000| PB 0x00000000a1600000| Complete 
| 489|0x00000000a1700000, 0x00000000a1800000, 0x00000000a1800000|100%| E|CS|TAMS 0x00000000a1700000| PB 0x00000000a1700000| Complete 
| 490|0x00000000a1800000, 0x00000000a1900000, 0x00000000a1900000|100%| E|CS|TAMS 0x00000000a1800000| PB 0x00000000a1800000| Complete 
| 491|0x00000000a1900000, 0x00000000a1a00000, 0x00000000a1a00000|100%| E|CS|TAMS 0x00000000a1900000| PB 0x00000000a1900000| Complete 
| 492|0x00000000a1a00000, 0x00000000a1b00000, 0x00000000a1b00000|100%| E|CS|TAMS 0x00000000a1a00000| PB 0x00000000a1a00000| Complete 
| 493|0x00000000a1b00000, 0x00000000a1c00000, 0x00000000a1c00000|100%| E|CS|TAMS 0x00000000a1b00000| PB 0x00000000a1b00000| Complete 
| 494|0x00000000a1c00000, 0x00000000a1d00000, 0x00000000a1d00000|100%| E|CS|TAMS 0x00000000a1c00000| PB 0x00000000a1c00000| Complete 
| 495|0x00000000a1d00000, 0x00000000a1e00000, 0x00000000a1e00000|100%| E|CS|TAMS 0x00000000a1d00000| PB 0x00000000a1d00000| Complete 
| 496|0x00000000a1e00000, 0x00000000a1f00000, 0x00000000a1f00000|100%| E|CS|TAMS 0x00000000a1e00000| PB 0x00000000a1e00000| Complete 
| 497|0x00000000a1f00000, 0x00000000a2000000, 0x00000000a2000000|100%| E|CS|TAMS 0x00000000a1f00000| PB 0x00000000a1f00000| Complete 
| 498|0x00000000a2000000, 0x00000000a2100000, 0x00000000a2100000|100%| E|CS|TAMS 0x00000000a2000000| PB 0x00000000a2000000| Complete 
| 499|0x00000000a2100000, 0x00000000a2200000, 0x00000000a2200000|100%| E|CS|TAMS 0x00000000a2100000| PB 0x00000000a2100000| Complete 
| 500|0x00000000a2200000, 0x00000000a2300000, 0x00000000a2300000|100%| E|CS|TAMS 0x00000000a2200000| PB 0x00000000a2200000| Complete 
| 501|0x00000000a2300000, 0x00000000a2400000, 0x00000000a2400000|100%| E|CS|TAMS 0x00000000a2300000| PB 0x00000000a2300000| Complete 
| 502|0x00000000a2400000, 0x00000000a2500000, 0x00000000a2500000|100%| E|CS|TAMS 0x00000000a2400000| PB 0x00000000a2400000| Complete 
| 503|0x00000000a2500000, 0x00000000a2600000, 0x00000000a2600000|100%| E|CS|TAMS 0x00000000a2500000| PB 0x00000000a2500000| Complete 
| 504|0x00000000a2600000, 0x00000000a2700000, 0x00000000a2700000|100%| E|CS|TAMS 0x00000000a2600000| PB 0x00000000a2600000| Complete 
| 505|0x00000000a2700000, 0x00000000a2800000, 0x00000000a2800000|100%| E|CS|TAMS 0x00000000a2700000| PB 0x00000000a2700000| Complete 
| 506|0x00000000a2800000, 0x00000000a2900000, 0x00000000a2900000|100%| E|CS|TAMS 0x00000000a2800000| PB 0x00000000a2800000| Complete 
| 507|0x00000000a2900000, 0x00000000a2a00000, 0x00000000a2a00000|100%| E|CS|TAMS 0x00000000a2900000| PB 0x00000000a2900000| Complete 
| 508|0x00000000a2a00000, 0x00000000a2b00000, 0x00000000a2b00000|100%| E|CS|TAMS 0x00000000a2a00000| PB 0x00000000a2a00000| Complete 
| 509|0x00000000a2b00000, 0x00000000a2c00000, 0x00000000a2c00000|100%| E|CS|TAMS 0x00000000a2b00000| PB 0x00000000a2b00000| Complete 
| 510|0x00000000a2c00000, 0x00000000a2d00000, 0x00000000a2d00000|100%| E|CS|TAMS 0x00000000a2c00000| PB 0x00000000a2c00000| Complete 
| 511|0x00000000a2d00000, 0x00000000a2e00000, 0x00000000a2e00000|100%| E|CS|TAMS 0x00000000a2d00000| PB 0x00000000a2d00000| Complete 
| 512|0x00000000a2e00000, 0x00000000a2f00000, 0x00000000a2f00000|100%| E|CS|TAMS 0x00000000a2e00000| PB 0x00000000a2e00000| Complete 
| 513|0x00000000a2f00000, 0x00000000a3000000, 0x00000000a3000000|100%| E|CS|TAMS 0x00000000a2f00000| PB 0x00000000a2f00000| Complete 
| 514|0x00000000a3000000, 0x00000000a3100000, 0x00000000a3100000|100%| E|CS|TAMS 0x00000000a3000000| PB 0x00000000a3000000| Complete 
| 515|0x00000000a3100000, 0x00000000a3200000, 0x00000000a3200000|100%| E|CS|TAMS 0x00000000a3100000| PB 0x00000000a3100000| Complete 
| 516|0x00000000a3200000, 0x00000000a3300000, 0x00000000a3300000|100%| E|CS|TAMS 0x00000000a3200000| PB 0x00000000a3200000| Complete 
| 517|0x00000000a3300000, 0x00000000a3400000, 0x00000000a3400000|100%| E|CS|TAMS 0x00000000a3300000| PB 0x00000000a3300000| Complete 
| 518|0x00000000a3400000, 0x00000000a3500000, 0x00000000a3500000|100%| E|CS|TAMS 0x00000000a3400000| PB 0x00000000a3400000| Complete 
| 519|0x00000000a3500000, 0x00000000a3600000, 0x00000000a3600000|100%| E|CS|TAMS 0x00000000a3500000| PB 0x00000000a3500000| Complete 
| 520|0x00000000a3600000, 0x00000000a3700000, 0x00000000a3700000|100%| E|CS|TAMS 0x00000000a3600000| PB 0x00000000a3600000| Complete 
| 521|0x00000000a3700000, 0x00000000a3800000, 0x00000000a3800000|100%| E|CS|TAMS 0x00000000a3700000| PB 0x00000000a3700000| Complete 
| 522|0x00000000a3800000, 0x00000000a3900000, 0x00000000a3900000|100%| E|CS|TAMS 0x00000000a3800000| PB 0x00000000a3800000| Complete 
| 523|0x00000000a3900000, 0x00000000a3a00000, 0x00000000a3a00000|100%| E|CS|TAMS 0x00000000a3900000| PB 0x00000000a3900000| Complete 
| 524|0x00000000a3a00000, 0x00000000a3b00000, 0x00000000a3b00000|100%| E|CS|TAMS 0x00000000a3a00000| PB 0x00000000a3a00000| Complete 
| 525|0x00000000a3b00000, 0x00000000a3c00000, 0x00000000a3c00000|100%| E|CS|TAMS 0x00000000a3b00000| PB 0x00000000a3b00000| Complete 
| 526|0x00000000a3c00000, 0x00000000a3d00000, 0x00000000a3d00000|100%| E|CS|TAMS 0x00000000a3c00000| PB 0x00000000a3c00000| Complete 
| 527|0x00000000a3d00000, 0x00000000a3e00000, 0x00000000a3e00000|100%| E|CS|TAMS 0x00000000a3d00000| PB 0x00000000a3d00000| Complete 
| 528|0x00000000a3e00000, 0x00000000a3f00000, 0x00000000a3f00000|100%| E|CS|TAMS 0x00000000a3e00000| PB 0x00000000a3e00000| Complete 
| 529|0x00000000a3f00000, 0x00000000a4000000, 0x00000000a4000000|100%| E|CS|TAMS 0x00000000a3f00000| PB 0x00000000a3f00000| Complete 
| 530|0x00000000a4000000, 0x00000000a4100000, 0x00000000a4100000|100%| E|CS|TAMS 0x00000000a4000000| PB 0x00000000a4000000| Complete 
| 531|0x00000000a4100000, 0x00000000a4200000, 0x00000000a4200000|100%| E|CS|TAMS 0x00000000a4100000| PB 0x00000000a4100000| Complete 
| 532|0x00000000a4200000, 0x00000000a4300000, 0x00000000a4300000|100%| E|CS|TAMS 0x00000000a4200000| PB 0x00000000a4200000| Complete 
| 533|0x00000000a4300000, 0x00000000a4400000, 0x00000000a4400000|100%| E|CS|TAMS 0x00000000a4300000| PB 0x00000000a4300000| Complete 
| 534|0x00000000a4400000, 0x00000000a4500000, 0x00000000a4500000|100%| E|CS|TAMS 0x00000000a4400000| PB 0x00000000a4400000| Complete 
| 535|0x00000000a4500000, 0x00000000a4600000, 0x00000000a4600000|100%| E|CS|TAMS 0x00000000a4500000| PB 0x00000000a4500000| Complete 
| 536|0x00000000a4600000, 0x00000000a4700000, 0x00000000a4700000|100%| E|CS|TAMS 0x00000000a4600000| PB 0x00000000a4600000| Complete 
| 537|0x00000000a4700000, 0x00000000a4800000, 0x00000000a4800000|100%| E|CS|TAMS 0x00000000a4700000| PB 0x00000000a4700000| Complete 
| 538|0x00000000a4800000, 0x00000000a4900000, 0x00000000a4900000|100%| E|CS|TAMS 0x00000000a4800000| PB 0x00000000a4800000| Complete 
| 539|0x00000000a4900000, 0x00000000a4a00000, 0x00000000a4a00000|100%| E|CS|TAMS 0x00000000a4900000| PB 0x00000000a4900000| Complete 
| 540|0x00000000a4a00000, 0x00000000a4b00000, 0x00000000a4b00000|100%| E|CS|TAMS 0x00000000a4a00000| PB 0x00000000a4a00000| Complete 
| 541|0x00000000a4b00000, 0x00000000a4c00000, 0x00000000a4c00000|100%| E|CS|TAMS 0x00000000a4b00000| PB 0x00000000a4b00000| Complete 
| 542|0x00000000a4c00000, 0x00000000a4d00000, 0x00000000a4d00000|100%| E|CS|TAMS 0x00000000a4c00000| PB 0x00000000a4c00000| Complete 
| 543|0x00000000a4d00000, 0x00000000a4e00000, 0x00000000a4e00000|100%| E|CS|TAMS 0x00000000a4d00000| PB 0x00000000a4d00000| Complete 
| 544|0x00000000a4e00000, 0x00000000a4f00000, 0x00000000a4f00000|100%| E|CS|TAMS 0x00000000a4e00000| PB 0x00000000a4e00000| Complete 
| 545|0x00000000a4f00000, 0x00000000a5000000, 0x00000000a5000000|100%| E|CS|TAMS 0x00000000a4f00000| PB 0x00000000a4f00000| Complete 
| 546|0x00000000a5000000, 0x00000000a5100000, 0x00000000a5100000|100%| E|CS|TAMS 0x00000000a5000000| PB 0x00000000a5000000| Complete 
| 547|0x00000000a5100000, 0x00000000a5200000, 0x00000000a5200000|100%| E|CS|TAMS 0x00000000a5100000| PB 0x00000000a5100000| Complete 
| 548|0x00000000a5200000, 0x00000000a5300000, 0x00000000a5300000|100%| E|CS|TAMS 0x00000000a5200000| PB 0x00000000a5200000| Complete 
| 549|0x00000000a5300000, 0x00000000a5400000, 0x00000000a5400000|100%| E|CS|TAMS 0x00000000a5300000| PB 0x00000000a5300000| Complete 
| 550|0x00000000a5400000, 0x00000000a5500000, 0x00000000a5500000|100%| E|CS|TAMS 0x00000000a5400000| PB 0x00000000a5400000| Complete 
| 551|0x00000000a5500000, 0x00000000a5600000, 0x00000000a5600000|100%| E|CS|TAMS 0x00000000a5500000| PB 0x00000000a5500000| Complete 
| 552|0x00000000a5600000, 0x00000000a5700000, 0x00000000a5700000|100%| E|CS|TAMS 0x00000000a5600000| PB 0x00000000a5600000| Complete 
| 553|0x00000000a5700000, 0x00000000a5800000, 0x00000000a5800000|100%| E|CS|TAMS 0x00000000a5700000| PB 0x00000000a5700000| Complete 
| 554|0x00000000a5800000, 0x00000000a5900000, 0x00000000a5900000|100%| E|CS|TAMS 0x00000000a5800000| PB 0x00000000a5800000| Complete 
| 555|0x00000000a5900000, 0x00000000a5a00000, 0x00000000a5a00000|100%| E|CS|TAMS 0x00000000a5900000| PB 0x00000000a5900000| Complete 
| 556|0x00000000a5a00000, 0x00000000a5b00000, 0x00000000a5b00000|100%| E|CS|TAMS 0x00000000a5a00000| PB 0x00000000a5a00000| Complete 
| 557|0x00000000a5b00000, 0x00000000a5c00000, 0x00000000a5c00000|100%| E|CS|TAMS 0x00000000a5b00000| PB 0x00000000a5b00000| Complete 
| 558|0x00000000a5c00000, 0x00000000a5d00000, 0x00000000a5d00000|100%| E|CS|TAMS 0x00000000a5c00000| PB 0x00000000a5c00000| Complete 
| 559|0x00000000a5d00000, 0x00000000a5e00000, 0x00000000a5e00000|100%| E|CS|TAMS 0x00000000a5d00000| PB 0x00000000a5d00000| Complete 
| 560|0x00000000a5e00000, 0x00000000a5f00000, 0x00000000a5f00000|100%| E|CS|TAMS 0x00000000a5e00000| PB 0x00000000a5e00000| Complete 
| 561|0x00000000a5f00000, 0x00000000a6000000, 0x00000000a6000000|100%| E|CS|TAMS 0x00000000a5f00000| PB 0x00000000a5f00000| Complete 
| 562|0x00000000a6000000, 0x00000000a6100000, 0x00000000a6100000|100%| E|CS|TAMS 0x00000000a6000000| PB 0x00000000a6000000| Complete 
| 563|0x00000000a6100000, 0x00000000a6200000, 0x00000000a6200000|100%| E|CS|TAMS 0x00000000a6100000| PB 0x00000000a6100000| Complete 
| 564|0x00000000a6200000, 0x00000000a6300000, 0x00000000a6300000|100%| E|CS|TAMS 0x00000000a6200000| PB 0x00000000a6200000| Complete 
| 565|0x00000000a6300000, 0x00000000a6400000, 0x00000000a6400000|100%| E|CS|TAMS 0x00000000a6300000| PB 0x00000000a6300000| Complete 
| 566|0x00000000a6400000, 0x00000000a6500000, 0x00000000a6500000|100%| E|CS|TAMS 0x00000000a6400000| PB 0x00000000a6400000| Complete 
| 567|0x00000000a6500000, 0x00000000a6600000, 0x00000000a6600000|100%| E|CS|TAMS 0x00000000a6500000| PB 0x00000000a6500000| Complete 
| 673|0x00000000acf00000, 0x00000000acf46b28, 0x00000000ad000000| 27%| S|CS|TAMS 0x00000000acf00000| PB 0x00000000acf00000| Complete 
| 674|0x00000000ad000000, 0x00000000ad100000, 0x00000000ad100000|100%| S|CS|TAMS 0x00000000ad000000| PB 0x00000000ad000000| Complete 
| 675|0x00000000ad100000, 0x00000000ad200000, 0x00000000ad200000|100%| S|CS|TAMS 0x00000000ad100000| PB 0x00000000ad100000| Complete 
| 676|0x00000000ad200000, 0x00000000ad300000, 0x00000000ad300000|100%| S|CS|TAMS 0x00000000ad200000| PB 0x00000000ad200000| Complete 
| 677|0x00000000ad300000, 0x00000000ad400000, 0x00000000ad400000|100%| S|CS|TAMS 0x00000000ad300000| PB 0x00000000ad300000| Complete 
| 678|0x00000000ad400000, 0x00000000ad500000, 0x00000000ad500000|100%| S|CS|TAMS 0x00000000ad400000| PB 0x00000000ad400000| Complete 
| 679|0x00000000ad500000, 0x00000000ad600000, 0x00000000ad600000|100%| S|CS|TAMS 0x00000000ad500000| PB 0x00000000ad500000| Complete 
| 680|0x00000000ad600000, 0x00000000ad700000, 0x00000000ad700000|100%| S|CS|TAMS 0x00000000ad600000| PB 0x00000000ad600000| Complete 
| 681|0x00000000ad700000, 0x00000000ad800000, 0x00000000ad800000|100%| S|CS|TAMS 0x00000000ad700000| PB 0x00000000ad700000| Complete 
| 682|0x00000000ad800000, 0x00000000ad900000, 0x00000000ad900000|100%| S|CS|TAMS 0x00000000ad800000| PB 0x00000000ad800000| Complete 
| 683|0x00000000ad900000, 0x00000000ada00000, 0x00000000ada00000|100%| S|CS|TAMS 0x00000000ad900000| PB 0x00000000ad900000| Complete 
| 684|0x00000000ada00000, 0x00000000adb00000, 0x00000000adb00000|100%| S|CS|TAMS 0x00000000ada00000| PB 0x00000000ada00000| Complete 
| 685|0x00000000adb00000, 0x00000000adc00000, 0x00000000adc00000|100%| S|CS|TAMS 0x00000000adb00000| PB 0x00000000adb00000| Complete 
| 686|0x00000000adc00000, 0x00000000add00000, 0x00000000add00000|100%| S|CS|TAMS 0x00000000adc00000| PB 0x00000000adc00000| Complete 
| 687|0x00000000add00000, 0x00000000ade00000, 0x00000000ade00000|100%| S|CS|TAMS 0x00000000add00000| PB 0x00000000add00000| Complete 
| 688|0x00000000ade00000, 0x00000000adf00000, 0x00000000adf00000|100%| S|CS|TAMS 0x00000000ade00000| PB 0x00000000ade00000| Complete 
| 689|0x00000000adf00000, 0x00000000ae000000, 0x00000000ae000000|100%| S|CS|TAMS 0x00000000adf00000| PB 0x00000000adf00000| Complete 
| 957|0x00000000beb00000, 0x00000000bec00000, 0x00000000bec00000|100%| E|CS|TAMS 0x00000000beb00000| PB 0x00000000beb00000| Complete 
| 958|0x00000000bec00000, 0x00000000bed00000, 0x00000000bed00000|100%| E|CS|TAMS 0x00000000bec00000| PB 0x00000000bec00000| Complete 
| 959|0x00000000bed00000, 0x00000000bee00000, 0x00000000bee00000|100%| E|CS|TAMS 0x00000000bed00000| PB 0x00000000bed00000| Complete 
| 960|0x00000000bee00000, 0x00000000bef00000, 0x00000000bef00000|100%| E|CS|TAMS 0x00000000bee00000| PB 0x00000000bee00000| Complete 
| 961|0x00000000bef00000, 0x00000000bf000000, 0x00000000bf000000|100%| E|CS|TAMS 0x00000000bef00000| PB 0x00000000bef00000| Complete 
| 962|0x00000000bf000000, 0x00000000bf100000, 0x00000000bf100000|100%| E|CS|TAMS 0x00000000bf000000| PB 0x00000000bf000000| Complete 
| 963|0x00000000bf100000, 0x00000000bf200000, 0x00000000bf200000|100%| E|CS|TAMS 0x00000000bf100000| PB 0x00000000bf100000| Complete 
| 964|0x00000000bf200000, 0x00000000bf300000, 0x00000000bf300000|100%| E|CS|TAMS 0x00000000bf200000| PB 0x00000000bf200000| Complete 
| 965|0x00000000bf300000, 0x00000000bf400000, 0x00000000bf400000|100%| E|CS|TAMS 0x00000000bf300000| PB 0x00000000bf300000| Complete 
| 966|0x00000000bf400000, 0x00000000bf500000, 0x00000000bf500000|100%| E|CS|TAMS 0x00000000bf400000| PB 0x00000000bf400000| Complete 
| 967|0x00000000bf500000, 0x00000000bf600000, 0x00000000bf600000|100%| E|CS|TAMS 0x00000000bf500000| PB 0x00000000bf500000| Complete 
| 968|0x00000000bf600000, 0x00000000bf700000, 0x00000000bf700000|100%| E|CS|TAMS 0x00000000bf600000| PB 0x00000000bf600000| Complete 
| 969|0x00000000bf700000, 0x00000000bf800000, 0x00000000bf800000|100%| E|CS|TAMS 0x00000000bf700000| PB 0x00000000bf700000| Complete 
| 970|0x00000000bf800000, 0x00000000bf900000, 0x00000000bf900000|100%| E|CS|TAMS 0x00000000bf800000| PB 0x00000000bf800000| Complete 
| 971|0x00000000bf900000, 0x00000000bfa00000, 0x00000000bfa00000|100%| E|CS|TAMS 0x00000000bf900000| PB 0x00000000bf900000| Complete 
| 972|0x00000000bfa00000, 0x00000000bfb00000, 0x00000000bfb00000|100%| E|CS|TAMS 0x00000000bfa00000| PB 0x00000000bfa00000| Complete 
| 973|0x00000000bfb00000, 0x00000000bfc00000, 0x00000000bfc00000|100%| E|CS|TAMS 0x00000000bfb00000| PB 0x00000000bfb00000| Complete 
|1969|0x00000000fdf00000, 0x00000000fe000000, 0x00000000fe000000|100%| O|Cm|TAMS 0x00000000fdf00000| PB 0x00000000fdf00000| Complete 
|1970|0x00000000fe000000, 0x00000000fe100000, 0x00000000fe100000|100%| O|Cm|TAMS 0x00000000fe000000| PB 0x00000000fe000000| Complete 
|1971|0x00000000fe100000, 0x00000000fe200000, 0x00000000fe200000|100%| O|Cm|TAMS 0x00000000fe100000| PB 0x00000000fe100000| Complete 
|1972|0x00000000fe200000, 0x00000000fe300000, 0x00000000fe300000|100%| O|Cm|TAMS 0x00000000fe200000| PB 0x00000000fe200000| Complete 
|1973|0x00000000fe300000, 0x00000000fe400000, 0x00000000fe400000|100%| O|Cm|TAMS 0x00000000fe300000| PB 0x00000000fe300000| Complete 
|1974|0x00000000fe400000, 0x00000000fe500000, 0x00000000fe500000|100%| O|Cm|TAMS 0x00000000fe400000| PB 0x00000000fe400000| Complete 
|1975|0x00000000fe500000, 0x00000000fe600000, 0x00000000fe600000|100%| O|Cm|TAMS 0x00000000fe500000| PB 0x00000000fe500000| Complete 
|1976|0x00000000fe600000, 0x00000000fe700000, 0x00000000fe700000|100%| O|Cm|TAMS 0x00000000fe600000| PB 0x00000000fe600000| Complete 
|1977|0x00000000fe700000, 0x00000000fe800000, 0x00000000fe800000|100%| O|Cm|TAMS 0x00000000fe700000| PB 0x00000000fe700000| Complete 
|1978|0x00000000fe800000, 0x00000000fe900000, 0x00000000fe900000|100%| O|Cm|TAMS 0x00000000fe800000| PB 0x00000000fe800000| Complete 
|1979|0x00000000fe900000, 0x00000000fea00000, 0x00000000fea00000|100%| O|Cm|TAMS 0x00000000fe900000| PB 0x00000000fe900000| Complete 
|1980|0x00000000fea00000, 0x00000000feb00000, 0x00000000feb00000|100%| O|Cm|TAMS 0x00000000fea00000| PB 0x00000000fea00000| Complete 
|1981|0x00000000feb00000, 0x00000000fec00000, 0x00000000fec00000|100%| O|Cm|TAMS 0x00000000feb00000| PB 0x00000000feb00000| Complete 
|1984|0x00000000fee00000, 0x00000000fef00000, 0x00000000fef00000|100%| O|Cm|TAMS 0x00000000fee00000| PB 0x00000000fee00000| Complete 
|1985|0x00000000fef00000, 0x00000000ff000000, 0x00000000ff000000|100%| O|  |TAMS 0x00000000fef00000| PB 0x00000000fef00000| Untracked 
|1986|0x00000000ff000000, 0x00000000ff100000, 0x00000000ff100000|100%| O|  |TAMS 0x00000000ff000000| PB 0x00000000ff000000| Untracked 
|1987|0x00000000ff100000, 0x00000000ff200000, 0x00000000ff200000|100%| O|  |TAMS 0x00000000ff100000| PB 0x00000000ff100000| Untracked 
|1988|0x00000000ff200000, 0x00000000ff300000, 0x00000000ff300000|100%| O|  |TAMS 0x00000000ff200000| PB 0x00000000ff200000| Untracked 
|1989|0x00000000ff300000, 0x00000000ff400000, 0x00000000ff400000|100%| O|  |TAMS 0x00000000ff300000| PB 0x00000000ff300000| Untracked 
|1991|0x00000000ff500000, 0x00000000ff600000, 0x00000000ff600000|100%| O|  |TAMS 0x00000000ff500000| PB 0x00000000ff500000| Untracked 
|1992|0x00000000ff600000, 0x00000000ff700000, 0x00000000ff700000|100%| O|Cm|TAMS 0x00000000ff600000| PB 0x00000000ff600000| Complete 
|1993|0x00000000ff700000, 0x00000000ff800000, 0x00000000ff800000|100%| O|Cm|TAMS 0x00000000ff700000| PB 0x00000000ff700000| Complete 

Card table byte_map: [0x00000276382f0000,0x00000276386e0000] _byte_map_base: 0x0000027637ed9000

Marking Bits: (CMBitMap*) 0x00000276205b0ed0
 Bits: [0x00000276386e0000, 0x000002763a628000)

Polling page: 0x000002761fd10000

Metaspace:

Usage:
  Non-class:     69.07 MB used.
      Class:      9.41 MB used.
       Both:     78.48 MB used.

Virtual space:
  Non-class space:      128.00 MB reserved,      69.56 MB ( 54%) committed,  2 nodes.
      Class space:        1.00 GB reserved,       9.94 MB ( <1%) committed,  1 nodes.
             Both:        1.12 GB reserved,      79.50 MB (  7%) committed. 

Chunk freelists:
   Non-Class:  9.71 MB
       Class:  6.02 MB
        Both:  15.72 MB

MaxMetaspaceSize: unlimited
CompressedClassSpaceSize: 1.00 GB
Initial GC threshold: 21.00 MB
Current GC threshold: 132.50 MB
CDS: on
 - commit_granule_bytes: 65536.
 - commit_granule_words: 8192.
 - virtual_space_node_default_size: 8388608.
 - enlarge_chunks_in_place: 1.
 - use_allocation_guard: 0.


Internal statistics:

num_allocs_failed_limit: 6.
num_arena_births: 2322.
num_arena_deaths: 412.
num_vsnodes_births: 3.
num_vsnodes_deaths: 0.
num_space_committed: 1272.
num_space_uncommitted: 0.
num_chunks_returned_to_freelist: 503.
num_chunks_taken_from_freelist: 6007.
num_chunk_merges: 128.
num_chunk_splits: 3832.
num_chunks_enlarged: 2494.
num_inconsistent_stats: 0.

CodeHeap 'non-profiled nmethods': size=120000Kb used=12822Kb max_used=13125Kb free=107177Kb
 bounds [0x0000027630480000, 0x0000027631190000, 0x00000276379b0000]
CodeHeap 'profiled nmethods': size=120000Kb used=20352Kb max_used=29649Kb free=99647Kb
 bounds [0x00000276289b0000, 0x000002762a6b0000, 0x000002762fee0000]
CodeHeap 'non-nmethods': size=5760Kb used=1649Kb max_used=1784Kb free=4110Kb
 bounds [0x000002762fee0000, 0x0000027630150000, 0x0000027630480000]
 total_blobs=11144 nmethods=10452 adapters=594
 compilation: enabled
              stopped_count=0, restarted_count=0
 full_count=0

Compilation events (20 events):
Event: 15586.004 Thread 0x000002760489b3a0 nmethod 19161 0x00000276309e8e90 code [0x00000276309e9020, 0x00000276309e9210]
Event: 15586.004 Thread 0x000002760489b3a0 19163       4       org.apache.catalina.connector.Request::getHeaderNames (11 bytes)
Event: 15586.019 Thread 0x000002760489b3a0 nmethod 19163 0x0000027630839290 code [0x0000027630839500, 0x0000027630839ff0]
Event: 15586.019 Thread 0x000002760489b3a0 19162       4       org.springframework.data.repository.core.support.RepositoryMethodInvoker$RepositoryMethodInvocationCaptor::captureInvocationOn (17 bytes)
Event: 15586.023 Thread 0x000002760489b3a0 nmethod 19162 0x00000276306d0210 code [0x00000276306d03a0, 0x00000276306d06f0]
Event: 15586.023 Thread 0x000002760489b3a0 19169       4       org.springframework.util.MultiValueMapAdapter::keySet (10 bytes)
Event: 15586.027 Thread 0x000002760489b3a0 nmethod 19169 0x00000276307e4010 code [0x00000276307e41e0, 0x00000276307e4840]
Event: 15586.027 Thread 0x000002760489b3a0 19170       4       org.apache.coyote.http11.Http11InputBuffer::nextRequest (141 bytes)
Event: 15586.033 Thread 0x000002760489b3a0 nmethod 19170 0x000002763099be90 code [0x000002763099c060, 0x000002763099c580]
Event: 15586.033 Thread 0x000002760489b3a0 19167       4       com.fasterxml.jackson.databind.ObjectWriter$GeneratorSettings::initialize (102 bytes)
Event: 15586.034 Thread 0x000002760489b3a0 nmethod 19167 0x00000276309cb110 code [0x00000276309cb2a0, 0x00000276309cb3b8]
Event: 15586.034 Thread 0x000002760489b3a0 19171       4       org.springframework.web.context.request.async.StandardServletAsyncWebRequest::<init> (51 bytes)
Event: 15586.045 Thread 0x000002760489b3a0 nmethod 19171 0x00000276306bed10 code [0x00000276306bef20, 0x00000276306bfb28]
Event: 15586.045 Thread 0x000002760489b3a0 19172       4       org.springframework.data.repository.core.support.QueryExecutorMethodInterceptor::invoke (48 bytes)
Event: 15586.055 Thread 0x000002763d2aa720 nmethod 19157 0x0000027631176310 code [0x0000027631176a40, 0x000002763117b930]
Event: 15586.055 Thread 0x000002763d2aa720 19173       4       org.springframework.web.servlet.handler.WebRequestHandlerInterceptorAdapter::preHandle (20 bytes)
Event: 15586.147 Thread 0x000002760489b3a0 nmethod 19172 0x000002763117e710 code [0x000002763117ed40, 0x0000027631182628]
Event: 15586.148 Thread 0x000002760489b3a0 19176       4       java.util.HashMap$HashIterator::remove (75 bytes)
Event: 15586.161 Thread 0x000002760489b3a0 nmethod 19176 0x00000276304fc490 code [0x00000276304fc680, 0x00000276304fcea8]
Event: 15586.161 Thread 0x000002760489b3a0 19174   !   4       org.springframework.orm.jpa.support.OpenEntityManagerInViewInterceptor::preHandle (171 bytes)

GC Heap History (20 events):
Event: 15571.443 GC heap before
{Heap before GC invocations=45 (full 0):
 garbage-first heap   total 128000K, used 112262K [0x0000000082e00000, 0x0000000100000000)
  region size 1024K, 29 young (29696K), 5 survivors (5120K)
 Metaspace       used 79985K, committed 81024K, reserved 1179648K
  class space    used 9629K, committed 10176K, reserved 1048576K
}
Event: 15571.452 GC heap after
{Heap after GC invocations=46 (full 0):
 garbage-first heap   total 135168K, used 105302K [0x0000000082e00000, 0x0000000100000000)
  region size 1024K, 4 young (4096K), 4 survivors (4096K)
 Metaspace       used 79985K, committed 81024K, reserved 1179648K
  class space    used 9629K, committed 10176K, reserved 1048576K
}
Event: 15571.459 GC heap before
{Heap before GC invocations=46 (full 0):
 garbage-first heap   total 135168K, used 117590K [0x0000000082e00000, 0x0000000100000000)
  region size 1024K, 16 young (16384K), 4 survivors (4096K)
 Metaspace       used 79985K, committed 81024K, reserved 1179648K
  class space    used 9629K, committed 10176K, reserved 1048576K
}
Event: 15571.465 GC heap after
{Heap after GC invocations=47 (full 0):
 garbage-first heap   total 135168K, used 118449K [0x0000000082e00000, 0x0000000100000000)
  region size 1024K, 2 young (2048K), 2 survivors (2048K)
 Metaspace       used 79985K, committed 81024K, reserved 1179648K
  class space    used 9629K, committed 10176K, reserved 1048576K
}
Event: 15571.471 GC heap before
{Heap before GC invocations=47 (full 0):
 garbage-first heap   total 135168K, used 123569K [0x0000000082e00000, 0x0000000100000000)
  region size 1024K, 7 young (7168K), 2 survivors (2048K)
 Metaspace       used 79985K, committed 81024K, reserved 1179648K
  class space    used 9629K, committed 10176K, reserved 1048576K
}
Event: 15571.474 GC heap after
{Heap after GC invocations=48 (full 0):
 garbage-first heap   total 135168K, used 124928K [0x0000000082e00000, 0x0000000100000000)
  region size 1024K, 1 young (1024K), 1 survivors (1024K)
 Metaspace       used 79985K, committed 81024K, reserved 1179648K
  class space    used 9629K, committed 10176K, reserved 1048576K
}
Event: 15571.479 GC heap before
{Heap before GC invocations=48 (full 0):
 garbage-first heap   total 135168K, used 130048K [0x0000000082e00000, 0x0000000100000000)
  region size 1024K, 6 young (6144K), 1 survivors (1024K)
 Metaspace       used 79985K, committed 81024K, reserved 1179648K
  class space    used 9629K, committed 10176K, reserved 1048576K
}
Event: 15571.485 GC heap after
{Heap after GC invocations=49 (full 0):
 garbage-first heap   total 411648K, used 130655K [0x0000000082e00000, 0x0000000100000000)
  region size 1024K, 1 young (1024K), 1 survivors (1024K)
 Metaspace       used 79985K, committed 81024K, reserved 1179648K
  class space    used 9629K, committed 10176K, reserved 1048576K
}
Event: 15572.341 GC heap before
{Heap before GC invocations=50 (full 0):
 garbage-first heap   total 411648K, used 343647K [0x0000000082e00000, 0x0000000100000000)
  region size 1024K, 209 young (214016K), 1 survivors (1024K)
 Metaspace       used 80033K, committed 81024K, reserved 1179648K
  class space    used 9624K, committed 10176K, reserved 1048576K
}
Event: 15572.392 GC heap after
{Heap after GC invocations=51 (full 0):
 garbage-first heap   total 424960K, used 210944K [0x0000000082e00000, 0x0000000100000000)
  region size 1024K, 27 young (27648K), 27 survivors (27648K)
 Metaspace       used 80033K, committed 81024K, reserved 1179648K
  class space    used 9624K, committed 10176K, reserved 1048576K
}
Event: 15572.397 GC heap before
{Heap before GC invocations=51 (full 0):
 garbage-first heap   total 424960K, used 211968K [0x0000000082e00000, 0x0000000100000000)
  region size 1024K, 28 young (28672K), 27 survivors (27648K)
 Metaspace       used 80033K, committed 81024K, reserved 1179648K
  class space    used 9624K, committed 10176K, reserved 1048576K
}
Event: 15572.414 GC heap after
{Heap after GC invocations=52 (full 0):
 garbage-first heap   total 424960K, used 216576K [0x0000000082e00000, 0x0000000100000000)
  region size 1024K, 3 young (3072K), 3 survivors (3072K)
 Metaspace       used 80033K, committed 81024K, reserved 1179648K
  class space    used 9624K, committed 10176K, reserved 1048576K
}
Event: 15572.722 GC heap before
{Heap before GC invocations=52 (full 0):
 garbage-first heap   total 424960K, used 313856K [0x0000000082e00000, 0x0000000100000000)
  region size 1024K, 98 young (100352K), 3 survivors (3072K)
 Metaspace       used 80041K, committed 81024K, reserved 1179648K
  class space    used 9625K, committed 10176K, reserved 1048576K
}
Event: 15572.739 GC heap after
{Heap after GC invocations=53 (full 0):
 garbage-first heap   total 424960K, used 235008K [0x0000000082e00000, 0x0000000100000000)
  region size 1024K, 13 young (13312K), 13 survivors (13312K)
 Metaspace       used 80041K, committed 81024K, reserved 1179648K
  class space    used 9625K, committed 10176K, reserved 1048576K
}
Event: 15572.882 GC heap before
{Heap before GC invocations=53 (full 0):
 garbage-first heap   total 424960K, used 330240K [0x0000000082e00000, 0x0000000100000000)
  region size 1024K, 106 young (108544K), 13 survivors (13312K)
 Metaspace       used 80041K, committed 81024K, reserved 1179648K
  class space    used 9625K, committed 10176K, reserved 1048576K
}
Event: 15572.903 GC heap after
{Heap after GC invocations=54 (full 0):
 garbage-first heap   total 424960K, used 254976K [0x0000000082e00000, 0x0000000100000000)
  region size 1024K, 14 young (14336K), 14 survivors (14336K)
 Metaspace       used 80041K, committed 81024K, reserved 1179648K
  class space    used 9625K, committed 10176K, reserved 1048576K
}
Event: 15573.428 GC heap before
{Heap before GC invocations=54 (full 0):
 garbage-first heap   total 424960K, used 350208K [0x0000000082e00000, 0x0000000100000000)
  region size 1024K, 107 young (109568K), 14 survivors (14336K)
 Metaspace       used 80124K, committed 81216K, reserved 1179648K
  class space    used 9634K, committed 10176K, reserved 1048576K
}
Event: 15573.458 GC heap after
{Heap after GC invocations=55 (full 0):
 garbage-first heap   total 1031168K, used 273408K [0x0000000082e00000, 0x0000000100000000)
  region size 1024K, 14 young (14336K), 14 survivors (14336K)
 Metaspace       used 80124K, committed 81216K, reserved 1179648K
  class space    used 9634K, committed 10176K, reserved 1048576K
}
Event: 15580.756 GC heap before
{Heap before GC invocations=55 (full 0):
 garbage-first heap   total 1031168K, used 564224K [0x0000000082e00000, 0x0000000100000000)
  region size 1024K, 298 young (305152K), 14 survivors (14336K)
 Metaspace       used 80373K, committed 81408K, reserved 1179648K
  class space    used 9641K, committed 10176K, reserved 1048576K
}
Event: 15580.794 GC heap after
{Heap after GC invocations=56 (full 0):
 garbage-first heap   total 1031168K, used 275738K [0x0000000082e00000, 0x0000000100000000)
  region size 1024K, 17 young (17408K), 17 survivors (17408K)
 Metaspace       used 80373K, committed 81408K, reserved 1179648K
  class space    used 9641K, committed 10176K, reserved 1048576K
}

Dll operation events (11 events):
Event: 0.005 Loaded shared library C:\Program Files\Java\jdk-21\bin\java.dll
Event: 0.032 Loaded shared library C:\Program Files\Java\jdk-21\bin\jsvml.dll
Event: 0.089 Loaded shared library C:\Program Files\Java\jdk-21\bin\jimage.dll
Event: 0.093 Loaded shared library C:\Program Files\Java\jdk-21\bin\net.dll
Event: 0.094 Loaded shared library C:\Program Files\Java\jdk-21\bin\nio.dll
Event: 0.096 Loaded shared library C:\Program Files\Java\jdk-21\bin\zip.dll
Event: 0.138 Loaded shared library C:\Program Files\Java\jdk-21\bin\management.dll
Event: 0.146 Loaded shared library C:\Program Files\Java\jdk-21\bin\management_ext.dll
Event: 0.345 Loaded shared library C:\Program Files\Java\jdk-21\bin\extnet.dll
Event: 0.394 Loaded shared library C:\Program Files\Java\jdk-21\bin\verify.dll
Event: 4.778 Loaded shared library C:\Program Files\Java\jdk-21\bin\sunmscapi.dll

Deoptimization events (20 events):
Event: 15584.726 Thread 0x00000276050d7e70 Uncommon trap: trap_request=0xffffffd6 fr.pc=0x000002763065d414 relative=0x00000000000002b4
Event: 15584.726 Thread 0x00000276050d7e70 Uncommon trap: reason=array_check action=maybe_recompile pc=0x000002763065d414 method=org.apache.coyote.http11.Http11InputBuffer.addActiveFilter(Lorg/apache/coyote/http11/InputFilter;)V @ 79 c2
Event: 15584.726 Thread 0x00000276050d7e70 DEOPT PACKING pc=0x000002763065d414 sp=0x000000fd420fedd0
Event: 15584.726 Thread 0x00000276050d77e0 Uncommon trap: trap_request=0xffffffd6 fr.pc=0x000002763065d414 relative=0x00000000000002b4
Event: 15584.726 Thread 0x00000276050d77e0 Uncommon trap: reason=array_check action=maybe_recompile pc=0x000002763065d414 method=org.apache.coyote.http11.Http11InputBuffer.addActiveFilter(Lorg/apache/coyote/http11/InputFilter;)V @ 79 c2
Event: 15584.726 Thread 0x00000276050d77e0 DEOPT PACKING pc=0x000002763065d414 sp=0x000000fd41fff080
Event: 15584.726 Thread 0x00000276050d77e0 DEOPT UNPACKING pc=0x000002762ff346a2 sp=0x000000fd41fff028 mode 2
Event: 15584.726 Thread 0x00000276050d5da0 Uncommon trap: trap_request=0xffffffd6 fr.pc=0x000002763065d414 relative=0x00000000000002b4
Event: 15584.726 Thread 0x00000276050d5da0 Uncommon trap: reason=array_check action=maybe_recompile pc=0x000002763065d414 method=org.apache.coyote.http11.Http11InputBuffer.addActiveFilter(Lorg/apache/coyote/http11/InputFilter;)V @ 79 c2
Event: 15584.726 Thread 0x00000276050d5da0 DEOPT PACKING pc=0x000002763065d414 sp=0x000000fd41afedd0
Event: 15584.726 Thread 0x00000276050d5da0 DEOPT UNPACKING pc=0x000002762ff346a2 sp=0x000000fd41afed78 mode 2
Event: 15584.727 Thread 0x00000276050d7e70 DEOPT UNPACKING pc=0x000002762ff346a2 sp=0x000000fd420fed78 mode 2
Event: 15585.442 Thread 0x00000276050d98b0 Uncommon trap: trap_request=0xffffff45 fr.pc=0x000002763053eab0 relative=0x00000000000004d0
Event: 15585.442 Thread 0x00000276050d98b0 Uncommon trap: reason=unstable_if action=reinterpret pc=0x000002763053eab0 method=java.math.BigDecimal.<init>([CIILjava/math/MathContext;)V @ 82 c2
Event: 15585.442 Thread 0x00000276050d98b0 DEOPT PACKING pc=0x000002763053eab0 sp=0x000000fd41bfb190
Event: 15585.442 Thread 0x00000276050d98b0 DEOPT UNPACKING pc=0x000002762ff346a2 sp=0x000000fd41bfb0e0 mode 2
Event: 15585.443 Thread 0x00000276050d98b0 Uncommon trap: trap_request=0xffffff45 fr.pc=0x0000027630ec1e74 relative=0x0000000000002454
Event: 15585.443 Thread 0x00000276050d98b0 Uncommon trap: reason=unstable_if action=reinterpret pc=0x0000027630ec1e74 method=java.math.BigDecimal.layoutChars(Z)Ljava/lang/String; @ 268 c2
Event: 15585.443 Thread 0x00000276050d98b0 DEOPT PACKING pc=0x0000027630ec1e74 sp=0x000000fd41bfca80
Event: 15585.443 Thread 0x00000276050d98b0 DEOPT UNPACKING pc=0x000002762ff346a2 sp=0x000000fd41bfca48 mode 2

Classes loaded (20 events):
Event: 1627.048 Loading class java/time/zone/ZoneOffsetTransition
Event: 1627.049 Loading class java/time/zone/ZoneOffsetTransition done
Event: 2070.467 Loading class java/util/concurrent/ConcurrentLinkedQueue$Itr
Event: 2070.476 Loading class java/util/concurrent/ConcurrentLinkedQueue$Itr done
Event: 2136.295 Loading class java/lang/ObjectCustomizer
Event: 2136.296 Loading class java/lang/ObjectCustomizer done
Event: 2136.299 Loading class java/lang/ObjectCustomizer
Event: 2136.299 Loading class java/lang/ObjectCustomizer done
Event: 5817.560 Loading class java/text/CalendarBuilder
Event: 5817.568 Loading class java/text/CalendarBuilder done
Event: 9385.776 Loading class java/time/ZonedDateTime$1
Event: 9385.781 Loading class java/time/ZonedDateTime$1 done
Event: 12198.094 Loading class java/lang/ObjectCustomizer
Event: 12198.096 Loading class java/lang/ObjectCustomizer done
Event: 12198.107 Loading class java/lang/ObjectCustomizer
Event: 12198.107 Loading class java/lang/ObjectCustomizer done
Event: 15572.443 Loading class jdk/internal/math/FormattedFPDecimal
Event: 15572.446 Loading class jdk/internal/math/FormattedFPDecimal done
Event: 15577.632 Loading class sun/util/locale/LocaleExtensions
Event: 15577.636 Loading class sun/util/locale/LocaleExtensions done

Classes unloaded (20 events):
Event: 15571.581 Thread 0x000002763d26ebb0 Unloading class 0x000002763f950c00 'java/lang/invoke/LambdaForm$DMH+0x000002763f950c00'
Event: 15571.581 Thread 0x000002763d26ebb0 Unloading class 0x000002763f950400 'java/lang/invoke/LambdaForm$DMH+0x000002763f950400'
Event: 15571.581 Thread 0x000002763d26ebb0 Unloading class 0x000002763f950800 'java/lang/invoke/LambdaForm$DMH+0x000002763f950800'
Event: 15571.582 Thread 0x000002763d26ebb0 Unloading class 0x000002763f854c00 'java/lang/invoke/LambdaForm$MH+0x000002763f854c00'
Event: 15571.582 Thread 0x000002763d26ebb0 Unloading class 0x000002763f3d8400 'java/lang/invoke/LambdaForm$MH+0x000002763f3d8400'
Event: 15571.582 Thread 0x000002763d26ebb0 Unloading class 0x000002763f3b4000 'java/lang/invoke/LambdaForm$MH+0x000002763f3b4000'
Event: 15571.582 Thread 0x000002763d26ebb0 Unloading class 0x000002763f3ac800 'java/lang/invoke/LambdaForm$MH+0x000002763f3ac800'
Event: 15581.107 Thread 0x000002763d26ebb0 Unloading class 0x000002763f9f5c00 'java/lang/invoke/LambdaForm$DMH+0x000002763f9f5c00'
Event: 15581.107 Thread 0x000002763d26ebb0 Unloading class 0x000002763f9f5800 'java/lang/invoke/LambdaForm$DMH+0x000002763f9f5800'
Event: 15581.107 Thread 0x000002763d26ebb0 Unloading class 0x000002763f9f4c00 'java/lang/invoke/LambdaForm$DMH+0x000002763f9f4c00'
Event: 15581.107 Thread 0x000002763d26ebb0 Unloading class 0x000002763f9ee000 'java/lang/invoke/LambdaForm$MH+0x000002763f9ee000'
Event: 15581.108 Thread 0x000002763d26ebb0 Unloading class 0x000002763f9edc00 'java/lang/invoke/LambdaForm$MH+0x000002763f9edc00'
Event: 15581.108 Thread 0x000002763d26ebb0 Unloading class 0x000002763f9ed800 'java/lang/invoke/LambdaForm$MH+0x000002763f9ed800'
Event: 15581.108 Thread 0x000002763d26ebb0 Unloading class 0x000002763f9ed400 'java/lang/invoke/LambdaForm$MH+0x000002763f9ed400'
Event: 15581.108 Thread 0x000002763d26ebb0 Unloading class 0x000002763f942800 'java/lang/invoke/LambdaForm$DMH+0x000002763f942800'
Event: 15581.108 Thread 0x000002763d26ebb0 Unloading class 0x000002763f003000 'java/lang/invoke/LambdaForm$MH+0x000002763f003000'
Event: 15581.108 Thread 0x000002763d26ebb0 Unloading class 0x000002763f859800 'java/lang/invoke/LambdaForm$DMH+0x000002763f859800'
Event: 15581.108 Thread 0x000002763d26ebb0 Unloading class 0x000002763f9c2000 'java/lang/invoke/LambdaForm$DMH+0x000002763f9c2000'
Event: 15581.108 Thread 0x000002763d26ebb0 Unloading class 0x000002763f9c1000 'java/lang/invoke/LambdaForm$MH+0x000002763f9c1000'
Event: 15581.108 Thread 0x000002763d26ebb0 Unloading class 0x000002763f9c0800 'java/lang/invoke/LambdaForm$MH+0x000002763f9c0800'

Classes redefined (0 events):
No events

Internal exceptions (20 events):
Event: 12198.107 Thread 0x00000276050d5080 Exception <a 'java/lang/ClassNotFoundException'{0x0000000088465208}: java/lang/ObjectCustomizer> (0x0000000088465208) 
thrown [s\open\src\hotspot\share\classfile\systemDictionary.cpp, line 312]
Event: 12198.137 Thread 0x00000276050d5080 Exception <a 'java/lang/ClassNotFoundException'{0x000000008846ee70}: com/epmapat/erp_epmapat/modelo/AguaTramiteCustomizer> (0x000000008846ee70) 
thrown [s\open\src\hotspot\share\classfile\systemDictionary.cpp, line 312]
Event: 12500.252 Thread 0x00000276050d77e0 Exception <a 'java/io/IOException'{0x000000008951ffa0}> (0x000000008951ffa0) 
thrown [s\open\src\hotspot\share\prims\jni.cpp, line 520]
Event: 12500.540 Thread 0x00000276050dc6a0 Exception <a 'java/io/IOException'{0x00000000895325c0}> (0x00000000895325c0) 
thrown [s\open\src\hotspot\share\prims\jni.cpp, line 520]
Event: 12501.607 Thread 0x00000276050d7150 Exception <a 'java/io/IOException'{0x00000000895eb9d8}> (0x00000000895eb9d8) 
thrown [s\open\src\hotspot\share\prims\jni.cpp, line 520]
Event: 12502.785 Thread 0x00000276050d8500 Exception <a 'java/io/IOException'{0x0000000089756078}> (0x0000000089756078) 
thrown [s\open\src\hotspot\share\prims\jni.cpp, line 520]
Event: 12505.878 Thread 0x00000276050d7e70 Exception <a 'java/io/IOException'{0x00000000894d5580}> (0x00000000894d5580) 
thrown [s\open\src\hotspot\share\prims\jni.cpp, line 520]
Event: 12523.566 Thread 0x00000276050d5080 Exception <a 'java/io/IOException'{0x00000000891c5908}> (0x00000000891c5908) 
thrown [s\open\src\hotspot\share\prims\jni.cpp, line 520]
Event: 12526.194 Thread 0x00000276050d9f40 Exception <a 'java/io/IOException'{0x00000000891ba158}> (0x00000000891ba158) 
thrown [s\open\src\hotspot\share\prims\jni.cpp, line 520]
Event: 12526.624 Thread 0x00000276050d7e70 Exception <a 'java/io/IOException'{0x00000000891cdb60}> (0x00000000891cdb60) 
thrown [s\open\src\hotspot\share\prims\jni.cpp, line 520]
Event: 12527.287 Thread 0x00000276050db980 Exception <a 'java/io/IOException'{0x0000000088fba5f0}> (0x0000000088fba5f0) 
thrown [s\open\src\hotspot\share\prims\jni.cpp, line 520]
Event: 12527.543 Thread 0x00000276050dc6a0 Exception <a 'java/io/IOException'{0x0000000088ffefe0}> (0x0000000088ffefe0) 
thrown [s\open\src\hotspot\share\prims\jni.cpp, line 520]
Event: 12543.764 Thread 0x00000276050d98b0 Exception <a 'java/io/IOException'{0x0000000088bd0b38}> (0x0000000088bd0b38) 
thrown [s\open\src\hotspot\share\prims\jni.cpp, line 520]
Event: 12544.718 Thread 0x00000276050d9f40 Exception <a 'java/io/IOException'{0x0000000088a911e8}> (0x0000000088a911e8) 
thrown [s\open\src\hotspot\share\prims\jni.cpp, line 520]
Event: 12546.872 Thread 0x00000276050dc6a0 Exception <a 'java/io/IOException'{0x000000008894cfe8}> (0x000000008894cfe8) 
thrown [s\open\src\hotspot\share\prims\jni.cpp, line 520]
Event: 12547.207 Thread 0x00000276050d7e70 Exception <a 'java/io/IOException'{0x0000000088cf7fc8}> (0x0000000088cf7fc8) 
thrown [s\open\src\hotspot\share\prims\jni.cpp, line 520]
Event: 12547.732 Thread 0x00000276050d7150 Exception <a 'java/io/IOException'{0x00000000889bb4b8}> (0x00000000889bb4b8) 
thrown [s\open\src\hotspot\share\prims\jni.cpp, line 520]
Event: 15498.755 Thread 0x00000276050dc6a0 Implicit null exception at 0x000002763091a7ec to 0x000002763091b008
Event: 15498.766 Thread 0x00000276050dc6a0 Implicit null exception at 0x0000027630874260 to 0x0000027630874ebc
Event: 15571.562 Thread 0x00000276050d7e70 Exception <a 'java/lang/ClassNotFoundException'{0x0000000099858618}: com/epmapat/erp_epmapat/interfaces/RepFacGlobalCustomizer> (0x0000000099858618) 
thrown [s\open\src\hotspot\share\classfile\systemDictionary.cpp, line 312]

ZGC Phase Switch (0 events):
No events

VM Operations (20 events):
Event: 15578.505 Executing VM operation: Cleanup
Event: 15578.505 Executing VM operation: Cleanup done
Event: 15579.512 Executing VM operation: Cleanup
Event: 15579.512 Executing VM operation: Cleanup done
Event: 15580.520 Executing VM operation: Cleanup
Event: 15580.521 Executing VM operation: Cleanup done
Event: 15580.756 Executing VM operation: G1CollectForAllocation (G1 Evacuation Pause)
Event: 15580.794 Executing VM operation: G1CollectForAllocation (G1 Evacuation Pause) done
Event: 15581.106 Executing VM operation: G1PauseRemark
Event: 15581.240 Executing VM operation: G1PauseRemark done
Event: 15581.318 Executing VM operation: G1PauseCleanup
Event: 15581.319 Executing VM operation: G1PauseCleanup done
Event: 15582.330 Executing VM operation: Cleanup
Event: 15582.330 Executing VM operation: Cleanup done
Event: 15583.333 Executing VM operation: Cleanup
Event: 15583.333 Executing VM operation: Cleanup done
Event: 15584.340 Executing VM operation: Cleanup
Event: 15584.341 Executing VM operation: Cleanup done
Event: 15585.346 Executing VM operation: Cleanup
Event: 15585.346 Executing VM operation: Cleanup done

Events (20 events):
Event: 15581.236 Thread 0x000002763d26ebb0 flushing nmethod 0x0000027630495f10
Event: 15581.236 Thread 0x000002763d26ebb0 flushing nmethod 0x00000276304cef10
Event: 15581.236 Thread 0x000002763d26ebb0 flushing nmethod 0x00000276304aff90
Event: 15581.236 Thread 0x000002763d26ebb0 flushing nmethod 0x00000276304af390
Event: 15581.236 Thread 0x000002763d26ebb0 flushing nmethod 0x00000276304b8b90
Event: 15581.236 Thread 0x000002763d26ebb0 flushing nmethod 0x00000276304b4510
Event: 15581.236 Thread 0x000002763d26ebb0 flushing nmethod 0x00000276304b2f90
Event: 15581.236 Thread 0x000002763d26ebb0 flushing nmethod 0x00000276304b4210
Event: 15581.236 Thread 0x000002763d26ebb0 flushing nmethod 0x00000276304b2990
Event: 15581.236 Thread 0x000002763d26ebb0 flushing nmethod 0x00000276304ae210
Event: 15581.236 Thread 0x000002763d26ebb0 flushing nmethod 0x000002763049df10
Event: 15581.236 Thread 0x000002763d26ebb0 flushing nmethod 0x000002763049ba90
Event: 15581.236 Thread 0x000002763d26ebb0 flushing nmethod 0x00000276304ab210
Event: 15581.236 Thread 0x000002763d26ebb0 flushing nmethod 0x0000027630483310
Event: 15581.236 Thread 0x000002763d26ebb0 flushing nmethod 0x0000027630481490
Event: 15581.236 Thread 0x000002763d26ebb0 flushing nmethod 0x0000027630486110
Event: 15581.236 Thread 0x000002763d26ebb0 flushing nmethod 0x000002763048be90
Event: 15581.236 Thread 0x000002763d26ebb0 flushing nmethod 0x0000027630481190
Event: 15581.354 Thread 0x000002760489c140 Thread exited: 0x000002760489c140
Event: 15583.061 Thread 0x000002760489b3a0 Thread added: 0x000002760489b3a0


Dynamic libraries:
0x00007ff6292a0000 - 0x00007ff6292b0000 	C:\Program Files\Java\jdk-21\bin\java.exe
0x00007ffbdd450000 - 0x00007ffbdd667000 	C:\WINDOWS\SYSTEM32\ntdll.dll
0x00007ffbdc6c0000 - 0x00007ffbdc784000 	C:\WINDOWS\System32\KERNEL32.DLL
0x00007ffbda7e0000 - 0x00007ffbdab8d000 	C:\WINDOWS\System32\KERNELBASE.dll
0x00007ffbdb060000 - 0x00007ffbdb171000 	C:\WINDOWS\System32\ucrtbase.dll
0x00007ffbcce00000 - 0x00007ffbcce1b000 	C:\Program Files\Java\jdk-21\bin\VCRUNTIME140.dll
0x00007ffbc4580000 - 0x00007ffbc4599000 	C:\Program Files\Java\jdk-21\bin\jli.dll
0x00007ffbdcb20000 - 0x00007ffbdcbd2000 	C:\WINDOWS\System32\ADVAPI32.dll
0x00007ffbdbde0000 - 0x00007ffbdbe87000 	C:\WINDOWS\System32\msvcrt.dll
0x00007ffbdcdd0000 - 0x00007ffbdce79000 	C:\WINDOWS\System32\sechost.dll
0x00007ffbdad80000 - 0x00007ffbdada8000 	C:\WINDOWS\System32\bcrypt.dll
0x00007ffbdbea0000 - 0x00007ffbdbfb4000 	C:\WINDOWS\System32\RPCRT4.dll
0x00007ffbdc510000 - 0x00007ffbdc6be000 	C:\WINDOWS\System32\USER32.dll
0x00007ffbc9a30000 - 0x00007ffbc9cc3000 	C:\WINDOWS\WinSxS\amd64_microsoft.windows.common-controls_6595b64144ccf1df_6.0.22621.3672_none_2713b9d173822955\COMCTL32.dll
0x00007ffbdae70000 - 0x00007ffbdae96000 	C:\WINDOWS\System32\win32u.dll
0x00007ffbdd260000 - 0x00007ffbdd289000 	C:\WINDOWS\System32\GDI32.dll
0x00007ffbdaf40000 - 0x00007ffbdb059000 	C:\WINDOWS\System32\gdi32full.dll
0x00007ffbdaea0000 - 0x00007ffbdaf3a000 	C:\WINDOWS\System32\msvcp_win.dll
0x00007ffbd68d0000 - 0x00007ffbd68da000 	C:\WINDOWS\SYSTEM32\VERSION.dll
0x00007ffbdb250000 - 0x00007ffbdb281000 	C:\WINDOWS\System32\IMM32.DLL
0x00007ffbd4ce0000 - 0x00007ffbd4cec000 	C:\Program Files\Java\jdk-21\bin\vcruntime140_1.dll
0x00007ffb9ca00000 - 0x00007ffb9ca8e000 	C:\Program Files\Java\jdk-21\bin\msvcp140.dll
0x00007ffb18880000 - 0x00007ffb19597000 	C:\Program Files\Java\jdk-21\bin\server\jvm.dll
0x00007ffbdd390000 - 0x00007ffbdd401000 	C:\WINDOWS\System32\WS2_32.dll
0x00007ffbd9d40000 - 0x00007ffbd9d8d000 	C:\WINDOWS\SYSTEM32\POWRPROF.dll
0x00007ffbc2d30000 - 0x00007ffbc2d64000 	C:\WINDOWS\SYSTEM32\WINMM.dll
0x00007ffbd9cb0000 - 0x00007ffbd9cc3000 	C:\WINDOWS\SYSTEM32\UMPDC.dll
0x00007ffbd97c0000 - 0x00007ffbd97d8000 	C:\WINDOWS\SYSTEM32\kernel.appcore.dll
0x00007ffbccf20000 - 0x00007ffbccf2a000 	C:\Program Files\Java\jdk-21\bin\jimage.dll
0x00007ffbd7e70000 - 0x00007ffbd80a2000 	C:\WINDOWS\SYSTEM32\DBGHELP.DLL
0x00007ffbdce80000 - 0x00007ffbdd20e000 	C:\WINDOWS\System32\combase.dll
0x00007ffbdc940000 - 0x00007ffbdca17000 	C:\WINDOWS\System32\OLEAUT32.dll
0x00007ffbd5e00000 - 0x00007ffbd5e32000 	C:\WINDOWS\SYSTEM32\dbgcore.DLL
0x00007ffbdad00000 - 0x00007ffbdad7b000 	C:\WINDOWS\System32\bcryptPrimitives.dll
0x00007ffbc4560000 - 0x00007ffbc457f000 	C:\Program Files\Java\jdk-21\bin\java.dll
0x00007ffbdb330000 - 0x00007ffbdbb97000 	C:\WINDOWS\System32\SHELL32.dll
0x00007ffbd86f0000 - 0x00007ffbd8fef000 	C:\WINDOWS\SYSTEM32\windows.storage.dll
0x00007ffbd85b0000 - 0x00007ffbd86ef000 	C:\WINDOWS\SYSTEM32\wintypes.dll
0x00007ffbdca20000 - 0x00007ffbdcb19000 	C:\WINDOWS\System32\SHCORE.dll
0x00007ffbdc4b0000 - 0x00007ffbdc50e000 	C:\WINDOWS\System32\shlwapi.dll
0x00007ffbda6a0000 - 0x00007ffbda6c7000 	C:\WINDOWS\SYSTEM32\profapi.dll
0x00007ffb938e0000 - 0x00007ffb939b7000 	C:\Program Files\Java\jdk-21\bin\jsvml.dll
0x00007ffbccdf0000 - 0x00007ffbcce00000 	C:\Program Files\Java\jdk-21\bin\net.dll
0x00007ffbd66f0000 - 0x00007ffbd6826000 	C:\WINDOWS\SYSTEM32\WINHTTP.dll
0x00007ffbd9cd0000 - 0x00007ffbd9d39000 	C:\WINDOWS\system32\mswsock.dll
0x00007ffbbf9e0000 - 0x00007ffbbf9f6000 	C:\Program Files\Java\jdk-21\bin\nio.dll
0x00007ffbbf9c0000 - 0x00007ffbbf9d8000 	C:\Program Files\Java\jdk-21\bin\zip.dll
0x00007ffbbc910000 - 0x00007ffbbc91a000 	C:\Program Files\Java\jdk-21\bin\management.dll
0x00007ffbbc900000 - 0x00007ffbbc90b000 	C:\Program Files\Java\jdk-21\bin\management_ext.dll
0x00007ffbdbe90000 - 0x00007ffbdbe98000 	C:\WINDOWS\System32\PSAPI.DLL
0x00007ffbc48b0000 - 0x00007ffbc48c7000 	C:\WINDOWS\system32\napinsp.dll
0x00007ffbc43f0000 - 0x00007ffbc440b000 	C:\WINDOWS\system32\pnrpnsp.dll
0x00007ffbd92c0000 - 0x00007ffbd93b8000 	C:\WINDOWS\SYSTEM32\DNSAPI.dll
0x00007ffbd9250000 - 0x00007ffbd927d000 	C:\WINDOWS\SYSTEM32\IPHLPAPI.DLL
0x00007ffbdb290000 - 0x00007ffbdb299000 	C:\WINDOWS\System32\NSI.dll
0x00007ffbc43d0000 - 0x00007ffbc43e1000 	C:\WINDOWS\System32\winrnr.dll
0x00007ffbc43b0000 - 0x00007ffbc43c5000 	C:\WINDOWS\system32\wshbth.dll
0x00007ffbc4380000 - 0x00007ffbc43a7000 	C:\WINDOWS\system32\nlansp_c.dll
0x0000000050d90000 - 0x0000000050db6000 	C:\Program Files\Bonjour\mdnsNSP.dll
0x00007ffbd49e0000 - 0x00007ffbd49ea000 	C:\Windows\System32\rasadhlp.dll
0x00007ffbd6370000 - 0x00007ffbd63f3000 	C:\WINDOWS\System32\fwpuclnt.dll
0x00007ffbd9f70000 - 0x00007ffbd9f8b000 	C:\WINDOWS\SYSTEM32\CRYPTSP.dll
0x00007ffbd9720000 - 0x00007ffbd9755000 	C:\WINDOWS\system32\rsaenh.dll
0x00007ffbd9e10000 - 0x00007ffbd9e38000 	C:\WINDOWS\SYSTEM32\USERENV.dll
0x00007ffbd9f90000 - 0x00007ffbd9f9c000 	C:\WINDOWS\SYSTEM32\CRYPTBASE.dll
0x00007ffbbc8f0000 - 0x00007ffbbc8f9000 	C:\Program Files\Java\jdk-21\bin\extnet.dll
0x00007ffbbc8e0000 - 0x00007ffbbc8f0000 	C:\Program Files\Java\jdk-21\bin\verify.dll
0x00007ffbbc760000 - 0x00007ffbbc76e000 	C:\Program Files\Java\jdk-21\bin\sunmscapi.dll
0x00007ffbdab90000 - 0x00007ffbdacf6000 	C:\WINDOWS\System32\CRYPT32.dll
0x00007ffbda110000 - 0x00007ffbda13e000 	C:\WINDOWS\SYSTEM32\ncrypt.dll
0x00007ffbda0d0000 - 0x00007ffbda107000 	C:\WINDOWS\SYSTEM32\NTASN1.dll
0x00007ffbd5300000 - 0x00007ffbd5308000 	C:\WINDOWS\system32\wshunix.dll

dbghelp: loaded successfully - version: 4.0.5 - missing functions: none
symbol engine: initialized successfully - sym options: 0x614 - pdb path: .;C:\Program Files\Java\jdk-21\bin;C:\WINDOWS\SYSTEM32;C:\WINDOWS\WinSxS\amd64_microsoft.windows.common-controls_6595b64144ccf1df_6.0.22621.3672_none_2713b9d173822955;C:\Program Files\Java\jdk-21\bin\server;C:\Program Files\Bonjour

VM Arguments:
jvm_args: -XX:+ShowCodeDetailsInExceptionMessages -Dspring.jmx.enabled=true -Dmanagement.endpoints.jmx.exposure.include=* -Dspring.application.admin.enabled=true -Dspring.boot.project.name=erp_epmapat -Djava.rmi.server.hostname=localhost -Dcom.sun.management.jmxremote.port=45556 -Dcom.sun.management.jmxremote.authenticate=false -Dcom.sun.management.jmxremote.ssl=false 
java_command: com.epmapat.erp_epmapat.ErpEpmapatApplication
java_class_path (initial): C:\EPMAPAT_SYSTEMS\erp_epmapat_be\target\classes;C:\Users\ADIKTA\.m2\repository\org\springframework\boot\spring-boot-starter-actuator\2.7.18\spring-boot-starter-actuator-2.7.18.jar;C:\Users\ADIKTA\.m2\repository\org\springframework\boot\spring-boot-starter\2.7.18\spring-boot-starter-2.7.18.jar;C:\Users\ADIKTA\.m2\repository\org\springframework\boot\spring-boot\2.7.18\spring-boot-2.7.18.jar;C:\Users\ADIKTA\.m2\repository\org\springframework\boot\spring-boot-autoconfigure\2.7.18\spring-boot-autoconfigure-2.7.18.jar;C:\Users\ADIKTA\.m2\repository\org\springframework\boot\spring-boot-starter-logging\2.7.18\spring-boot-starter-logging-2.7.18.jar;C:\Users\ADIKTA\.m2\repository\ch\qos\logback\logback-classic\1.2.12\logback-classic-1.2.12.jar;C:\Users\ADIKTA\.m2\repository\ch\qos\logback\logback-core\1.2.12\logback-core-1.2.12.jar;C:\Users\ADIKTA\.m2\repository\org\apache\logging\log4j\log4j-to-slf4j\2.17.2\log4j-to-slf4j-2.17.2.jar;C:\Users\ADIKTA\.m2\repository\org\apache\logging\log4j\log4j-api\2.17.2\log4j-api-2.17.2.jar;C:\Users\ADIKTA\.m2\repository\org\slf4j\jul-to-slf4j\1.7.36\jul-to-slf4j-1.7.36.jar;C:\Users\ADIKTA\.m2\repository\org\yaml\snakeyaml\1.30\snakeyaml-1.30.jar;C:\Users\ADIKTA\.m2\repository\org\springframework\boot\spring-boot-actuator-autoconfigure\2.7.18\spring-boot-actuator-autoconfigure-2.7.18.jar;C:\Users\ADIKTA\.m2\repository\org\springframework\boot\spring-boot-actuator\2.7.18\spring-boot-actuator-2.7.18.jar;C:\Users\ADIKTA\.m2\repository\com\fasterxml\jackson\datatype\jackson-datatype-jsr310\2.13.5\jackson-datatype-jsr310-2.13.5.jar;C:\Users\ADIKTA\.m2\repository\io\micrometer\micrometer-core\1.9.17\micrometer-core-1.9.17.jar;C:\Users\ADIKTA\.m2\repository\org\hdrhistogram\HdrHistogram\2.1.12\HdrHistogram-2.1.12.jar;C:\Users\ADIKTA\.m2\repository\org\latencyutils\LatencyUtils\2.0.3\LatencyUtils-2.0.3.jar;C:\Users\ADIKTA\.m2\repository\org\springframework\boot\spring-boot-starter-data-jpa\2.7.18\spring-boot-starter-data-jpa-2.7.18.jar;C:\Users\ADIKTA\.m2\repository\org\springframework\boot\spring-boot-starter-aop\2.7.18\spring-boot-starter-aop-2.7.18.jar;C:\Users\ADIKTA\.m2\repository\org\springframework\spring-aop\5.3.31\spring-aop-5.3.31.jar;C:\Users\ADIKTA\.m2\repository\org\aspectj\aspectjweaver\1.9.7\aspectjweaver-1.9.7.jar;C:\Users\ADIKTA\.m2\repository\org\springframework\boot\spring-boot-starter-jdbc\2.7.18\spring-boot-starter-jdbc-2.7.18.jar;C:\Users\ADIKTA\.m2\repository\com\zaxxer\HikariCP\4.0.3\HikariCP-4.0.3.jar;C:\Users\ADIKTA\.m2\repository\org\springframework\spring-jdbc\5.3.31\spring-jdbc-5.3.31.jar;C:\Users\ADIKTA\.m2\repository\jakarta\transaction\jakarta.transaction-api\1.3.3\jakarta.transaction-api-1.3.3.jar;C:\Users\ADIKTA\.m2\repository\jakarta\persistence\jakarta.persistence-api\2.2.3\jakarta.persistence-api-2.2.3.jar;C:\Users\ADIKTA\.m2\repository\org\hibernate\hibernate-core\5.6.15.Final\hibernate-core-5.6.15.Final.jar;C:\Users\ADIKTA\.m2\repository\org\jboss\logging\jboss-logging\3.4.3.Final\jboss-logging-3.4.3.Final.jar;C:\Users\ADIKTA\.m2\repository\net\bytebuddy\byte-buddy\1.12.23\byte-buddy-1.12.23.jar;C:\Users\ADIKTA\.m2\repository\antlr\antlr\2.7.7\antlr-2.7.7.jar;C:\Users\ADIKTA\.m2\repository\org\jboss\jandex\2.4.2.Final\jandex-2.4.2.Final.jar;C:\Users\ADIKTA\.m2\repository\com\fasterxml\classmate\1.5.1\classmate-1.5.1.jar;C:\Users\ADIKTA\.m2\repository\org\hibernate\common\hibernate-commons-annotations\5.1.2.Final\hibernate-commons-annotations-5.1.2.Final.jar;C:\Users\ADIKTA\.m2\repository\org\glassfish\jaxb\jaxb-runtime\2.3.9\jaxb-runtime-2.3.9.jar;C:\Users\ADIKTA\.m2\repository\org\glassfish\jaxb\txw2\2.3.9\txw2-2.3.9.jar;C:\Users\ADIKTA\.m2\repository\com\sun\istack\istack-commons-runtime\3.0.12\istack-commons-runtime-3.0.12.jar;C:\Users\ADIKTA\.m2\repository\com\sun\activation\jakarta.activation\1.2.2\jakarta.activation-1.2.2.jar;C:\Users\ADIKTA\.m2\repository\org\springframework\data\spring-data-jpa\2.7.18\spring-data-jpa-2.7.18.jar;C:\Users\ADIKTA\.m2\repository\org\springframework\data\spring-data-commons\2.7.18\spring-data-commons-2.7.18.jar;C:\Users\ADIKTA\.m2\repository\org\springframework\spring-orm\5.3.31\spring-orm-5.3.31.jar;C:\Users\ADIKTA\.m2\repository\org\springframework\spring-context\5.3.31\spring-context-5.3.31.jar;C:\Users\ADIKTA\.m2\repository\org\springframework\spring-tx\5.3.31\spring-tx-5.3.31.jar;C:\Users\ADIKTA\.m2\repository\org\springframework\spring-beans\5.3.31\spring-beans-5.3.31.jar;C:\Users\ADIKTA\.m2\repository\org\slf4j\slf4j-api\1.7.36\slf4j-api-1.7.36.jar;C:\Users\ADIKTA\.m2\repository\org\springframework\spring-aspects\5.3.31\spring-aspects-5.3.31.jar;C:\Users\ADIKTA\.m2\repository\org\springframework\boot\spring-boot-starter-web\2.7.18\spring-boot-starter-web-2.7.18.jar;C:\Users\ADIKTA\.m2\repository\org\springframework\boot\spring-boot-starter-json\2.7.18\spring-boot-starter-json-2.7.18.jar;C:\Users\ADIKTA\.m2\repository\com\fasterxml\jackson\datatype\jackson-datatype-jdk8\2.13.5\jackson-datatype-jdk8-2.13.5.jar;C:\Users\ADIKTA\.m2\repository\com\fasterxml\jackson\module\jackson-module-parameter-names\2.13.5\jackson-module-parameter-names-2.13.5.jar;C:\Users\ADIKTA\.m2\repository\org\springframework\spring-web\5.3.31\spring-web-5.3.31.jar;C:\Users\ADIKTA\.m2\repository\org\springframework\spring-webmvc\5.3.31\spring-webmvc-5.3.31.jar;C:\Users\ADIKTA\.m2\repository\org\springframework\spring-expression\5.3.31\spring-expression-5.3.31.jar;C:\Users\ADIKTA\.m2\repository\org\postgresql\postgresql\42.3.8\postgresql-42.3.8.jar;C:\Users\ADIKTA\.m2\repository\org\checkerframework\checker-qual\3.5.0\checker-qual-3.5.0.jar;C:\Users\ADIKTA\.m2\repository\jakarta\xml\bind\jakarta.xml.bind-api\2.3.3\jakarta.xml.bind-api-2.3.3.jar;C:\Users\ADIKTA\.m2\repository\jakarta\activation\jakarta.activation-api\1.2.2\jakarta.activation-api-1.2.2.jar;C:\Users\ADIKTA\.m2\repository\org\springframework\spring-core\5.3.31\spring-core-5.3.31.jar;C:\Users\ADIKTA\.m2\repository\org\springframework\spring-jcl\5.3.31\spring-jcl-5.3.31.jar;C:\Users\ADIKTA\.m2\repository\net\sf\jasperreports\jasperreports\6.21.2\jasperreports-6.21.2.jar;C:\Users\ADIKTA\.m2\repository\commons-beanutils\commons-beanutils\1.9.4\commons-beanutils-1.9.4.jar;C:\Users\ADIKTA\.m2\repository\commons-collections\commons-collections\3.2.2\commons-collections-3.2.2.jar;C:\Users\ADIKTA\.m2\repository\commons-digester\commons-digester\2.1\commons-digester-2.1.jar;C:\Users\ADIKTA\.m2\repository\commons-logging\commons-logging\1.1.1\commons-logging-1.1.1.jar;C:\Users\ADIKTA\.m2\repository\org\apache\commons\commons-collections4\4.2\commons-collections4-4.2.jar;C:\Users\ADIKTA\.m2\repository\com\github\librepdf\openpdf\1.3.32\openpdf-1.3.32.jar;C:\Users\ADIKTA\.m2\repository\org\jfree\jcommon\1.0.23\jcommon-1.0.23.jar;C:\Users\ADIKTA\.m2\repository\org\jfree\jfreechart\1.0.19\jfreechart-1.0.19.jar;C:\Users\ADIKTA\.m2\repository\org\eclipse\jdt\ecj\3.21.0\ecj-3.21.0.jar;C:\Users\ADIKTA\.m2\repository\com\fasterxml\jackson\core\jackson-core\2.13.5\jackson-core-2.13.5.jar;C:\Users\ADIKTA\.m2\repository\com\fasterxml\jackson\core\jackson-databind\2.13.5\jackson-databind-2.13.5.jar;C:\Users\ADIKTA\.m2\repository\com\fasterxml\jackson\core\jackson-annotations\2.13.5\jackson-annotations-2.13.5.jar;C:\Users\ADIKTA\.m2\repository\com\fasterxml\jackson\dataformat\jackson-dataformat-xml\2.13.5\jackson-dataformat-xml-2.13.5.jar;C:\Users\ADIKTA\.m2\repository\org\codehaus\woodstox\stax2-api\4.2.1\stax2-api-4.2.1.jar;C:\Users\ADIKTA\.m2\repository\com\fasterxml\woodstox\woodstox-core\6.4.0\woodstox-core-6.4.0.jar;C:\Users\ADIKTA\.m2\repository\org\springframework\boot\spring-boot-starter-tomcat\2.7.18\spring-boot-starter-tomcat-2.7.18.jar;C:\Users\ADIKTA\.m2\repository\jakarta\annotation\jakarta.annotation-api\1.3.5\jakarta.annotation-api-1.3.5.jar;C:\Users\ADIKTA\.m2\repository\org\apache\tomcat\embed\tomcat-embed-core\9.0.83\tomcat-embed-core-9.0.83.jar;C:\Users\ADIKTA\.m2\repository\org\apache\tomcat\embed\tomcat-embed-el\9.0.83\tomcat-embed-el-9.0.83.jar;C:\Users\ADIKTA\.m2\repository\org\apache\tomcat\embed\tomcat-embed-websocket\9.0.83\tomcat-embed-websocket-9.0.83.jar
Launcher Type: SUN_STANDARD

[Global flags]
     intx CICompilerCount                          = 4                                         {product} {ergonomic}
     uint ConcGCThreads                            = 3                                         {product} {ergonomic}
     uint G1ConcRefinementThreads                  = 10                                        {product} {ergonomic}
   size_t G1HeapRegionSize                         = 1048576                                   {product} {ergonomic}
    uintx GCDrainStackTargetSize                   = 64                                        {product} {ergonomic}
   size_t InitialHeapSize                          = 132120576                                 {product} {ergonomic}
     bool ManagementServer                         = true                                      {product} {command line}
   size_t MarkStackSize                            = 4194304                                   {product} {ergonomic}
   size_t MaxHeapSize                              = 2099249152                                {product} {ergonomic}
   size_t MaxNewSize                               = 1259339776                                {product} {ergonomic}
   size_t MinHeapDeltaBytes                        = 1048576                                   {product} {ergonomic}
   size_t MinHeapSize                              = 8388608                                   {product} {ergonomic}
    uintx NonNMethodCodeHeapSize                   = 5839372                                {pd product} {ergonomic}
    uintx NonProfiledCodeHeapSize                  = 122909434                              {pd product} {ergonomic}
    uintx ProfiledCodeHeapSize                     = 122909434                              {pd product} {ergonomic}
    uintx ReservedCodeCacheSize                    = 251658240                              {pd product} {ergonomic}
     bool SegmentedCodeCache                       = true                                      {product} {ergonomic}
     bool ShowCodeDetailsInExceptionMessages       = true                                   {manageable} {command line}
   size_t SoftMaxHeapSize                          = 2099249152                             {manageable} {ergonomic}
     bool UseCompressedOops                        = true                           {product lp64_product} {ergonomic}
     bool UseG1GC                                  = true                                      {product} {ergonomic}
     bool UseLargePagesIndividualAllocation        = false                                  {pd product} {ergonomic}

Logging:
Log output configuration:
 #0: stdout all=warning uptime,level,tags foldmultilines=false
 #1: stderr all=off uptime,level,tags foldmultilines=false

Environment Variables:
JAVA_HOME=C:\Program Files\Java\jdk-21
PATH=C:\Users\ADIKTA\bin;C:\Program Files\Git\mingw64\bin;C:\Program Files\Git\usr\local\bin;C:\Program Files\Git\usr\bin;C:\Program Files\Git\usr\bin;C:\Program Files\Git\mingw64\bin;C:\Program Files\Git\usr\bin;C:\Users\ADIKTA\bin;C:\Program Files (x86)\VMware\VMware Player\bin;C:\Program Files\Common Files\Oracle\Java\javapath;C:\Program Files (x86)\Common Files\Oracle\Java\java8path;C:\Program Files (x86)\Common Files\Oracle\Java\javapath;C:\WINDOWS\system32;C:\WINDOWS;C:\WINDOWS\System32\Wbem;C:\WINDOWS\System32\WindowsPowerShell\v1.0;C:\WINDOWS\System32\OpenSSH;C:\Program Files\nodejs;C:\Program Files\Git\cmd;C:\Program Files\dotnet;C:\Program Files\Microsoft Network Monitor 3;C:\Users\ADIKTA\AppData\Local\Programs\Python\Python312\Scripts;C:\Users\ADIKTA\AppData\Local\Programs\Python\Python312;C:\Users\ADIKTA\.console-ninja\.bin;C:\Users\ADIKTA\AppData\Local\Microsoft\WindowsApps;C:\Users\ADIKTA\AppData\Local\Programs\Microsoft VS Code\bin;C:\Program Files\Java\jdk-21\bin;C:\MAVEN\bin;C:\Users\ADIKTA\AppData\Roaming\npm;C:\Program Files\Git\usr\bin\vendor_perl;C:\Program Files\Git\usr\bin\core_perl
USERNAME=ADIKTA
SHELL=C:\Program Files\Git\usr\bin\bash.exe
DISPLAY=needs-to-be-defined
LANG=en_US.UTF-8
TERM=xterm-256color
TMPDIR=C:\Users\ADIKTA\AppData\Local\Temp
OS=Windows_NT
PROCESSOR_IDENTIFIER=Intel64 Family 6 Model 165 Stepping 3, GenuineIntel
TMP=C:\Users\ADIKTA\AppData\Local\Temp
TEMP=C:\Users\ADIKTA\AppData\Local\Temp




Periodic native trim disabled

---------------  S Y S T E M  ---------------

OS:
 Windows 11 , 64 bit Build 22621 (10.0.22621.3958)
OS uptime: 0 days 15:49 hours

CPU: total 12 (initial active 12) (6 cores per cpu, 2 threads per core) family 6 model 165 stepping 3 microcode 0xea, cx8, cmov, fxsr, ht, mmx, 3dnowpref, sse, sse2, sse3, ssse3, sse4.1, sse4.2, popcnt, lzcnt, tsc, tscinvbit, avx, avx2, aes, erms, clmul, bmi1, bmi2, adx, fma, vzeroupper, clflush, clflushopt, rdtscp, f16c
Processor Information for all 12 processors :
  Max Mhz: 2904, Current Mhz: 2904, Mhz Limit: 2904

Memory: 4k page, system-wide physical 8003M (593M free)
TotalPageFile size 32579M (AvailPageFile size 2M)
current process WorkingSet (physical memory assigned to process): 603M, peak: 796M
current process commit charge ("private bytes"): 956M, peak: 1358M

vm_info: Java HotSpot(TM) 64-Bit Server VM (21.0.2+13-LTS-58) for windows-amd64 JRE (21.0.2+13-LTS-58), built on 2024-01-05T18:32:24Z by "mach5one" with MS VC++ 17.1 (VS2022)

END.
