#
# There is insufficient memory for the Java Runtime Environment to continue.
# Native memory allocation (malloc) failed to allocate 867696 bytes for Chunk::new
# Possible reasons:
#   The system is out of physical RAM or swap space
#   The process is running with CompressedOops enabled, and the Java Heap may be blocking the growth of the native heap
# Possible solutions:
#   Reduce memory load on the system
#   Increase physical memory or swap space
#   Check if swap backing store is full
#   Decrease Java heap size (-Xmx/-Xms)
#   Decrease number of Java threads
#   Decrease Java thread stack sizes (-Xss)
#   Set larger code cache with -XX:ReservedCodeCacheSize=
#   JVM is running with Unscaled Compressed Oops mode in which the Java heap is
#     placed in the first 4GB address space. The Java Heap base address is the
#     maximum limit for the native heap growth. Please use -XX:HeapBaseMinAddress
#     to set the Java Heap base and to place the Java Heap above 4GB virtual address.
# This output file may be truncated or incomplete.
#
#  Out of Memory Error (arena.cpp:168), pid=3624, tid=11832
#
# JRE version: Java(TM) SE Runtime Environment (21.0.2+13) (build 21.0.2+13-LTS-58)
# Java VM: Java HotSpot(TM) 64-Bit Server VM (21.0.2+13-LTS-58, mixed mode, sharing, tiered, compressed oops, compressed class ptrs, g1 gc, windows-amd64)
# No core dump will be written. Minidumps are not enabled by default on client versions of Windows
#

---------------  S U M M A R Y ------------

Command Line: -XX:+ShowCodeDetailsInExceptionMessages -Dspring.jmx.enabled=true -Dmanagement.endpoints.jmx.exposure.include=* -Dspring.application.admin.enabled=true -Dspring.boot.project.name=erp_epmapat -Djava.rmi.server.hostname=localhost -Dcom.sun.management.jmxremote.port=45556 -Dcom.sun.management.jmxremote.authenticate=false -Dcom.sun.management.jmxremote.ssl=false com.epmapat.erp_epmapat.ErpEpmapatApplication

Host: Intel(R) Core(TM) i5-10400 CPU @ 2.90GHz, 12 cores, 7G,  Windows 11 , 64 bit Build 22621 (10.0.22621.3958)
Time: Mon Sep  9 14:42:13 2024 Hora est. Pacífico, Sudamérica elapsed time: 10554.778546 seconds (0d 2h 55m 54s)

---------------  T H R E A D  ---------------

Current thread (0x000001f97f78a850):  JavaThread "C2 CompilerThread0" daemon [_thread_in_native, id=11832, stack(0x0000008725000000,0x0000008725100000) (1024K)]


Current CompileTask:
C2:10554778 19483       4       org.springframework.transaction.support.AbstractPlatformTransactionManager::cleanupAfterCompletion (83 bytes)

Stack: [0x0000008725000000,0x0000008725100000]
Native frames: (J=compiled Java code, j=interpreted, Vv=VM code, C=native code)
V  [jvm.dll+0x6cade9]
V  [jvm.dll+0x8569c1]
V  [jvm.dll+0x858d2e]
V  [jvm.dll+0x859413]
V  [jvm.dll+0x280e56]
V  [jvm.dll+0xc3f3d]
V  [jvm.dll+0xc4473]
V  [jvm.dll+0x3b5bf2]
V  [jvm.dll+0x382855]
V  [jvm.dll+0x381cca]
V  [jvm.dll+0x249bd0]
V  [jvm.dll+0x2491b1]
V  [jvm.dll+0x1c9634]
V  [jvm.dll+0x258859]
V  [jvm.dll+0x256e3a]
V  [jvm.dll+0x3ef6c6]
V  [jvm.dll+0x7ff568]
V  [jvm.dll+0x6c953d]
C  [ucrtbase.dll+0x29333]
C  [KERNEL32.DLL+0x1257d]
C  [ntdll.dll+0x5af28]


---------------  P R O C E S S  ---------------

Threads class SMR info:
_java_thread_list=0x000001f945d6ffa0, length=34, elements={
0x000001f97efd4310, 0x000001f97efd5030, 0x000001f97efd9240, 0x000001f97efd9dd0,
0x000001f97efdac40, 0x000001f97efdd0b0, 0x000001f97f78a850, 0x000001f97f78f090,
0x000001f97f87e470, 0x000001f97f951080, 0x000001f94569f730, 0x000001f94537cb50,
0x000001f9453efe00, 0x000001f9459d6b60, 0x000001f945a15340, 0x000001f94676ed60,
0x000001f946771b50, 0x000001f946770110, 0x000001f946770e30, 0x000001f948750c30,
0x000001f94874ff10, 0x000001f94874eb60, 0x000001f948754740, 0x000001f948753390,
0x000001f9487540b0, 0x000001f948755460, 0x000001f948754dd0, 0x000001f94874f1f0,
0x000001f94874e4d0, 0x000001f9467714c0, 0x000001f9467721e0, 0x000001f9488e6c90,
0x000001f9488e3ea0, 0x000001f947653e70
}

Java Threads: ( => current thread )
  0x000001f97efd4310 JavaThread "Reference Handler"          daemon [_thread_blocked, id=22684, stack(0x0000008724a00000,0x0000008724b00000) (1024K)]
  0x000001f97efd5030 JavaThread "Finalizer"                  daemon [_thread_blocked, id=15528, stack(0x0000008724b00000,0x0000008724c00000) (1024K)]
  0x000001f97efd9240 JavaThread "Signal Dispatcher"          daemon [_thread_blocked, id=13564, stack(0x0000008724c00000,0x0000008724d00000) (1024K)]
  0x000001f97efd9dd0 JavaThread "Attach Listener"            daemon [_thread_blocked, id=22520, stack(0x0000008724d00000,0x0000008724e00000) (1024K)]
  0x000001f97efdac40 JavaThread "Service Thread"             daemon [_thread_blocked, id=12500, stack(0x0000008724e00000,0x0000008724f00000) (1024K)]
  0x000001f97efdd0b0 JavaThread "Monitor Deflation Thread"   daemon [_thread_blocked, id=7652, stack(0x0000008724f00000,0x0000008725000000) (1024K)]
=>0x000001f97f78a850 JavaThread "C2 CompilerThread0"         daemon [_thread_in_native, id=11832, stack(0x0000008725000000,0x0000008725100000) (1024K)]
  0x000001f97f78f090 JavaThread "C1 CompilerThread0"         daemon [_thread_blocked, id=20508, stack(0x0000008725100000,0x0000008725200000) (1024K)]
  0x000001f97f87e470 JavaThread "Common-Cleaner"             daemon [_thread_blocked, id=22264, stack(0x0000008725200000,0x0000008725300000) (1024K)]
  0x000001f97f951080 JavaThread "Notification Thread"        daemon [_thread_blocked, id=13260, stack(0x0000008725300000,0x0000008725400000) (1024K)]
  0x000001f94569f730 JavaThread "RMI TCP Accept-0"           daemon [_thread_in_native, id=22176, stack(0x0000008725600000,0x0000008725700000) (1024K)]
  0x000001f94537cb50 JavaThread "RMI TCP Accept-45556"       daemon [_thread_in_native, id=14400, stack(0x0000008725700000,0x0000008725800000) (1024K)]
  0x000001f9453efe00 JavaThread "RMI TCP Accept-0"           daemon [_thread_in_native, id=17316, stack(0x0000008725800000,0x0000008725900000) (1024K)]
  0x000001f9459d6b60 JavaThread "RMI Scheduler(0)"           daemon [_thread_blocked, id=10420, stack(0x0000008726300000,0x0000008726400000) (1024K)]
  0x000001f945a15340 JavaThread "JMX server connection timeout 37" daemon [_thread_blocked, id=11624, stack(0x0000008726500000,0x0000008726600000) (1024K)]
  0x000001f94676ed60 JavaThread "Catalina-utility-1"                [_thread_blocked, id=22416, stack(0x0000008726600000,0x0000008726700000) (1024K)]
  0x000001f946771b50 JavaThread "Catalina-utility-2"                [_thread_blocked, id=22460, stack(0x0000008726900000,0x0000008726a00000) (1024K)]
  0x000001f946770110 JavaThread "container-0"                       [_thread_blocked, id=13940, stack(0x0000008726a00000,0x0000008726b00000) (1024K)]
  0x000001f946770e30 JavaThread "HikariPool-1 housekeeper"   daemon [_thread_blocked, id=11800, stack(0x0000008726c00000,0x0000008726d00000) (1024K)]
  0x000001f948750c30 JavaThread "http-nio-8080-exec-1"       daemon [_thread_in_Java, id=3332, stack(0x0000008726e00000,0x0000008726f00000) (1024K)]
  0x000001f94874ff10 JavaThread "http-nio-8080-exec-2"       daemon [_thread_in_Java, id=22120, stack(0x0000008726f00000,0x0000008727000000) (1024K)]
  0x000001f94874eb60 JavaThread "http-nio-8080-exec-3"       daemon [_thread_blocked, id=12744, stack(0x0000008727000000,0x0000008727100000) (1024K)]
  0x000001f948754740 JavaThread "http-nio-8080-exec-5"       daemon [_thread_in_Java, id=17700, stack(0x0000008727200000,0x0000008727300000) (1024K)]
  0x000001f948753390 JavaThread "http-nio-8080-exec-7"       daemon [_thread_in_Java, id=4628, stack(0x0000008727400000,0x0000008727500000) (1024K)]
  0x000001f9487540b0 JavaThread "http-nio-8080-exec-9"       daemon [_thread_in_Java, id=22868, stack(0x0000008727600000,0x0000008727700000) (1024K)]
  0x000001f948755460 JavaThread "http-nio-8080-exec-10"      daemon [_thread_in_Java, id=5480, stack(0x0000008727700000,0x0000008727800000) (1024K)]
  0x000001f948754dd0 JavaThread "http-nio-8080-Poller"       daemon [_thread_in_native, id=23396, stack(0x0000008727800000,0x0000008727900000) (1024K)]
  0x000001f94874f1f0 JavaThread "http-nio-8080-Acceptor"     daemon [_thread_in_native, id=16344, stack(0x0000008727900000,0x0000008727a00000) (1024K)]
  0x000001f94874e4d0 JavaThread "DestroyJavaVM"                     [_thread_blocked, id=8220, stack(0x0000008724200000,0x0000008724300000) (1024K)]
  0x000001f9467714c0 JavaThread "http-nio-8080-exec-11"      daemon [_thread_blocked, id=20320, stack(0x0000008724000000,0x0000008724100000) (1024K)]
  0x000001f9467721e0 JavaThread "http-nio-8080-exec-12"      daemon [_thread_blocked, id=22932, stack(0x0000008725400000,0x0000008725500000) (1024K)]
  0x000001f9488e6c90 JavaThread "http-nio-8080-exec-13"      daemon [_thread_blocked, id=18860, stack(0x0000008725900000,0x0000008725a00000) (1024K)]
  0x000001f9488e3ea0 JavaThread "RMI TCP Connection(10)-127.0.0.1" daemon [_thread_in_native, id=6304, stack(0x0000008724100000,0x0000008724200000) (1024K)]
  0x000001f947653e70 JavaThread "C2 CompilerThread1"         daemon [_thread_in_native, id=16268, stack(0x0000008723f00000,0x0000008724000000) (1024K)]
Total: 34

Other Threads:
  0x000001f97efb75f0 VMThread "VM Thread"                           [id=12432, stack(0x0000008724900000,0x0000008724a00000) (1024K)]
  0x000001f97ef9f080 WatcherThread "VM Periodic Task Thread"        [id=15084, stack(0x0000008724800000,0x0000008724900000) (1024K)]
  0x000001f9629137a0 WorkerThread "GC Thread#0"                     [id=1288, stack(0x0000008724300000,0x0000008724400000) (1024K)]
  0x000001f94588c820 WorkerThread "GC Thread#1"                     [id=18292, stack(0x0000008725a00000,0x0000008725b00000) (1024K)]
  0x000001f9456eb620 WorkerThread "GC Thread#2"                     [id=18456, stack(0x0000008725b00000,0x0000008725c00000) (1024K)]
  0x000001f945897030 WorkerThread "GC Thread#3"                     [id=21592, stack(0x0000008725c00000,0x0000008725d00000) (1024K)]
  0x000001f94588fd50 WorkerThread "GC Thread#4"                     [id=3232, stack(0x0000008725d00000,0x0000008725e00000) (1024K)]
  0x000001f9457fe7f0 WorkerThread "GC Thread#5"                     [id=22136, stack(0x0000008725e00000,0x0000008725f00000) (1024K)]
  0x000001f9459b0130 WorkerThread "GC Thread#6"                     [id=22832, stack(0x0000008725f00000,0x0000008726000000) (1024K)]
  0x000001f9459b0f00 WorkerThread "GC Thread#7"                     [id=13484, stack(0x0000008726000000,0x0000008726100000) (1024K)]
  0x000001f9459b1ac0 WorkerThread "GC Thread#8"                     [id=22908, stack(0x0000008726100000,0x0000008726200000) (1024K)]
  0x000001f9459b2470 WorkerThread "GC Thread#9"                     [id=21620, stack(0x0000008726200000,0x0000008726300000) (1024K)]
  0x000001f9629248e0 ConcurrentGCThread "G1 Main Marker"            [id=18772, stack(0x0000008724400000,0x0000008724500000) (1024K)]
  0x000001f9629264b0 WorkerThread "G1 Conc#0"                       [id=15536, stack(0x0000008724500000,0x0000008724600000) (1024K)]
  0x000001f945a12590 WorkerThread "G1 Conc#1"                       [id=16040, stack(0x0000008726700000,0x0000008726800000) (1024K)]
  0x000001f945a11710 WorkerThread "G1 Conc#2"                       [id=8912, stack(0x0000008726800000,0x0000008726900000) (1024K)]
  0x000001f96295e640 ConcurrentGCThread "G1 Refine#0"               [id=17980, stack(0x0000008724600000,0x0000008724700000) (1024K)]
  0x000001f97ee70660 ConcurrentGCThread "G1 Service"                [id=20132, stack(0x0000008724700000,0x0000008724800000) (1024K)]
Total: 18

Threads with active compile tasks:
C2 CompilerThread0  10554831 19483       4       org.springframework.transaction.support.AbstractPlatformTransactionManager::cleanupAfterCompletion (83 bytes)
C2 CompilerThread1  10554831 19518       4       org.springframework.web.servlet.handler.ConversionServiceExposingInterceptor::preHandle (17 bytes)
Total: 2

VM state: not at safepoint (normal execution)

VM Mutex/Monitor currently owned by a thread: None

Heap address: 0x0000000082e00000, size: 2002 MB, Compressed Oops mode: 32-bit

CDS archive(s) mapped at: [0x000001f900000000-0x000001f900c90000-0x000001f900c90000), size 13172736, SharedBaseAddress: 0x000001f900000000, ArchiveRelocationMode: 1.
Compressed class space mapped at: 0x000001f901000000-0x000001f941000000, reserved size: 1073741824
Narrow klass base: 0x000001f900000000, Narrow klass shift: 0, Narrow klass range: 0x100000000

GC Precious Log:
 CardTable entry size: 512
 Card Set container configuration: InlinePtr #cards 5 size 8 Array Of Cards #cards 12 size 40 Howl #buckets 4 coarsen threshold 1843 Howl Bitmap #cards 512 size 80 coarsen threshold 460 Card regions per heap region 1 cards per card region 2048
 CPUs: 12 total, 12 available
 Memory: 8003M
 Large Page Support: Disabled
 NUMA Support: Disabled
 Compressed Oops: Enabled (32-bit)
 Heap Region Size: 1M
 Heap Min Capacity: 8M
 Heap Initial Capacity: 126M
 Heap Max Capacity: 2002M
 Pre-touch: Disabled
 Parallel Workers: 10
 Concurrent Workers: 3
 Concurrent Refinement Workers: 10
 Periodic GC: Disabled

Heap:
 garbage-first heap   total 432128K, used 85086K [0x0000000082e00000, 0x0000000100000000)
  region size 1024K, 5 young (5120K), 1 survivors (1024K)
 Metaspace       used 80647K, committed 81920K, reserved 1179648K
  class space    used 9613K, committed 10304K, reserved 1048576K

Heap Regions: E=young(eden), S=young(survivor), O=old, HS=humongous(starts), HC=humongous(continues), CS=collection set, F=free, TAMS=top-at-mark-start, PB=parsable bottom
|   0|0x0000000082e00000, 0x0000000082f00000, 0x0000000082f00000|100%|HS|  |TAMS 0x0000000082f00000| PB 0x0000000082e00000| Complete 
|   1|0x0000000082f00000, 0x0000000083000000, 0x0000000083000000|100%| O|  |TAMS 0x0000000083000000| PB 0x0000000082f00000| Untracked 
|   2|0x0000000083000000, 0x0000000083100000, 0x0000000083100000|100%| O|  |TAMS 0x0000000083100000| PB 0x0000000083000000| Untracked 
|   3|0x0000000083100000, 0x0000000083200000, 0x0000000083200000|100%| O|  |TAMS 0x0000000083200000| PB 0x0000000083100000| Untracked 
|   4|0x0000000083200000, 0x0000000083300000, 0x0000000083300000|100%| O|  |TAMS 0x0000000083300000| PB 0x0000000083200000| Untracked 
|   5|0x0000000083300000, 0x0000000083400000, 0x0000000083400000|100%| O|  |TAMS 0x0000000083400000| PB 0x0000000083300000| Untracked 
|   6|0x0000000083400000, 0x0000000083500000, 0x0000000083500000|100%| O|  |TAMS 0x0000000083500000| PB 0x0000000083400000| Untracked 
|   7|0x0000000083500000, 0x0000000083600000, 0x0000000083600000|100%| O|  |TAMS 0x0000000083600000| PB 0x0000000083500000| Untracked 
|   8|0x0000000083600000, 0x0000000083700000, 0x0000000083700000|100%| O|  |TAMS 0x0000000083700000| PB 0x0000000083600000| Untracked 
|   9|0x0000000083700000, 0x0000000083800000, 0x0000000083800000|100%| O|  |TAMS 0x0000000083800000| PB 0x0000000083700000| Untracked 
|  10|0x0000000083800000, 0x0000000083900000, 0x0000000083900000|100%| O|  |TAMS 0x0000000083900000| PB 0x0000000083800000| Untracked 
|  11|0x0000000083900000, 0x0000000083a00000, 0x0000000083a00000|100%| O|  |TAMS 0x0000000083a00000| PB 0x0000000083900000| Untracked 
|  12|0x0000000083a00000, 0x0000000083a00000, 0x0000000083b00000|  0%| F|  |TAMS 0x0000000083a00000| PB 0x0000000083a00000| Untracked 
|  13|0x0000000083b00000, 0x0000000083c00000, 0x0000000083c00000|100%| O|  |TAMS 0x0000000083c00000| PB 0x0000000083b00000| Untracked 
|  14|0x0000000083c00000, 0x0000000083d00000, 0x0000000083d00000|100%| O|  |TAMS 0x0000000083d00000| PB 0x0000000083c00000| Untracked 
|  15|0x0000000083d00000, 0x0000000083e00000, 0x0000000083e00000|100%| O|  |TAMS 0x0000000083e00000| PB 0x0000000083d00000| Untracked 
|  16|0x0000000083e00000, 0x0000000083e00000, 0x0000000083f00000|  0%| F|  |TAMS 0x0000000083e00000| PB 0x0000000083e00000| Untracked 
|  17|0x0000000083f00000, 0x0000000084000000, 0x0000000084000000|100%| O|  |TAMS 0x0000000084000000| PB 0x0000000083f00000| Untracked 
|  18|0x0000000084000000, 0x0000000084100000, 0x0000000084100000|100%| O|  |TAMS 0x0000000084100000| PB 0x0000000084000000| Untracked 
|  19|0x0000000084100000, 0x0000000084200000, 0x0000000084200000|100%| O|  |TAMS 0x0000000084200000| PB 0x0000000084100000| Untracked 
|  20|0x0000000084200000, 0x0000000084300000, 0x0000000084300000|100%| O|  |TAMS 0x0000000084300000| PB 0x0000000084200000| Untracked 
|  21|0x0000000084300000, 0x0000000084400000, 0x0000000084400000|100%| O|  |TAMS 0x0000000084400000| PB 0x0000000084300000| Untracked 
|  22|0x0000000084400000, 0x0000000084400000, 0x0000000084500000|  0%| F|  |TAMS 0x0000000084400000| PB 0x0000000084400000| Untracked 
|  23|0x0000000084500000, 0x0000000084600000, 0x0000000084600000|100%| O|  |TAMS 0x0000000084600000| PB 0x0000000084500000| Untracked 
|  24|0x0000000084600000, 0x0000000084700000, 0x0000000084700000|100%| O|  |TAMS 0x0000000084700000| PB 0x0000000084600000| Untracked 
|  25|0x0000000084700000, 0x0000000084800000, 0x0000000084800000|100%| O|  |TAMS 0x0000000084800000| PB 0x0000000084700000| Untracked 
|  26|0x0000000084800000, 0x0000000084900000, 0x0000000084900000|100%| O|  |TAMS 0x0000000084900000| PB 0x0000000084800000| Untracked 
|  27|0x0000000084900000, 0x0000000084a00000, 0x0000000084a00000|100%| O|  |TAMS 0x0000000084a00000| PB 0x0000000084900000| Untracked 
|  28|0x0000000084a00000, 0x0000000084a00000, 0x0000000084b00000|  0%| F|  |TAMS 0x0000000084a00000| PB 0x0000000084a00000| Untracked 
|  29|0x0000000084b00000, 0x0000000084c00000, 0x0000000084c00000|100%| O|  |TAMS 0x0000000084c00000| PB 0x0000000084b00000| Untracked 
|  30|0x0000000084c00000, 0x0000000084d00000, 0x0000000084d00000|100%| O|  |TAMS 0x0000000084d00000| PB 0x0000000084c00000| Untracked 
|  31|0x0000000084d00000, 0x0000000084e00000, 0x0000000084e00000|100%| O|  |TAMS 0x0000000084e00000| PB 0x0000000084d00000| Untracked 
|  32|0x0000000084e00000, 0x0000000084f00000, 0x0000000084f00000|100%| O|  |TAMS 0x0000000084f00000| PB 0x0000000084e00000| Untracked 
|  33|0x0000000084f00000, 0x0000000085000000, 0x0000000085000000|100%| O|  |TAMS 0x0000000085000000| PB 0x0000000084f00000| Untracked 
|  34|0x0000000085000000, 0x0000000085100000, 0x0000000085100000|100%| O|  |TAMS 0x0000000085100000| PB 0x0000000085000000| Untracked 
|  35|0x0000000085100000, 0x0000000085200000, 0x0000000085200000|100%| O|  |TAMS 0x0000000085200000| PB 0x0000000085100000| Untracked 
|  36|0x0000000085200000, 0x0000000085300000, 0x0000000085300000|100%| O|  |TAMS 0x0000000085300000| PB 0x0000000085200000| Untracked 
|  37|0x0000000085300000, 0x0000000085400000, 0x0000000085400000|100%| O|  |TAMS 0x0000000085400000| PB 0x0000000085300000| Untracked 
|  38|0x0000000085400000, 0x0000000085500000, 0x0000000085500000|100%| O|  |TAMS 0x0000000085500000| PB 0x0000000085400000| Untracked 
|  39|0x0000000085500000, 0x0000000085600000, 0x0000000085600000|100%| O|  |TAMS 0x0000000085600000| PB 0x0000000085500000| Untracked 
|  40|0x0000000085600000, 0x0000000085700000, 0x0000000085700000|100%| O|  |TAMS 0x0000000085700000| PB 0x0000000085600000| Untracked 
|  41|0x0000000085700000, 0x0000000085800000, 0x0000000085800000|100%| O|  |TAMS 0x0000000085800000| PB 0x0000000085700000| Untracked 
|  42|0x0000000085800000, 0x0000000085800000, 0x0000000085900000|  0%| F|  |TAMS 0x0000000085800000| PB 0x0000000085800000| Untracked 
|  43|0x0000000085900000, 0x0000000085900000, 0x0000000085a00000|  0%| F|  |TAMS 0x0000000085900000| PB 0x0000000085900000| Untracked 
|  44|0x0000000085a00000, 0x0000000085b00000, 0x0000000085b00000|100%| O|  |TAMS 0x0000000085b00000| PB 0x0000000085a00000| Untracked 
|  45|0x0000000085b00000, 0x0000000085c00000, 0x0000000085c00000|100%| O|  |TAMS 0x0000000085c00000| PB 0x0000000085b00000| Untracked 
|  46|0x0000000085c00000, 0x0000000085d00000, 0x0000000085d00000|100%| O|  |TAMS 0x0000000085d00000| PB 0x0000000085c00000| Untracked 
|  47|0x0000000085d00000, 0x0000000085e00000, 0x0000000085e00000|100%| O|  |TAMS 0x0000000085e00000| PB 0x0000000085d00000| Untracked 
|  48|0x0000000085e00000, 0x0000000085f00000, 0x0000000085f00000|100%| O|  |TAMS 0x0000000085f00000| PB 0x0000000085e00000| Untracked 
|  49|0x0000000085f00000, 0x0000000086000000, 0x0000000086000000|100%| O|  |TAMS 0x0000000086000000| PB 0x0000000085f00000| Untracked 
|  50|0x0000000086000000, 0x000000008605bc80, 0x0000000086100000| 35%| O|  |TAMS 0x000000008605bc80| PB 0x0000000086000000| Untracked 
|  51|0x0000000086100000, 0x0000000086200000, 0x0000000086200000|100%| O|  |TAMS 0x0000000086200000| PB 0x0000000086100000| Untracked 
|  52|0x0000000086200000, 0x0000000086300000, 0x0000000086300000|100%| O|  |TAMS 0x0000000086300000| PB 0x0000000086200000| Untracked 
|  53|0x0000000086300000, 0x0000000086400000, 0x0000000086400000|100%| O|  |TAMS 0x0000000086400000| PB 0x0000000086300000| Untracked 
|  54|0x0000000086400000, 0x0000000086500000, 0x0000000086500000|100%| O|  |TAMS 0x0000000086500000| PB 0x0000000086400000| Untracked 
|  55|0x0000000086500000, 0x0000000086600000, 0x0000000086600000|100%| O|  |TAMS 0x0000000086600000| PB 0x0000000086500000| Untracked 
|  56|0x0000000086600000, 0x0000000086700000, 0x0000000086700000|100%| O|  |TAMS 0x0000000086700000| PB 0x0000000086600000| Untracked 
|  57|0x0000000086700000, 0x0000000086800000, 0x0000000086800000|100%| O|  |TAMS 0x0000000086800000| PB 0x0000000086700000| Untracked 
|  58|0x0000000086800000, 0x0000000086900000, 0x0000000086900000|100%| O|  |TAMS 0x0000000086900000| PB 0x0000000086800000| Untracked 
|  59|0x0000000086900000, 0x0000000086a00000, 0x0000000086a00000|100%| O|  |TAMS 0x0000000086a00000| PB 0x0000000086900000| Untracked 
|  60|0x0000000086a00000, 0x0000000086b00000, 0x0000000086b00000|100%| O|  |TAMS 0x0000000086b00000| PB 0x0000000086a00000| Untracked 
|  61|0x0000000086b00000, 0x0000000086c00000, 0x0000000086c00000|100%| O|  |TAMS 0x0000000086c00000| PB 0x0000000086b00000| Untracked 
|  62|0x0000000086c00000, 0x0000000086d00000, 0x0000000086d00000|100%| O|  |TAMS 0x0000000086d00000| PB 0x0000000086c00000| Untracked 
|  63|0x0000000086d00000, 0x0000000086e00000, 0x0000000086e00000|100%| O|  |TAMS 0x0000000086e00000| PB 0x0000000086d00000| Untracked 
|  64|0x0000000086e00000, 0x0000000086f00000, 0x0000000086f00000|100%| O|  |TAMS 0x0000000086f00000| PB 0x0000000086e00000| Untracked 
|  65|0x0000000086f00000, 0x0000000087000000, 0x0000000087000000|100%| O|  |TAMS 0x0000000087000000| PB 0x0000000086f00000| Untracked 
|  66|0x0000000087000000, 0x0000000087100000, 0x0000000087100000|100%| O|  |TAMS 0x0000000087100000| PB 0x0000000087000000| Untracked 
|  67|0x0000000087100000, 0x0000000087200000, 0x0000000087200000|100%| O|  |TAMS 0x0000000087200000| PB 0x0000000087100000| Untracked 
|  68|0x0000000087200000, 0x0000000087300000, 0x0000000087300000|100%| O|  |TAMS 0x0000000087300000| PB 0x0000000087200000| Untracked 
|  69|0x0000000087300000, 0x0000000087400000, 0x0000000087400000|100%| O|  |TAMS 0x0000000087400000| PB 0x0000000087300000| Untracked 
|  70|0x0000000087400000, 0x0000000087500000, 0x0000000087500000|100%| O|  |TAMS 0x0000000087500000| PB 0x0000000087400000| Untracked 
|  71|0x0000000087500000, 0x0000000087500000, 0x0000000087600000|  0%| F|  |TAMS 0x0000000087500000| PB 0x0000000087500000| Untracked 
|  72|0x0000000087600000, 0x0000000087700000, 0x0000000087700000|100%| O|  |TAMS 0x0000000087700000| PB 0x0000000087600000| Untracked 
|  73|0x0000000087700000, 0x0000000087800000, 0x0000000087800000|100%| O|  |TAMS 0x0000000087800000| PB 0x0000000087700000| Untracked 
|  74|0x0000000087800000, 0x0000000087900000, 0x0000000087900000|100%| O|  |TAMS 0x0000000087900000| PB 0x0000000087800000| Untracked 
|  75|0x0000000087900000, 0x0000000087a00000, 0x0000000087a00000|100%| O|  |TAMS 0x0000000087a00000| PB 0x0000000087900000| Untracked 
|  76|0x0000000087a00000, 0x0000000087b00000, 0x0000000087b00000|100%| O|  |TAMS 0x0000000087b00000| PB 0x0000000087a00000| Untracked 
|  77|0x0000000087b00000, 0x0000000087c00000, 0x0000000087c00000|100%| O|  |TAMS 0x0000000087c00000| PB 0x0000000087b00000| Untracked 
|  78|0x0000000087c00000, 0x0000000087d00000, 0x0000000087d00000|100%| O|  |TAMS 0x0000000087d00000| PB 0x0000000087c00000| Untracked 
|  79|0x0000000087d00000, 0x0000000087e00000, 0x0000000087e00000|100%| O|  |TAMS 0x0000000087e00000| PB 0x0000000087d00000| Untracked 
|  80|0x0000000087e00000, 0x0000000087f00000, 0x0000000087f00000|100%| O|  |TAMS 0x0000000087f00000| PB 0x0000000087e00000| Untracked 
|  81|0x0000000087f00000, 0x0000000088000000, 0x0000000088000000|100%| O|  |TAMS 0x0000000088000000| PB 0x0000000087f00000| Untracked 
|  82|0x0000000088000000, 0x0000000088100000, 0x0000000088100000|100%| O|  |TAMS 0x0000000088100000| PB 0x0000000088000000| Untracked 
|  83|0x0000000088100000, 0x0000000088200000, 0x0000000088200000|100%| O|  |TAMS 0x0000000088200000| PB 0x0000000088100000| Untracked 
|  84|0x0000000088200000, 0x0000000088300000, 0x0000000088300000|100%| O|  |TAMS 0x0000000088300000| PB 0x0000000088200000| Untracked 
|  85|0x0000000088300000, 0x0000000088400000, 0x0000000088400000|100%| O|  |TAMS 0x0000000088400000| PB 0x0000000088300000| Untracked 
|  86|0x0000000088400000, 0x0000000088400000, 0x0000000088500000|  0%| F|  |TAMS 0x0000000088400000| PB 0x0000000088400000| Untracked 
|  87|0x0000000088500000, 0x0000000088500000, 0x0000000088600000|  0%| F|  |TAMS 0x0000000088500000| PB 0x0000000088500000| Untracked 
|  88|0x0000000088600000, 0x0000000088600000, 0x0000000088700000|  0%| F|  |TAMS 0x0000000088600000| PB 0x0000000088600000| Untracked 
|  89|0x0000000088700000, 0x0000000088700000, 0x0000000088800000|  0%| F|  |TAMS 0x0000000088700000| PB 0x0000000088700000| Untracked 
|  90|0x0000000088800000, 0x0000000088800000, 0x0000000088900000|  0%| F|  |TAMS 0x0000000088800000| PB 0x0000000088800000| Untracked 
|  91|0x0000000088900000, 0x0000000088900000, 0x0000000088a00000|  0%| F|  |TAMS 0x0000000088900000| PB 0x0000000088900000| Untracked 
|  92|0x0000000088a00000, 0x0000000088a00000, 0x0000000088b00000|  0%| F|  |TAMS 0x0000000088a00000| PB 0x0000000088a00000| Untracked 
|  93|0x0000000088b00000, 0x0000000088b00000, 0x0000000088c00000|  0%| F|  |TAMS 0x0000000088b00000| PB 0x0000000088b00000| Untracked 
|  94|0x0000000088c00000, 0x0000000088c00000, 0x0000000088d00000|  0%| F|  |TAMS 0x0000000088c00000| PB 0x0000000088c00000| Untracked 
|  95|0x0000000088d00000, 0x0000000088d00000, 0x0000000088e00000|  0%| F|  |TAMS 0x0000000088d00000| PB 0x0000000088d00000| Untracked 
|  96|0x0000000088e00000, 0x0000000088e00000, 0x0000000088f00000|  0%| F|  |TAMS 0x0000000088e00000| PB 0x0000000088e00000| Untracked 
|  97|0x0000000088f00000, 0x0000000088f00000, 0x0000000089000000|  0%| F|  |TAMS 0x0000000088f00000| PB 0x0000000088f00000| Untracked 
|  98|0x0000000089000000, 0x0000000089000000, 0x0000000089100000|  0%| F|  |TAMS 0x0000000089000000| PB 0x0000000089000000| Untracked 
|  99|0x0000000089100000, 0x0000000089100000, 0x0000000089200000|  0%| F|  |TAMS 0x0000000089100000| PB 0x0000000089100000| Untracked 
| 100|0x0000000089200000, 0x0000000089200000, 0x0000000089300000|  0%| F|  |TAMS 0x0000000089200000| PB 0x0000000089200000| Untracked 
| 101|0x0000000089300000, 0x0000000089300000, 0x0000000089400000|  0%| F|  |TAMS 0x0000000089300000| PB 0x0000000089300000| Untracked 
| 102|0x0000000089400000, 0x0000000089400000, 0x0000000089500000|  0%| F|  |TAMS 0x0000000089400000| PB 0x0000000089400000| Untracked 
| 103|0x0000000089500000, 0x0000000089500000, 0x0000000089600000|  0%| F|  |TAMS 0x0000000089500000| PB 0x0000000089500000| Untracked 
| 104|0x0000000089600000, 0x0000000089600000, 0x0000000089700000|  0%| F|  |TAMS 0x0000000089600000| PB 0x0000000089600000| Untracked 
| 105|0x0000000089700000, 0x0000000089700000, 0x0000000089800000|  0%| F|  |TAMS 0x0000000089700000| PB 0x0000000089700000| Untracked 
| 106|0x0000000089800000, 0x0000000089800000, 0x0000000089900000|  0%| F|  |TAMS 0x0000000089800000| PB 0x0000000089800000| Untracked 
| 107|0x0000000089900000, 0x0000000089900000, 0x0000000089a00000|  0%| F|  |TAMS 0x0000000089900000| PB 0x0000000089900000| Untracked 
| 108|0x0000000089a00000, 0x0000000089a00000, 0x0000000089b00000|  0%| F|  |TAMS 0x0000000089a00000| PB 0x0000000089a00000| Untracked 
| 109|0x0000000089b00000, 0x0000000089b00000, 0x0000000089c00000|  0%| F|  |TAMS 0x0000000089b00000| PB 0x0000000089b00000| Untracked 
| 110|0x0000000089c00000, 0x0000000089c00000, 0x0000000089d00000|  0%| F|  |TAMS 0x0000000089c00000| PB 0x0000000089c00000| Untracked 
| 111|0x0000000089d00000, 0x0000000089d00000, 0x0000000089e00000|  0%| F|  |TAMS 0x0000000089d00000| PB 0x0000000089d00000| Untracked 
| 112|0x0000000089e00000, 0x0000000089e00000, 0x0000000089f00000|  0%| F|  |TAMS 0x0000000089e00000| PB 0x0000000089e00000| Untracked 
| 113|0x0000000089f00000, 0x0000000089f00000, 0x000000008a000000|  0%| F|  |TAMS 0x0000000089f00000| PB 0x0000000089f00000| Untracked 
| 114|0x000000008a000000, 0x000000008a000000, 0x000000008a100000|  0%| F|  |TAMS 0x000000008a000000| PB 0x000000008a000000| Untracked 
| 115|0x000000008a100000, 0x000000008a100000, 0x000000008a200000|  0%| F|  |TAMS 0x000000008a100000| PB 0x000000008a100000| Untracked 
| 116|0x000000008a200000, 0x000000008a200000, 0x000000008a300000|  0%| F|  |TAMS 0x000000008a200000| PB 0x000000008a200000| Untracked 
| 117|0x000000008a300000, 0x000000008a300000, 0x000000008a400000|  0%| F|  |TAMS 0x000000008a300000| PB 0x000000008a300000| Untracked 
| 118|0x000000008a400000, 0x000000008a400000, 0x000000008a500000|  0%| F|  |TAMS 0x000000008a400000| PB 0x000000008a400000| Untracked 
| 119|0x000000008a500000, 0x000000008a500000, 0x000000008a600000|  0%| F|  |TAMS 0x000000008a500000| PB 0x000000008a500000| Untracked 
| 120|0x000000008a600000, 0x000000008a600000, 0x000000008a700000|  0%| F|  |TAMS 0x000000008a600000| PB 0x000000008a600000| Untracked 
| 121|0x000000008a700000, 0x000000008a700000, 0x000000008a800000|  0%| F|  |TAMS 0x000000008a700000| PB 0x000000008a700000| Untracked 
| 122|0x000000008a800000, 0x000000008a800000, 0x000000008a900000|  0%| F|  |TAMS 0x000000008a800000| PB 0x000000008a800000| Untracked 
| 123|0x000000008a900000, 0x000000008a900000, 0x000000008aa00000|  0%| F|  |TAMS 0x000000008a900000| PB 0x000000008a900000| Untracked 
| 124|0x000000008aa00000, 0x000000008aa00000, 0x000000008ab00000|  0%| F|  |TAMS 0x000000008aa00000| PB 0x000000008aa00000| Untracked 
| 125|0x000000008ab00000, 0x000000008ab00000, 0x000000008ac00000|  0%| F|  |TAMS 0x000000008ab00000| PB 0x000000008ab00000| Untracked 
| 126|0x000000008ac00000, 0x000000008ac00000, 0x000000008ad00000|  0%| F|  |TAMS 0x000000008ac00000| PB 0x000000008ac00000| Untracked 
| 127|0x000000008ad00000, 0x000000008ad00000, 0x000000008ae00000|  0%| F|  |TAMS 0x000000008ad00000| PB 0x000000008ad00000| Untracked 
| 128|0x000000008ae00000, 0x000000008ae00000, 0x000000008af00000|  0%| F|  |TAMS 0x000000008ae00000| PB 0x000000008ae00000| Untracked 
| 129|0x000000008af00000, 0x000000008af00000, 0x000000008b000000|  0%| F|  |TAMS 0x000000008af00000| PB 0x000000008af00000| Untracked 
| 130|0x000000008b000000, 0x000000008b000000, 0x000000008b100000|  0%| F|  |TAMS 0x000000008b000000| PB 0x000000008b000000| Untracked 
| 131|0x000000008b100000, 0x000000008b100000, 0x000000008b200000|  0%| F|  |TAMS 0x000000008b100000| PB 0x000000008b100000| Untracked 
| 132|0x000000008b200000, 0x000000008b200000, 0x000000008b300000|  0%| F|  |TAMS 0x000000008b200000| PB 0x000000008b200000| Untracked 
| 133|0x000000008b300000, 0x000000008b300000, 0x000000008b400000|  0%| F|  |TAMS 0x000000008b300000| PB 0x000000008b300000| Untracked 
| 134|0x000000008b400000, 0x000000008b400000, 0x000000008b500000|  0%| F|  |TAMS 0x000000008b400000| PB 0x000000008b400000| Untracked 
| 135|0x000000008b500000, 0x000000008b500000, 0x000000008b600000|  0%| F|  |TAMS 0x000000008b500000| PB 0x000000008b500000| Untracked 
| 136|0x000000008b600000, 0x000000008b600000, 0x000000008b700000|  0%| F|  |TAMS 0x000000008b600000| PB 0x000000008b600000| Untracked 
| 137|0x000000008b700000, 0x000000008b700000, 0x000000008b800000|  0%| F|  |TAMS 0x000000008b700000| PB 0x000000008b700000| Untracked 
| 138|0x000000008b800000, 0x000000008b800000, 0x000000008b900000|  0%| F|  |TAMS 0x000000008b800000| PB 0x000000008b800000| Untracked 
| 139|0x000000008b900000, 0x000000008b900000, 0x000000008ba00000|  0%| F|  |TAMS 0x000000008b900000| PB 0x000000008b900000| Untracked 
| 140|0x000000008ba00000, 0x000000008ba00000, 0x000000008bb00000|  0%| F|  |TAMS 0x000000008ba00000| PB 0x000000008ba00000| Untracked 
| 141|0x000000008bb00000, 0x000000008bb00000, 0x000000008bc00000|  0%| F|  |TAMS 0x000000008bb00000| PB 0x000000008bb00000| Untracked 
| 142|0x000000008bc00000, 0x000000008bc00000, 0x000000008bd00000|  0%| F|  |TAMS 0x000000008bc00000| PB 0x000000008bc00000| Untracked 
| 143|0x000000008bd00000, 0x000000008bd00000, 0x000000008be00000|  0%| F|  |TAMS 0x000000008bd00000| PB 0x000000008bd00000| Untracked 
| 144|0x000000008be00000, 0x000000008be00000, 0x000000008bf00000|  0%| F|  |TAMS 0x000000008be00000| PB 0x000000008be00000| Untracked 
| 145|0x000000008bf00000, 0x000000008bf00000, 0x000000008c000000|  0%| F|  |TAMS 0x000000008bf00000| PB 0x000000008bf00000| Untracked 
| 146|0x000000008c000000, 0x000000008c000000, 0x000000008c100000|  0%| F|  |TAMS 0x000000008c000000| PB 0x000000008c000000| Untracked 
| 147|0x000000008c100000, 0x000000008c100000, 0x000000008c200000|  0%| F|  |TAMS 0x000000008c100000| PB 0x000000008c100000| Untracked 
| 148|0x000000008c200000, 0x000000008c200000, 0x000000008c300000|  0%| F|  |TAMS 0x000000008c200000| PB 0x000000008c200000| Untracked 
| 149|0x000000008c300000, 0x000000008c300000, 0x000000008c400000|  0%| F|  |TAMS 0x000000008c300000| PB 0x000000008c300000| Untracked 
| 150|0x000000008c400000, 0x000000008c400000, 0x000000008c500000|  0%| F|  |TAMS 0x000000008c400000| PB 0x000000008c400000| Untracked 
| 151|0x000000008c500000, 0x000000008c500000, 0x000000008c600000|  0%| F|  |TAMS 0x000000008c500000| PB 0x000000008c500000| Untracked 
| 152|0x000000008c600000, 0x000000008c600000, 0x000000008c700000|  0%| F|  |TAMS 0x000000008c600000| PB 0x000000008c600000| Untracked 
| 153|0x000000008c700000, 0x000000008c700000, 0x000000008c800000|  0%| F|  |TAMS 0x000000008c700000| PB 0x000000008c700000| Untracked 
| 154|0x000000008c800000, 0x000000008c800000, 0x000000008c900000|  0%| F|  |TAMS 0x000000008c800000| PB 0x000000008c800000| Untracked 
| 155|0x000000008c900000, 0x000000008c900000, 0x000000008ca00000|  0%| F|  |TAMS 0x000000008c900000| PB 0x000000008c900000| Untracked 
| 156|0x000000008ca00000, 0x000000008ca00000, 0x000000008cb00000|  0%| F|  |TAMS 0x000000008ca00000| PB 0x000000008ca00000| Untracked 
| 157|0x000000008cb00000, 0x000000008cb00000, 0x000000008cc00000|  0%| F|  |TAMS 0x000000008cb00000| PB 0x000000008cb00000| Untracked 
| 158|0x000000008cc00000, 0x000000008cc00000, 0x000000008cd00000|  0%| F|  |TAMS 0x000000008cc00000| PB 0x000000008cc00000| Untracked 
| 159|0x000000008cd00000, 0x000000008cd00000, 0x000000008ce00000|  0%| F|  |TAMS 0x000000008cd00000| PB 0x000000008cd00000| Untracked 
| 160|0x000000008ce00000, 0x000000008ce00000, 0x000000008cf00000|  0%| F|  |TAMS 0x000000008ce00000| PB 0x000000008ce00000| Untracked 
| 161|0x000000008cf00000, 0x000000008cf00000, 0x000000008d000000|  0%| F|  |TAMS 0x000000008cf00000| PB 0x000000008cf00000| Untracked 
| 162|0x000000008d000000, 0x000000008d000000, 0x000000008d100000|  0%| F|  |TAMS 0x000000008d000000| PB 0x000000008d000000| Untracked 
| 163|0x000000008d100000, 0x000000008d100000, 0x000000008d200000|  0%| F|  |TAMS 0x000000008d100000| PB 0x000000008d100000| Untracked 
| 164|0x000000008d200000, 0x000000008d200000, 0x000000008d300000|  0%| F|  |TAMS 0x000000008d200000| PB 0x000000008d200000| Untracked 
| 165|0x000000008d300000, 0x000000008d300000, 0x000000008d400000|  0%| F|  |TAMS 0x000000008d300000| PB 0x000000008d300000| Untracked 
| 166|0x000000008d400000, 0x000000008d400000, 0x000000008d500000|  0%| F|  |TAMS 0x000000008d400000| PB 0x000000008d400000| Untracked 
| 167|0x000000008d500000, 0x000000008d500000, 0x000000008d600000|  0%| F|  |TAMS 0x000000008d500000| PB 0x000000008d500000| Untracked 
| 168|0x000000008d600000, 0x000000008d600000, 0x000000008d700000|  0%| F|  |TAMS 0x000000008d600000| PB 0x000000008d600000| Untracked 
| 169|0x000000008d700000, 0x000000008d7bbd10, 0x000000008d800000| 73%| S|CS|TAMS 0x000000008d700000| PB 0x000000008d700000| Complete 
| 170|0x000000008d800000, 0x000000008d800000, 0x000000008d900000|  0%| F|  |TAMS 0x000000008d800000| PB 0x000000008d800000| Untracked 
| 171|0x000000008d900000, 0x000000008d900000, 0x000000008da00000|  0%| F|  |TAMS 0x000000008d900000| PB 0x000000008d900000| Untracked 
| 172|0x000000008da00000, 0x000000008da00000, 0x000000008db00000|  0%| F|  |TAMS 0x000000008da00000| PB 0x000000008da00000| Untracked 
| 173|0x000000008db00000, 0x000000008db00000, 0x000000008dc00000|  0%| F|  |TAMS 0x000000008db00000| PB 0x000000008db00000| Untracked 
| 174|0x000000008dc00000, 0x000000008dc00000, 0x000000008dd00000|  0%| F|  |TAMS 0x000000008dc00000| PB 0x000000008dc00000| Untracked 
| 175|0x000000008dd00000, 0x000000008dd00000, 0x000000008de00000|  0%| F|  |TAMS 0x000000008dd00000| PB 0x000000008dd00000| Untracked 
| 176|0x000000008de00000, 0x000000008de00000, 0x000000008df00000|  0%| F|  |TAMS 0x000000008de00000| PB 0x000000008de00000| Untracked 
| 177|0x000000008df00000, 0x000000008df00000, 0x000000008e000000|  0%| F|  |TAMS 0x000000008df00000| PB 0x000000008df00000| Untracked 
| 178|0x000000008e000000, 0x000000008e000000, 0x000000008e100000|  0%| F|  |TAMS 0x000000008e000000| PB 0x000000008e000000| Untracked 
| 179|0x000000008e100000, 0x000000008e100000, 0x000000008e200000|  0%| F|  |TAMS 0x000000008e100000| PB 0x000000008e100000| Untracked 
| 180|0x000000008e200000, 0x000000008e200000, 0x000000008e300000|  0%| F|  |TAMS 0x000000008e200000| PB 0x000000008e200000| Untracked 
| 181|0x000000008e300000, 0x000000008e300000, 0x000000008e400000|  0%| F|  |TAMS 0x000000008e300000| PB 0x000000008e300000| Untracked 
| 182|0x000000008e400000, 0x000000008e400000, 0x000000008e500000|  0%| F|  |TAMS 0x000000008e400000| PB 0x000000008e400000| Untracked 
| 183|0x000000008e500000, 0x000000008e500000, 0x000000008e600000|  0%| F|  |TAMS 0x000000008e500000| PB 0x000000008e500000| Untracked 
| 184|0x000000008e600000, 0x000000008e600000, 0x000000008e700000|  0%| F|  |TAMS 0x000000008e600000| PB 0x000000008e600000| Untracked 
| 185|0x000000008e700000, 0x000000008e700000, 0x000000008e800000|  0%| F|  |TAMS 0x000000008e700000| PB 0x000000008e700000| Untracked 
| 186|0x000000008e800000, 0x000000008e800000, 0x000000008e900000|  0%| F|  |TAMS 0x000000008e800000| PB 0x000000008e800000| Untracked 
| 187|0x000000008e900000, 0x000000008e900000, 0x000000008ea00000|  0%| F|  |TAMS 0x000000008e900000| PB 0x000000008e900000| Untracked 
| 188|0x000000008ea00000, 0x000000008ea00000, 0x000000008eb00000|  0%| F|  |TAMS 0x000000008ea00000| PB 0x000000008ea00000| Untracked 
| 189|0x000000008eb00000, 0x000000008eb00000, 0x000000008ec00000|  0%| F|  |TAMS 0x000000008eb00000| PB 0x000000008eb00000| Untracked 
| 190|0x000000008ec00000, 0x000000008ec00000, 0x000000008ed00000|  0%| F|  |TAMS 0x000000008ec00000| PB 0x000000008ec00000| Untracked 
| 191|0x000000008ed00000, 0x000000008ed00000, 0x000000008ee00000|  0%| F|  |TAMS 0x000000008ed00000| PB 0x000000008ed00000| Untracked 
| 192|0x000000008ee00000, 0x000000008ee00000, 0x000000008ef00000|  0%| F|  |TAMS 0x000000008ee00000| PB 0x000000008ee00000| Untracked 
| 193|0x000000008ef00000, 0x000000008ef00000, 0x000000008f000000|  0%| F|  |TAMS 0x000000008ef00000| PB 0x000000008ef00000| Untracked 
| 194|0x000000008f000000, 0x000000008f000000, 0x000000008f100000|  0%| F|  |TAMS 0x000000008f000000| PB 0x000000008f000000| Untracked 
| 195|0x000000008f100000, 0x000000008f100000, 0x000000008f200000|  0%| F|  |TAMS 0x000000008f100000| PB 0x000000008f100000| Untracked 
| 196|0x000000008f200000, 0x000000008f200000, 0x000000008f300000|  0%| F|  |TAMS 0x000000008f200000| PB 0x000000008f200000| Untracked 
| 197|0x000000008f300000, 0x000000008f300000, 0x000000008f400000|  0%| F|  |TAMS 0x000000008f300000| PB 0x000000008f300000| Untracked 
| 198|0x000000008f400000, 0x000000008f400000, 0x000000008f500000|  0%| F|  |TAMS 0x000000008f400000| PB 0x000000008f400000| Untracked 
| 199|0x000000008f500000, 0x000000008f500000, 0x000000008f600000|  0%| F|  |TAMS 0x000000008f500000| PB 0x000000008f500000| Untracked 
| 200|0x000000008f600000, 0x000000008f600000, 0x000000008f700000|  0%| F|  |TAMS 0x000000008f600000| PB 0x000000008f600000| Untracked 
| 201|0x000000008f700000, 0x000000008f700000, 0x000000008f800000|  0%| F|  |TAMS 0x000000008f700000| PB 0x000000008f700000| Untracked 
| 202|0x000000008f800000, 0x000000008f800000, 0x000000008f900000|  0%| F|  |TAMS 0x000000008f800000| PB 0x000000008f800000| Untracked 
| 203|0x000000008f900000, 0x000000008f900000, 0x000000008fa00000|  0%| F|  |TAMS 0x000000008f900000| PB 0x000000008f900000| Untracked 
| 204|0x000000008fa00000, 0x000000008fa00000, 0x000000008fb00000|  0%| F|  |TAMS 0x000000008fa00000| PB 0x000000008fa00000| Untracked 
| 205|0x000000008fb00000, 0x000000008fb00000, 0x000000008fc00000|  0%| F|  |TAMS 0x000000008fb00000| PB 0x000000008fb00000| Untracked 
| 206|0x000000008fc00000, 0x000000008fc00000, 0x000000008fd00000|  0%| F|  |TAMS 0x000000008fc00000| PB 0x000000008fc00000| Untracked 
| 207|0x000000008fd00000, 0x000000008fd00000, 0x000000008fe00000|  0%| F|  |TAMS 0x000000008fd00000| PB 0x000000008fd00000| Untracked 
| 208|0x000000008fe00000, 0x000000008fe00000, 0x000000008ff00000|  0%| F|  |TAMS 0x000000008fe00000| PB 0x000000008fe00000| Untracked 
| 209|0x000000008ff00000, 0x000000008ff00000, 0x0000000090000000|  0%| F|  |TAMS 0x000000008ff00000| PB 0x000000008ff00000| Untracked 
| 210|0x0000000090000000, 0x0000000090000000, 0x0000000090100000|  0%| F|  |TAMS 0x0000000090000000| PB 0x0000000090000000| Untracked 
| 211|0x0000000090100000, 0x0000000090100000, 0x0000000090200000|  0%| F|  |TAMS 0x0000000090100000| PB 0x0000000090100000| Untracked 
| 212|0x0000000090200000, 0x0000000090200000, 0x0000000090300000|  0%| F|  |TAMS 0x0000000090200000| PB 0x0000000090200000| Untracked 
| 213|0x0000000090300000, 0x0000000090300000, 0x0000000090400000|  0%| F|  |TAMS 0x0000000090300000| PB 0x0000000090300000| Untracked 
| 214|0x0000000090400000, 0x0000000090400000, 0x0000000090500000|  0%| F|  |TAMS 0x0000000090400000| PB 0x0000000090400000| Untracked 
| 215|0x0000000090500000, 0x0000000090500000, 0x0000000090600000|  0%| F|  |TAMS 0x0000000090500000| PB 0x0000000090500000| Untracked 
| 216|0x0000000090600000, 0x0000000090600000, 0x0000000090700000|  0%| F|  |TAMS 0x0000000090600000| PB 0x0000000090600000| Untracked 
| 217|0x0000000090700000, 0x0000000090700000, 0x0000000090800000|  0%| F|  |TAMS 0x0000000090700000| PB 0x0000000090700000| Untracked 
| 218|0x0000000090800000, 0x0000000090800000, 0x0000000090900000|  0%| F|  |TAMS 0x0000000090800000| PB 0x0000000090800000| Untracked 
| 219|0x0000000090900000, 0x0000000090900000, 0x0000000090a00000|  0%| F|  |TAMS 0x0000000090900000| PB 0x0000000090900000| Untracked 
| 220|0x0000000090a00000, 0x0000000090a00000, 0x0000000090b00000|  0%| F|  |TAMS 0x0000000090a00000| PB 0x0000000090a00000| Untracked 
| 221|0x0000000090b00000, 0x0000000090b00000, 0x0000000090c00000|  0%| F|  |TAMS 0x0000000090b00000| PB 0x0000000090b00000| Untracked 
| 222|0x0000000090c00000, 0x0000000090c00000, 0x0000000090d00000|  0%| F|  |TAMS 0x0000000090c00000| PB 0x0000000090c00000| Untracked 
| 223|0x0000000090d00000, 0x0000000090d00000, 0x0000000090e00000|  0%| F|  |TAMS 0x0000000090d00000| PB 0x0000000090d00000| Untracked 
| 224|0x0000000090e00000, 0x0000000090e00000, 0x0000000090f00000|  0%| F|  |TAMS 0x0000000090e00000| PB 0x0000000090e00000| Untracked 
| 225|0x0000000090f00000, 0x0000000090f00000, 0x0000000091000000|  0%| F|  |TAMS 0x0000000090f00000| PB 0x0000000090f00000| Untracked 
| 226|0x0000000091000000, 0x0000000091000000, 0x0000000091100000|  0%| F|  |TAMS 0x0000000091000000| PB 0x0000000091000000| Untracked 
| 227|0x0000000091100000, 0x0000000091100000, 0x0000000091200000|  0%| F|  |TAMS 0x0000000091100000| PB 0x0000000091100000| Untracked 
| 228|0x0000000091200000, 0x0000000091200000, 0x0000000091300000|  0%| F|  |TAMS 0x0000000091200000| PB 0x0000000091200000| Untracked 
| 229|0x0000000091300000, 0x0000000091300000, 0x0000000091400000|  0%| F|  |TAMS 0x0000000091300000| PB 0x0000000091300000| Untracked 
| 230|0x0000000091400000, 0x0000000091400000, 0x0000000091500000|  0%| F|  |TAMS 0x0000000091400000| PB 0x0000000091400000| Untracked 
| 231|0x0000000091500000, 0x0000000091500000, 0x0000000091600000|  0%| F|  |TAMS 0x0000000091500000| PB 0x0000000091500000| Untracked 
| 232|0x0000000091600000, 0x0000000091600000, 0x0000000091700000|  0%| F|  |TAMS 0x0000000091600000| PB 0x0000000091600000| Untracked 
| 233|0x0000000091700000, 0x0000000091700000, 0x0000000091800000|  0%| F|  |TAMS 0x0000000091700000| PB 0x0000000091700000| Untracked 
| 234|0x0000000091800000, 0x0000000091800000, 0x0000000091900000|  0%| F|  |TAMS 0x0000000091800000| PB 0x0000000091800000| Untracked 
| 235|0x0000000091900000, 0x0000000091900000, 0x0000000091a00000|  0%| F|  |TAMS 0x0000000091900000| PB 0x0000000091900000| Untracked 
| 236|0x0000000091a00000, 0x0000000091a00000, 0x0000000091b00000|  0%| F|  |TAMS 0x0000000091a00000| PB 0x0000000091a00000| Untracked 
| 237|0x0000000091b00000, 0x0000000091b00000, 0x0000000091c00000|  0%| F|  |TAMS 0x0000000091b00000| PB 0x0000000091b00000| Untracked 
| 238|0x0000000091c00000, 0x0000000091c00000, 0x0000000091d00000|  0%| F|  |TAMS 0x0000000091c00000| PB 0x0000000091c00000| Untracked 
| 239|0x0000000091d00000, 0x0000000091d00000, 0x0000000091e00000|  0%| F|  |TAMS 0x0000000091d00000| PB 0x0000000091d00000| Untracked 
| 240|0x0000000091e00000, 0x0000000091e00000, 0x0000000091f00000|  0%| F|  |TAMS 0x0000000091e00000| PB 0x0000000091e00000| Untracked 
| 241|0x0000000091f00000, 0x0000000091f00000, 0x0000000092000000|  0%| F|  |TAMS 0x0000000091f00000| PB 0x0000000091f00000| Untracked 
| 242|0x0000000092000000, 0x0000000092000000, 0x0000000092100000|  0%| F|  |TAMS 0x0000000092000000| PB 0x0000000092000000| Untracked 
| 243|0x0000000092100000, 0x0000000092100000, 0x0000000092200000|  0%| F|  |TAMS 0x0000000092100000| PB 0x0000000092100000| Untracked 
| 244|0x0000000092200000, 0x0000000092200000, 0x0000000092300000|  0%| F|  |TAMS 0x0000000092200000| PB 0x0000000092200000| Untracked 
| 245|0x0000000092300000, 0x0000000092300000, 0x0000000092400000|  0%| F|  |TAMS 0x0000000092300000| PB 0x0000000092300000| Untracked 
| 246|0x0000000092400000, 0x0000000092400000, 0x0000000092500000|  0%| F|  |TAMS 0x0000000092400000| PB 0x0000000092400000| Untracked 
| 247|0x0000000092500000, 0x0000000092500000, 0x0000000092600000|  0%| F|  |TAMS 0x0000000092500000| PB 0x0000000092500000| Untracked 
| 248|0x0000000092600000, 0x0000000092600000, 0x0000000092700000|  0%| F|  |TAMS 0x0000000092600000| PB 0x0000000092600000| Untracked 
| 249|0x0000000092700000, 0x0000000092700000, 0x0000000092800000|  0%| F|  |TAMS 0x0000000092700000| PB 0x0000000092700000| Untracked 
| 250|0x0000000092800000, 0x0000000092800000, 0x0000000092900000|  0%| F|  |TAMS 0x0000000092800000| PB 0x0000000092800000| Untracked 
| 251|0x0000000092900000, 0x0000000092900000, 0x0000000092a00000|  0%| F|  |TAMS 0x0000000092900000| PB 0x0000000092900000| Untracked 
| 252|0x0000000092a00000, 0x0000000092a00000, 0x0000000092b00000|  0%| F|  |TAMS 0x0000000092a00000| PB 0x0000000092a00000| Untracked 
| 253|0x0000000092b00000, 0x0000000092b00000, 0x0000000092c00000|  0%| F|  |TAMS 0x0000000092b00000| PB 0x0000000092b00000| Untracked 
| 254|0x0000000092c00000, 0x0000000092c00000, 0x0000000092d00000|  0%| F|  |TAMS 0x0000000092c00000| PB 0x0000000092c00000| Untracked 
| 255|0x0000000092d00000, 0x0000000092d00000, 0x0000000092e00000|  0%| F|  |TAMS 0x0000000092d00000| PB 0x0000000092d00000| Untracked 
| 256|0x0000000092e00000, 0x0000000092e00000, 0x0000000092f00000|  0%| F|  |TAMS 0x0000000092e00000| PB 0x0000000092e00000| Untracked 
| 257|0x0000000092f00000, 0x0000000092f00000, 0x0000000093000000|  0%| F|  |TAMS 0x0000000092f00000| PB 0x0000000092f00000| Untracked 
| 258|0x0000000093000000, 0x0000000093000000, 0x0000000093100000|  0%| F|  |TAMS 0x0000000093000000| PB 0x0000000093000000| Untracked 
| 259|0x0000000093100000, 0x0000000093100000, 0x0000000093200000|  0%| F|  |TAMS 0x0000000093100000| PB 0x0000000093100000| Untracked 
| 260|0x0000000093200000, 0x0000000093200000, 0x0000000093300000|  0%| F|  |TAMS 0x0000000093200000| PB 0x0000000093200000| Untracked 
| 261|0x0000000093300000, 0x0000000093300000, 0x0000000093400000|  0%| F|  |TAMS 0x0000000093300000| PB 0x0000000093300000| Untracked 
| 262|0x0000000093400000, 0x0000000093400000, 0x0000000093500000|  0%| F|  |TAMS 0x0000000093400000| PB 0x0000000093400000| Untracked 
| 263|0x0000000093500000, 0x0000000093500000, 0x0000000093600000|  0%| F|  |TAMS 0x0000000093500000| PB 0x0000000093500000| Untracked 
| 264|0x0000000093600000, 0x0000000093600000, 0x0000000093700000|  0%| F|  |TAMS 0x0000000093600000| PB 0x0000000093600000| Untracked 
| 265|0x0000000093700000, 0x0000000093700000, 0x0000000093800000|  0%| F|  |TAMS 0x0000000093700000| PB 0x0000000093700000| Untracked 
| 266|0x0000000093800000, 0x0000000093800000, 0x0000000093900000|  0%| F|  |TAMS 0x0000000093800000| PB 0x0000000093800000| Untracked 
| 267|0x0000000093900000, 0x0000000093900000, 0x0000000093a00000|  0%| F|  |TAMS 0x0000000093900000| PB 0x0000000093900000| Untracked 
| 268|0x0000000093a00000, 0x0000000093a00000, 0x0000000093b00000|  0%| F|  |TAMS 0x0000000093a00000| PB 0x0000000093a00000| Untracked 
| 269|0x0000000093b00000, 0x0000000093b00000, 0x0000000093c00000|  0%| F|  |TAMS 0x0000000093b00000| PB 0x0000000093b00000| Untracked 
| 270|0x0000000093c00000, 0x0000000093c00000, 0x0000000093d00000|  0%| F|  |TAMS 0x0000000093c00000| PB 0x0000000093c00000| Untracked 
| 271|0x0000000093d00000, 0x0000000093d00000, 0x0000000093e00000|  0%| F|  |TAMS 0x0000000093d00000| PB 0x0000000093d00000| Untracked 
| 272|0x0000000093e00000, 0x0000000093e00000, 0x0000000093f00000|  0%| F|  |TAMS 0x0000000093e00000| PB 0x0000000093e00000| Untracked 
| 273|0x0000000093f00000, 0x0000000093f00000, 0x0000000094000000|  0%| F|  |TAMS 0x0000000093f00000| PB 0x0000000093f00000| Untracked 
| 274|0x0000000094000000, 0x0000000094000000, 0x0000000094100000|  0%| F|  |TAMS 0x0000000094000000| PB 0x0000000094000000| Untracked 
| 275|0x0000000094100000, 0x0000000094100000, 0x0000000094200000|  0%| F|  |TAMS 0x0000000094100000| PB 0x0000000094100000| Untracked 
| 276|0x0000000094200000, 0x0000000094200000, 0x0000000094300000|  0%| F|  |TAMS 0x0000000094200000| PB 0x0000000094200000| Untracked 
| 277|0x0000000094300000, 0x0000000094300000, 0x0000000094400000|  0%| F|  |TAMS 0x0000000094300000| PB 0x0000000094300000| Untracked 
| 278|0x0000000094400000, 0x0000000094400000, 0x0000000094500000|  0%| F|  |TAMS 0x0000000094400000| PB 0x0000000094400000| Untracked 
| 279|0x0000000094500000, 0x0000000094500000, 0x0000000094600000|  0%| F|  |TAMS 0x0000000094500000| PB 0x0000000094500000| Untracked 
| 280|0x0000000094600000, 0x0000000094600000, 0x0000000094700000|  0%| F|  |TAMS 0x0000000094600000| PB 0x0000000094600000| Untracked 
| 281|0x0000000094700000, 0x0000000094700000, 0x0000000094800000|  0%| F|  |TAMS 0x0000000094700000| PB 0x0000000094700000| Untracked 
| 282|0x0000000094800000, 0x0000000094800000, 0x0000000094900000|  0%| F|  |TAMS 0x0000000094800000| PB 0x0000000094800000| Untracked 
| 283|0x0000000094900000, 0x0000000094900000, 0x0000000094a00000|  0%| F|  |TAMS 0x0000000094900000| PB 0x0000000094900000| Untracked 
| 284|0x0000000094a00000, 0x0000000094a00000, 0x0000000094b00000|  0%| F|  |TAMS 0x0000000094a00000| PB 0x0000000094a00000| Untracked 
| 285|0x0000000094b00000, 0x0000000094b00000, 0x0000000094c00000|  0%| F|  |TAMS 0x0000000094b00000| PB 0x0000000094b00000| Untracked 
| 286|0x0000000094c00000, 0x0000000094c00000, 0x0000000094d00000|  0%| F|  |TAMS 0x0000000094c00000| PB 0x0000000094c00000| Untracked 
| 287|0x0000000094d00000, 0x0000000094d00000, 0x0000000094e00000|  0%| F|  |TAMS 0x0000000094d00000| PB 0x0000000094d00000| Untracked 
| 288|0x0000000094e00000, 0x0000000094e00000, 0x0000000094f00000|  0%| F|  |TAMS 0x0000000094e00000| PB 0x0000000094e00000| Untracked 
| 289|0x0000000094f00000, 0x0000000094f00000, 0x0000000095000000|  0%| F|  |TAMS 0x0000000094f00000| PB 0x0000000094f00000| Untracked 
| 290|0x0000000095000000, 0x0000000095000000, 0x0000000095100000|  0%| F|  |TAMS 0x0000000095000000| PB 0x0000000095000000| Untracked 
| 291|0x0000000095100000, 0x0000000095100000, 0x0000000095200000|  0%| F|  |TAMS 0x0000000095100000| PB 0x0000000095100000| Untracked 
| 292|0x0000000095200000, 0x0000000095200000, 0x0000000095300000|  0%| F|  |TAMS 0x0000000095200000| PB 0x0000000095200000| Untracked 
| 293|0x0000000095300000, 0x0000000095300000, 0x0000000095400000|  0%| F|  |TAMS 0x0000000095300000| PB 0x0000000095300000| Untracked 
| 294|0x0000000095400000, 0x0000000095400000, 0x0000000095500000|  0%| F|  |TAMS 0x0000000095400000| PB 0x0000000095400000| Untracked 
| 295|0x0000000095500000, 0x0000000095500000, 0x0000000095600000|  0%| F|  |TAMS 0x0000000095500000| PB 0x0000000095500000| Untracked 
| 296|0x0000000095600000, 0x0000000095600000, 0x0000000095700000|  0%| F|  |TAMS 0x0000000095600000| PB 0x0000000095600000| Untracked 
| 297|0x0000000095700000, 0x0000000095700000, 0x0000000095800000|  0%| F|  |TAMS 0x0000000095700000| PB 0x0000000095700000| Untracked 
| 298|0x0000000095800000, 0x0000000095800000, 0x0000000095900000|  0%| F|  |TAMS 0x0000000095800000| PB 0x0000000095800000| Untracked 
| 299|0x0000000095900000, 0x0000000095900000, 0x0000000095a00000|  0%| F|  |TAMS 0x0000000095900000| PB 0x0000000095900000| Untracked 
| 300|0x0000000095a00000, 0x0000000095a00000, 0x0000000095b00000|  0%| F|  |TAMS 0x0000000095a00000| PB 0x0000000095a00000| Untracked 
| 301|0x0000000095b00000, 0x0000000095b00000, 0x0000000095c00000|  0%| F|  |TAMS 0x0000000095b00000| PB 0x0000000095b00000| Untracked 
| 302|0x0000000095c00000, 0x0000000095c00000, 0x0000000095d00000|  0%| F|  |TAMS 0x0000000095c00000| PB 0x0000000095c00000| Untracked 
| 303|0x0000000095d00000, 0x0000000095d00000, 0x0000000095e00000|  0%| F|  |TAMS 0x0000000095d00000| PB 0x0000000095d00000| Untracked 
| 304|0x0000000095e00000, 0x0000000095e00000, 0x0000000095f00000|  0%| F|  |TAMS 0x0000000095e00000| PB 0x0000000095e00000| Untracked 
| 305|0x0000000095f00000, 0x0000000095f00000, 0x0000000096000000|  0%| F|  |TAMS 0x0000000095f00000| PB 0x0000000095f00000| Untracked 
| 306|0x0000000096000000, 0x0000000096000000, 0x0000000096100000|  0%| F|  |TAMS 0x0000000096000000| PB 0x0000000096000000| Untracked 
| 307|0x0000000096100000, 0x0000000096100000, 0x0000000096200000|  0%| F|  |TAMS 0x0000000096100000| PB 0x0000000096100000| Untracked 
| 308|0x0000000096200000, 0x0000000096200000, 0x0000000096300000|  0%| F|  |TAMS 0x0000000096200000| PB 0x0000000096200000| Untracked 
| 309|0x0000000096300000, 0x0000000096300000, 0x0000000096400000|  0%| F|  |TAMS 0x0000000096300000| PB 0x0000000096300000| Untracked 
| 310|0x0000000096400000, 0x0000000096400000, 0x0000000096500000|  0%| F|  |TAMS 0x0000000096400000| PB 0x0000000096400000| Untracked 
| 311|0x0000000096500000, 0x0000000096500000, 0x0000000096600000|  0%| F|  |TAMS 0x0000000096500000| PB 0x0000000096500000| Untracked 
| 312|0x0000000096600000, 0x0000000096600000, 0x0000000096700000|  0%| F|  |TAMS 0x0000000096600000| PB 0x0000000096600000| Untracked 
| 313|0x0000000096700000, 0x0000000096700000, 0x0000000096800000|  0%| F|  |TAMS 0x0000000096700000| PB 0x0000000096700000| Untracked 
| 314|0x0000000096800000, 0x0000000096800000, 0x0000000096900000|  0%| F|  |TAMS 0x0000000096800000| PB 0x0000000096800000| Untracked 
| 315|0x0000000096900000, 0x0000000096900000, 0x0000000096a00000|  0%| F|  |TAMS 0x0000000096900000| PB 0x0000000096900000| Untracked 
| 316|0x0000000096a00000, 0x0000000096a00000, 0x0000000096b00000|  0%| F|  |TAMS 0x0000000096a00000| PB 0x0000000096a00000| Untracked 
| 317|0x0000000096b00000, 0x0000000096b00000, 0x0000000096c00000|  0%| F|  |TAMS 0x0000000096b00000| PB 0x0000000096b00000| Untracked 
| 318|0x0000000096c00000, 0x0000000096c00000, 0x0000000096d00000|  0%| F|  |TAMS 0x0000000096c00000| PB 0x0000000096c00000| Untracked 
| 319|0x0000000096d00000, 0x0000000096d00000, 0x0000000096e00000|  0%| F|  |TAMS 0x0000000096d00000| PB 0x0000000096d00000| Untracked 
| 320|0x0000000096e00000, 0x0000000096e00000, 0x0000000096f00000|  0%| F|  |TAMS 0x0000000096e00000| PB 0x0000000096e00000| Untracked 
| 321|0x0000000096f00000, 0x0000000096f00000, 0x0000000097000000|  0%| F|  |TAMS 0x0000000096f00000| PB 0x0000000096f00000| Untracked 
| 322|0x0000000097000000, 0x0000000097000000, 0x0000000097100000|  0%| F|  |TAMS 0x0000000097000000| PB 0x0000000097000000| Untracked 
| 323|0x0000000097100000, 0x0000000097100000, 0x0000000097200000|  0%| F|  |TAMS 0x0000000097100000| PB 0x0000000097100000| Untracked 
| 324|0x0000000097200000, 0x0000000097200000, 0x0000000097300000|  0%| F|  |TAMS 0x0000000097200000| PB 0x0000000097200000| Untracked 
| 325|0x0000000097300000, 0x0000000097300000, 0x0000000097400000|  0%| F|  |TAMS 0x0000000097300000| PB 0x0000000097300000| Untracked 
| 326|0x0000000097400000, 0x0000000097400000, 0x0000000097500000|  0%| F|  |TAMS 0x0000000097400000| PB 0x0000000097400000| Untracked 
| 327|0x0000000097500000, 0x0000000097500000, 0x0000000097600000|  0%| F|  |TAMS 0x0000000097500000| PB 0x0000000097500000| Untracked 
| 328|0x0000000097600000, 0x0000000097600000, 0x0000000097700000|  0%| F|  |TAMS 0x0000000097600000| PB 0x0000000097600000| Untracked 
| 329|0x0000000097700000, 0x0000000097700000, 0x0000000097800000|  0%| F|  |TAMS 0x0000000097700000| PB 0x0000000097700000| Untracked 
| 330|0x0000000097800000, 0x0000000097800000, 0x0000000097900000|  0%| F|  |TAMS 0x0000000097800000| PB 0x0000000097800000| Untracked 
| 331|0x0000000097900000, 0x0000000097900000, 0x0000000097a00000|  0%| F|  |TAMS 0x0000000097900000| PB 0x0000000097900000| Untracked 
| 332|0x0000000097a00000, 0x0000000097a00000, 0x0000000097b00000|  0%| F|  |TAMS 0x0000000097a00000| PB 0x0000000097a00000| Untracked 
| 333|0x0000000097b00000, 0x0000000097b00000, 0x0000000097c00000|  0%| F|  |TAMS 0x0000000097b00000| PB 0x0000000097b00000| Untracked 
| 334|0x0000000097c00000, 0x0000000097c00000, 0x0000000097d00000|  0%| F|  |TAMS 0x0000000097c00000| PB 0x0000000097c00000| Untracked 
| 335|0x0000000097d00000, 0x0000000097d00000, 0x0000000097e00000|  0%| F|  |TAMS 0x0000000097d00000| PB 0x0000000097d00000| Untracked 
| 336|0x0000000097e00000, 0x0000000097e00000, 0x0000000097f00000|  0%| F|  |TAMS 0x0000000097e00000| PB 0x0000000097e00000| Untracked 
| 337|0x0000000097f00000, 0x0000000097f00000, 0x0000000098000000|  0%| F|  |TAMS 0x0000000097f00000| PB 0x0000000097f00000| Untracked 
| 338|0x0000000098000000, 0x0000000098000000, 0x0000000098100000|  0%| F|  |TAMS 0x0000000098000000| PB 0x0000000098000000| Untracked 
| 339|0x0000000098100000, 0x0000000098100000, 0x0000000098200000|  0%| F|  |TAMS 0x0000000098100000| PB 0x0000000098100000| Untracked 
| 340|0x0000000098200000, 0x0000000098200000, 0x0000000098300000|  0%| F|  |TAMS 0x0000000098200000| PB 0x0000000098200000| Untracked 
| 341|0x0000000098300000, 0x0000000098300000, 0x0000000098400000|  0%| F|  |TAMS 0x0000000098300000| PB 0x0000000098300000| Untracked 
| 342|0x0000000098400000, 0x0000000098400000, 0x0000000098500000|  0%| F|  |TAMS 0x0000000098400000| PB 0x0000000098400000| Untracked 
| 343|0x0000000098500000, 0x0000000098500000, 0x0000000098600000|  0%| F|  |TAMS 0x0000000098500000| PB 0x0000000098500000| Untracked 
| 344|0x0000000098600000, 0x0000000098600000, 0x0000000098700000|  0%| F|  |TAMS 0x0000000098600000| PB 0x0000000098600000| Untracked 
| 345|0x0000000098700000, 0x0000000098700000, 0x0000000098800000|  0%| F|  |TAMS 0x0000000098700000| PB 0x0000000098700000| Untracked 
| 346|0x0000000098800000, 0x0000000098800000, 0x0000000098900000|  0%| F|  |TAMS 0x0000000098800000| PB 0x0000000098800000| Untracked 
| 347|0x0000000098900000, 0x0000000098900000, 0x0000000098a00000|  0%| F|  |TAMS 0x0000000098900000| PB 0x0000000098900000| Untracked 
| 348|0x0000000098a00000, 0x0000000098a00000, 0x0000000098b00000|  0%| F|  |TAMS 0x0000000098a00000| PB 0x0000000098a00000| Untracked 
| 349|0x0000000098b00000, 0x0000000098b00000, 0x0000000098c00000|  0%| F|  |TAMS 0x0000000098b00000| PB 0x0000000098b00000| Untracked 
| 350|0x0000000098c00000, 0x0000000098c00000, 0x0000000098d00000|  0%| F|  |TAMS 0x0000000098c00000| PB 0x0000000098c00000| Untracked 
| 351|0x0000000098d00000, 0x0000000098d00000, 0x0000000098e00000|  0%| F|  |TAMS 0x0000000098d00000| PB 0x0000000098d00000| Untracked 
| 352|0x0000000098e00000, 0x0000000098e00000, 0x0000000098f00000|  0%| F|  |TAMS 0x0000000098e00000| PB 0x0000000098e00000| Untracked 
| 353|0x0000000098f00000, 0x0000000098f00000, 0x0000000099000000|  0%| F|  |TAMS 0x0000000098f00000| PB 0x0000000098f00000| Untracked 
| 354|0x0000000099000000, 0x0000000099000000, 0x0000000099100000|  0%| F|  |TAMS 0x0000000099000000| PB 0x0000000099000000| Untracked 
| 355|0x0000000099100000, 0x0000000099100000, 0x0000000099200000|  0%| F|  |TAMS 0x0000000099100000| PB 0x0000000099100000| Untracked 
| 356|0x0000000099200000, 0x0000000099200000, 0x0000000099300000|  0%| F|  |TAMS 0x0000000099200000| PB 0x0000000099200000| Untracked 
| 357|0x0000000099300000, 0x0000000099300000, 0x0000000099400000|  0%| F|  |TAMS 0x0000000099300000| PB 0x0000000099300000| Untracked 
| 358|0x0000000099400000, 0x0000000099400000, 0x0000000099500000|  0%| F|  |TAMS 0x0000000099400000| PB 0x0000000099400000| Untracked 
| 359|0x0000000099500000, 0x0000000099500000, 0x0000000099600000|  0%| F|  |TAMS 0x0000000099500000| PB 0x0000000099500000| Untracked 
| 360|0x0000000099600000, 0x0000000099600000, 0x0000000099700000|  0%| F|  |TAMS 0x0000000099600000| PB 0x0000000099600000| Untracked 
| 361|0x0000000099700000, 0x0000000099700000, 0x0000000099800000|  0%| F|  |TAMS 0x0000000099700000| PB 0x0000000099700000| Untracked 
| 362|0x0000000099800000, 0x0000000099800000, 0x0000000099900000|  0%| F|  |TAMS 0x0000000099800000| PB 0x0000000099800000| Untracked 
| 363|0x0000000099900000, 0x0000000099900000, 0x0000000099a00000|  0%| F|  |TAMS 0x0000000099900000| PB 0x0000000099900000| Untracked 
| 364|0x0000000099a00000, 0x0000000099a00000, 0x0000000099b00000|  0%| F|  |TAMS 0x0000000099a00000| PB 0x0000000099a00000| Untracked 
| 365|0x0000000099b00000, 0x0000000099b00000, 0x0000000099c00000|  0%| F|  |TAMS 0x0000000099b00000| PB 0x0000000099b00000| Untracked 
| 366|0x0000000099c00000, 0x0000000099c00000, 0x0000000099d00000|  0%| F|  |TAMS 0x0000000099c00000| PB 0x0000000099c00000| Untracked 
| 367|0x0000000099d00000, 0x0000000099d00000, 0x0000000099e00000|  0%| F|  |TAMS 0x0000000099d00000| PB 0x0000000099d00000| Untracked 
| 368|0x0000000099e00000, 0x0000000099e00000, 0x0000000099f00000|  0%| F|  |TAMS 0x0000000099e00000| PB 0x0000000099e00000| Untracked 
| 369|0x0000000099f00000, 0x0000000099f00000, 0x000000009a000000|  0%| F|  |TAMS 0x0000000099f00000| PB 0x0000000099f00000| Untracked 
| 370|0x000000009a000000, 0x000000009a000000, 0x000000009a100000|  0%| F|  |TAMS 0x000000009a000000| PB 0x000000009a000000| Untracked 
| 371|0x000000009a100000, 0x000000009a100000, 0x000000009a200000|  0%| F|  |TAMS 0x000000009a100000| PB 0x000000009a100000| Untracked 
| 372|0x000000009a200000, 0x000000009a200000, 0x000000009a300000|  0%| F|  |TAMS 0x000000009a200000| PB 0x000000009a200000| Untracked 
| 373|0x000000009a300000, 0x000000009a300000, 0x000000009a400000|  0%| F|  |TAMS 0x000000009a300000| PB 0x000000009a300000| Untracked 
| 374|0x000000009a400000, 0x000000009a400000, 0x000000009a500000|  0%| F|  |TAMS 0x000000009a400000| PB 0x000000009a400000| Untracked 
| 375|0x000000009a500000, 0x000000009a500000, 0x000000009a600000|  0%| F|  |TAMS 0x000000009a500000| PB 0x000000009a500000| Untracked 
| 376|0x000000009a600000, 0x000000009a600000, 0x000000009a700000|  0%| F|  |TAMS 0x000000009a600000| PB 0x000000009a600000| Untracked 
| 377|0x000000009a700000, 0x000000009a700000, 0x000000009a800000|  0%| F|  |TAMS 0x000000009a700000| PB 0x000000009a700000| Untracked 
| 378|0x000000009a800000, 0x000000009a800000, 0x000000009a900000|  0%| F|  |TAMS 0x000000009a800000| PB 0x000000009a800000| Untracked 
| 379|0x000000009a900000, 0x000000009a900000, 0x000000009aa00000|  0%| F|  |TAMS 0x000000009a900000| PB 0x000000009a900000| Untracked 
| 380|0x000000009aa00000, 0x000000009aa00000, 0x000000009ab00000|  0%| F|  |TAMS 0x000000009aa00000| PB 0x000000009aa00000| Untracked 
| 381|0x000000009ab00000, 0x000000009ab00000, 0x000000009ac00000|  0%| F|  |TAMS 0x000000009ab00000| PB 0x000000009ab00000| Untracked 
| 382|0x000000009ac00000, 0x000000009ac00000, 0x000000009ad00000|  0%| F|  |TAMS 0x000000009ac00000| PB 0x000000009ac00000| Untracked 
| 383|0x000000009ad00000, 0x000000009ad00000, 0x000000009ae00000|  0%| F|  |TAMS 0x000000009ad00000| PB 0x000000009ad00000| Untracked 
| 384|0x000000009ae00000, 0x000000009ae00000, 0x000000009af00000|  0%| F|  |TAMS 0x000000009ae00000| PB 0x000000009ae00000| Untracked 
| 385|0x000000009af00000, 0x000000009af00000, 0x000000009b000000|  0%| F|  |TAMS 0x000000009af00000| PB 0x000000009af00000| Untracked 
| 386|0x000000009b000000, 0x000000009b000000, 0x000000009b100000|  0%| F|  |TAMS 0x000000009b000000| PB 0x000000009b000000| Untracked 
| 387|0x000000009b100000, 0x000000009b100000, 0x000000009b200000|  0%| F|  |TAMS 0x000000009b100000| PB 0x000000009b100000| Untracked 
| 388|0x000000009b200000, 0x000000009b200000, 0x000000009b300000|  0%| F|  |TAMS 0x000000009b200000| PB 0x000000009b200000| Untracked 
| 389|0x000000009b300000, 0x000000009b300000, 0x000000009b400000|  0%| F|  |TAMS 0x000000009b300000| PB 0x000000009b300000| Untracked 
| 390|0x000000009b400000, 0x000000009b400000, 0x000000009b500000|  0%| F|  |TAMS 0x000000009b400000| PB 0x000000009b400000| Untracked 
| 391|0x000000009b500000, 0x000000009b500000, 0x000000009b600000|  0%| F|  |TAMS 0x000000009b500000| PB 0x000000009b500000| Untracked 
| 392|0x000000009b600000, 0x000000009b600000, 0x000000009b700000|  0%| F|  |TAMS 0x000000009b600000| PB 0x000000009b600000| Untracked 
| 393|0x000000009b700000, 0x000000009b700000, 0x000000009b800000|  0%| F|  |TAMS 0x000000009b700000| PB 0x000000009b700000| Untracked 
| 394|0x000000009b800000, 0x000000009b800000, 0x000000009b900000|  0%| F|  |TAMS 0x000000009b800000| PB 0x000000009b800000| Untracked 
| 395|0x000000009b900000, 0x000000009b900000, 0x000000009ba00000|  0%| F|  |TAMS 0x000000009b900000| PB 0x000000009b900000| Untracked 
| 396|0x000000009ba00000, 0x000000009ba00000, 0x000000009bb00000|  0%| F|  |TAMS 0x000000009ba00000| PB 0x000000009ba00000| Untracked 
| 397|0x000000009bb00000, 0x000000009bb00000, 0x000000009bc00000|  0%| F|  |TAMS 0x000000009bb00000| PB 0x000000009bb00000| Untracked 
| 398|0x000000009bc00000, 0x000000009bc00000, 0x000000009bd00000|  0%| F|  |TAMS 0x000000009bc00000| PB 0x000000009bc00000| Untracked 
| 399|0x000000009bd00000, 0x000000009bd00000, 0x000000009be00000|  0%| F|  |TAMS 0x000000009bd00000| PB 0x000000009bd00000| Untracked 
| 400|0x000000009be00000, 0x000000009be00000, 0x000000009bf00000|  0%| F|  |TAMS 0x000000009be00000| PB 0x000000009be00000| Untracked 
| 401|0x000000009bf00000, 0x000000009bf00000, 0x000000009c000000|  0%| F|  |TAMS 0x000000009bf00000| PB 0x000000009bf00000| Untracked 
| 402|0x000000009c000000, 0x000000009c000000, 0x000000009c100000|  0%| F|  |TAMS 0x000000009c000000| PB 0x000000009c000000| Untracked 
| 403|0x000000009c100000, 0x000000009c100000, 0x000000009c200000|  0%| F|  |TAMS 0x000000009c100000| PB 0x000000009c100000| Untracked 
| 404|0x000000009c200000, 0x000000009c200000, 0x000000009c300000|  0%| F|  |TAMS 0x000000009c200000| PB 0x000000009c200000| Untracked 
| 405|0x000000009c300000, 0x000000009c300000, 0x000000009c400000|  0%| F|  |TAMS 0x000000009c300000| PB 0x000000009c300000| Untracked 
| 406|0x000000009c400000, 0x000000009c400000, 0x000000009c500000|  0%| F|  |TAMS 0x000000009c400000| PB 0x000000009c400000| Untracked 
|1987|0x00000000ff100000, 0x00000000ff200000, 0x00000000ff200000|100%| O|  |TAMS 0x00000000ff200000| PB 0x00000000ff100000| Untracked 
|1988|0x00000000ff200000, 0x00000000ff200000, 0x00000000ff300000|  0%| F|  |TAMS 0x00000000ff200000| PB 0x00000000ff200000| Untracked 
|1989|0x00000000ff300000, 0x00000000ff300000, 0x00000000ff400000|  0%| F|  |TAMS 0x00000000ff300000| PB 0x00000000ff300000| Untracked 
|1990|0x00000000ff400000, 0x00000000ff400000, 0x00000000ff500000|  0%| F|  |TAMS 0x00000000ff400000| PB 0x00000000ff400000| Untracked 
|1991|0x00000000ff500000, 0x00000000ff500000, 0x00000000ff600000|  0%| F|  |TAMS 0x00000000ff500000| PB 0x00000000ff500000| Untracked 
|1992|0x00000000ff600000, 0x00000000ff600000, 0x00000000ff700000|  0%| F|  |TAMS 0x00000000ff600000| PB 0x00000000ff600000| Untracked 
|1993|0x00000000ff700000, 0x00000000ff700000, 0x00000000ff800000|  0%| F|  |TAMS 0x00000000ff700000| PB 0x00000000ff700000| Untracked 
|1994|0x00000000ff800000, 0x00000000ff800000, 0x00000000ff900000|  0%| F|  |TAMS 0x00000000ff800000| PB 0x00000000ff800000| Untracked 
|1995|0x00000000ff900000, 0x00000000ff900000, 0x00000000ffa00000|  0%| F|  |TAMS 0x00000000ff900000| PB 0x00000000ff900000| Untracked 
|1996|0x00000000ffa00000, 0x00000000ffa00000, 0x00000000ffb00000|  0%| F|  |TAMS 0x00000000ffa00000| PB 0x00000000ffa00000| Untracked 
|1997|0x00000000ffb00000, 0x00000000ffb767a0, 0x00000000ffc00000| 46%| E|  |TAMS 0x00000000ffb00000| PB 0x00000000ffb00000| Complete 
|1998|0x00000000ffc00000, 0x00000000ffd00000, 0x00000000ffd00000|100%| E|CS|TAMS 0x00000000ffc00000| PB 0x00000000ffc00000| Complete 
|1999|0x00000000ffd00000, 0x00000000ffe00000, 0x00000000ffe00000|100%| E|CS|TAMS 0x00000000ffd00000| PB 0x00000000ffd00000| Complete 
|2000|0x00000000ffe00000, 0x00000000fff00000, 0x00000000fff00000|100%| E|CS|TAMS 0x00000000ffe00000| PB 0x00000000ffe00000| Complete 
|2001|0x00000000fff00000, 0x0000000100000000, 0x0000000100000000|100%| E|CS|TAMS 0x00000000fff00000| PB 0x00000000fff00000| Complete 

Card table byte_map: [0x000001f97a650000,0x000001f97aa40000] _byte_map_base: 0x000001f97a239000

Marking Bits: (CMBitMap*) 0x000001f962913db0
 Bits: [0x000001f97aa40000, 0x000001f97c988000)

Polling page: 0x000001f962060000

Metaspace:

Usage:
  Non-class:     69.37 MB used.
      Class:      9.39 MB used.
       Both:     78.76 MB used.

Virtual space:
  Non-class space:      128.00 MB reserved,      69.94 MB ( 55%) committed,  2 nodes.
      Class space:        1.00 GB reserved,      10.06 MB ( <1%) committed,  1 nodes.
             Both:        1.12 GB reserved,      80.00 MB (  7%) committed. 

Chunk freelists:
   Non-Class:  10.01 MB
       Class:  5.98 MB
        Both:  16.00 MB

MaxMetaspaceSize: unlimited
CompressedClassSpaceSize: 1.00 GB
Initial GC threshold: 21.00 MB
Current GC threshold: 133.25 MB
CDS: on
 - commit_granule_bytes: 65536.
 - commit_granule_words: 8192.
 - virtual_space_node_default_size: 8388608.
 - enlarge_chunks_in_place: 1.
 - use_allocation_guard: 0.


Internal statistics:

num_allocs_failed_limit: 9.
num_arena_births: 2500.
num_arena_deaths: 380.
num_vsnodes_births: 3.
num_vsnodes_deaths: 0.
num_space_committed: 1280.
num_space_uncommitted: 0.
num_chunks_returned_to_freelist: 455.
num_chunks_taken_from_freelist: 6099.
num_chunk_merges: 111.
num_chunk_splits: 3906.
num_chunks_enlarged: 2550.
num_inconsistent_stats: 0.

CodeHeap 'non-profiled nmethods': size=120000Kb used=15211Kb max_used=15211Kb free=104788Kb
 bounds [0x000001f9727d0000, 0x000001f9736b0000, 0x000001f979d00000]
CodeHeap 'profiled nmethods': size=120000Kb used=23993Kb max_used=32992Kb free=96006Kb
 bounds [0x000001f96ad00000, 0x000001f96cd40000, 0x000001f972230000]
CodeHeap 'non-nmethods': size=5760Kb used=1658Kb max_used=1748Kb free=4101Kb
 bounds [0x000001f972230000, 0x000001f9724a0000, 0x000001f9727d0000]
 total_blobs=13350 nmethods=12656 adapters=597
 compilation: enabled
              stopped_count=0, restarted_count=0
 full_count=0

Compilation events (20 events):
Event: 10554.641 Thread 0x000001f947653e70 nmethod 19485 0x000001f97369dd90 code [0x000001f97369df20, 0x000001f97369e100]
Event: 10554.641 Thread 0x000001f947653e70 19486       4       java.lang.invoke.LambdaForm$MH/0x000001f90198a400::invoke (42 bytes)
Event: 10554.642 Thread 0x000001f947653e70 nmethod 19486 0x000001f97369e310 code [0x000001f97369e4a0, 0x000001f97369e548]
Event: 10554.643 Thread 0x000001f947653e70 19487       4       java.lang.invoke.LambdaForm$MH/0x000001f9019c0c00::invoke (63 bytes)
Event: 10554.645 Thread 0x000001f947653e70 nmethod 19487 0x000001f97369e690 code [0x000001f97369e820, 0x000001f97369ea10]
Event: 10554.648 Thread 0x000001f947653e70 19488       4       java.lang.invoke.LambdaForm$MH/0x000001f901a1d000::invoke (63 bytes)
Event: 10554.650 Thread 0x000001f947653e70 nmethod 19488 0x000001f97369ec10 code [0x000001f97369eda0, 0x000001f97369ef80]
Event: 10554.651 Thread 0x000001f947653e70 19489       4       org.springframework.http.HttpEntity::<init> (32 bytes)
Event: 10554.662 Thread 0x000001f947653e70 nmethod 19489 0x000001f97369f190 code [0x000001f97369f3c0, 0x000001f97369ff68]
Event: 10554.663 Thread 0x000001f947653e70 19493   !   4       jdk.proxy2.$Proxy125::find (44 bytes)
Event: 10554.667 Thread 0x000001f947653e70 nmethod 19493 0x000001f9736a0390 code [0x000001f9736a0560, 0x000001f9736a0808]
Event: 10554.667 Thread 0x000001f947653e70 19490       4       org.springframework.web.servlet.handler.AbstractHandlerMethodMapping::getCorsConfiguration (64 bytes)
Event: 10554.678 Thread 0x000001f947653e70 nmethod 19490 0x000001f9736a0990 code [0x000001f9736a0c00, 0x000001f9736a14f8]
Event: 10554.678 Thread 0x000001f947653e70 19494       4       org.springframework.boot.actuate.metrics.web.servlet.LongTaskTimingHandlerInterceptor::preHandle (19 bytes)
Event: 10554.682 Thread 0x000001f947653e70 nmethod 19494 0x000001f9736a1d10 code [0x000001f9736a1f20, 0x000001f9736a2328]
Event: 10554.682 Thread 0x000001f947653e70 19491       4       com.epmapat.erp_epmapat.modelo.Clientes$HibernateProxy$AnHnkXCH::getPorcdiscapacidad (20 bytes)
Event: 10554.683 Thread 0x000001f947653e70 nmethod 19491 0x000001f9736a2710 code [0x000001f9736a28c0, 0x000001f9736a2a48]
Event: 10554.683 Thread 0x000001f947653e70 19492       4       java.lang.invoke.LambdaForm$MH/0x000001f901977000::invoke (42 bytes)
Event: 10554.684 Thread 0x000001f947653e70 nmethod 19492 0x000001f9736a2b90 code [0x000001f9736a2d20, 0x000001f9736a2dc8]
Event: 10554.691 Thread 0x000001f947653e70 19495       4       org.springframework.web.servlet.handler.WebRequestHandlerInterceptorAdapter::preHandle (20 bytes)

GC Heap History (20 events):
Event: 8950.609 GC heap before
{Heap before GC invocations=42 (full 0):
 garbage-first heap   total 152576K, used 68293K [0x0000000082e00000, 0x0000000100000000)
  region size 1024K, 7 young (7168K), 5 survivors (5120K)
 Metaspace       used 80204K, committed 81856K, reserved 1179648K
  class space    used 9572K, committed 10304K, reserved 1048576K
}
Event: 8950.736 GC heap after
{Heap after GC invocations=43 (full 0):
 garbage-first heap   total 152576K, used 64416K [0x0000000082e00000, 0x0000000100000000)
  region size 1024K, 1 young (1024K), 1 survivors (1024K)
 Metaspace       used 80204K, committed 81856K, reserved 1179648K
  class space    used 9572K, committed 10304K, reserved 1048576K
}
Event: 9528.894 GC heap before
{Heap before GC invocations=43 (full 0):
 garbage-first heap   total 152576K, used 142240K [0x0000000082e00000, 0x0000000100000000)
  region size 1024K, 77 young (78848K), 1 survivors (1024K)
 Metaspace       used 80379K, committed 81920K, reserved 1179648K
  class space    used 9601K, committed 10304K, reserved 1048576K
}
Event: 9529.093 GC heap after
{Heap after GC invocations=44 (full 0):
 garbage-first heap   total 152576K, used 62997K [0x0000000082e00000, 0x0000000100000000)
  region size 1024K, 2 young (2048K), 2 survivors (2048K)
 Metaspace       used 80379K, committed 81920K, reserved 1179648K
  class space    used 9601K, committed 10304K, reserved 1048576K
}
Event: 10537.899 GC heap before
{Heap before GC invocations=44 (full 0):
 garbage-first heap   total 152576K, used 140821K [0x0000000082e00000, 0x0000000100000000)
  region size 1024K, 78 young (79872K), 2 survivors (2048K)
 Metaspace       used 80486K, committed 81920K, reserved 1179648K
  class space    used 9612K, committed 10304K, reserved 1048576K
}
Event: 10538.001 GC heap after
{Heap after GC invocations=45 (full 0):
 garbage-first heap   total 168960K, used 86618K [0x0000000082e00000, 0x0000000100000000)
  region size 1024K, 10 young (10240K), 10 survivors (10240K)
 Metaspace       used 80486K, committed 81920K, reserved 1179648K
  class space    used 9612K, committed 10304K, reserved 1048576K
}
Event: 10538.007 GC heap before
{Heap before GC invocations=45 (full 0):
 garbage-first heap   total 168960K, used 87642K [0x0000000082e00000, 0x0000000100000000)
  region size 1024K, 11 young (11264K), 10 survivors (10240K)
 Metaspace       used 80486K, committed 81920K, reserved 1179648K
  class space    used 9612K, committed 10304K, reserved 1048576K
}
Event: 10538.022 GC heap after
{Heap after GC invocations=46 (full 0):
 garbage-first heap   total 168960K, used 88756K [0x0000000082e00000, 0x0000000100000000)
  region size 1024K, 2 young (2048K), 2 survivors (2048K)
 Metaspace       used 80486K, committed 81920K, reserved 1179648K
  class space    used 9612K, committed 10304K, reserved 1048576K
}
Event: 10538.162 GC heap before
{Heap before GC invocations=46 (full 0):
 garbage-first heap   total 168960K, used 129716K [0x0000000082e00000, 0x0000000100000000)
  region size 1024K, 42 young (43008K), 2 survivors (2048K)
 Metaspace       used 80491K, committed 81920K, reserved 1179648K
  class space    used 9612K, committed 10304K, reserved 1048576K
}
Event: 10538.178 GC heap after
{Heap after GC invocations=47 (full 0):
 garbage-first heap   total 168960K, used 96256K [0x0000000082e00000, 0x0000000100000000)
  region size 1024K, 6 young (6144K), 6 survivors (6144K)
 Metaspace       used 80491K, committed 81920K, reserved 1179648K
  class space    used 9612K, committed 10304K, reserved 1048576K
}
Event: 10538.358 GC heap before
{Heap before GC invocations=47 (full 0):
 garbage-first heap   total 168960K, used 105472K [0x0000000082e00000, 0x0000000100000000)
  region size 1024K, 15 young (15360K), 6 survivors (6144K)
 Metaspace       used 80533K, committed 81920K, reserved 1179648K
  class space    used 9616K, committed 10304K, reserved 1048576K
}
Event: 10538.366 GC heap after
{Heap after GC invocations=48 (full 0):
 garbage-first heap   total 168960K, used 98035K [0x0000000082e00000, 0x0000000100000000)
  region size 1024K, 1 young (1024K), 1 survivors (1024K)
 Metaspace       used 80533K, committed 81920K, reserved 1179648K
  class space    used 9616K, committed 10304K, reserved 1048576K
}
Event: 10539.337 GC heap before
{Heap before GC invocations=49 (full 0):
 garbage-first heap   total 168960K, used 143091K [0x0000000082e00000, 0x0000000100000000)
  region size 1024K, 46 young (47104K), 1 survivors (1024K)
 Metaspace       used 80638K, committed 81920K, reserved 1179648K
  class space    used 9610K, committed 10304K, reserved 1048576K
}
Event: 10539.341 GC heap after
{Heap after GC invocations=50 (full 0):
 garbage-first heap   total 168960K, used 96335K [0x0000000082e00000, 0x0000000100000000)
  region size 1024K, 1 young (1024K), 1 survivors (1024K)
 Metaspace       used 80638K, committed 81920K, reserved 1179648K
  class space    used 9610K, committed 10304K, reserved 1048576K
}
Event: 10540.251 GC heap before
{Heap before GC invocations=50 (full 0):
 garbage-first heap   total 168960K, used 146511K [0x0000000082e00000, 0x0000000100000000)
  region size 1024K, 50 young (51200K), 1 survivors (1024K)
 Metaspace       used 80638K, committed 81920K, reserved 1179648K
  class space    used 9610K, committed 10304K, reserved 1048576K
}
Event: 10540.257 GC heap after
{Heap after GC invocations=51 (full 0):
 garbage-first heap   total 168960K, used 86852K [0x0000000082e00000, 0x0000000100000000)
  region size 1024K, 1 young (1024K), 1 survivors (1024K)
 Metaspace       used 80638K, committed 81920K, reserved 1179648K
  class space    used 9610K, committed 10304K, reserved 1048576K
}
Event: 10541.861 GC heap before
{Heap before GC invocations=51 (full 0):
 garbage-first heap   total 168960K, used 148292K [0x0000000082e00000, 0x0000000100000000)
  region size 1024K, 61 young (62464K), 1 survivors (1024K)
 Metaspace       used 80640K, committed 81920K, reserved 1179648K
  class space    used 9611K, committed 10304K, reserved 1048576K
}
Event: 10541.914 GC heap after
{Heap after GC invocations=52 (full 0):
 garbage-first heap   total 168960K, used 82613K [0x0000000082e00000, 0x0000000100000000)
  region size 1024K, 1 young (1024K), 1 survivors (1024K)
 Metaspace       used 80640K, committed 81920K, reserved 1179648K
  class space    used 9611K, committed 10304K, reserved 1048576K
}
Event: 10550.364 GC heap before
{Heap before GC invocations=52 (full 0):
 garbage-first heap   total 168960K, used 150197K [0x0000000082e00000, 0x0000000100000000)
  region size 1024K, 67 young (68608K), 1 survivors (1024K)
 Metaspace       used 80644K, committed 81920K, reserved 1179648K
  class space    used 9612K, committed 10304K, reserved 1048576K
}
Event: 10550.385 GC heap after
{Heap after GC invocations=53 (full 0):
 garbage-first heap   total 432128K, used 81752K [0x0000000082e00000, 0x0000000100000000)
  region size 1024K, 1 young (1024K), 1 survivors (1024K)
 Metaspace       used 80644K, committed 81920K, reserved 1179648K
  class space    used 9612K, committed 10304K, reserved 1048576K
}

Dll operation events (11 events):
Event: 0.006 Loaded shared library C:\Program Files\Java\jdk-21\bin\java.dll
Event: 0.033 Loaded shared library C:\Program Files\Java\jdk-21\bin\jsvml.dll
Event: 0.102 Loaded shared library C:\Program Files\Java\jdk-21\bin\jimage.dll
Event: 0.109 Loaded shared library C:\Program Files\Java\jdk-21\bin\net.dll
Event: 0.110 Loaded shared library C:\Program Files\Java\jdk-21\bin\nio.dll
Event: 0.113 Loaded shared library C:\Program Files\Java\jdk-21\bin\zip.dll
Event: 0.165 Loaded shared library C:\Program Files\Java\jdk-21\bin\management.dll
Event: 0.172 Loaded shared library C:\Program Files\Java\jdk-21\bin\management_ext.dll
Event: 0.362 Loaded shared library C:\Program Files\Java\jdk-21\bin\extnet.dll
Event: 0.413 Loaded shared library C:\Program Files\Java\jdk-21\bin\verify.dll
Event: 3.257 Loaded shared library C:\Program Files\Java\jdk-21\bin\sunmscapi.dll

Deoptimization events (20 events):
Event: 10539.400 Thread 0x000001f9487540b0 DEOPT PACKING pc=0x000001f96c7399cf sp=0x00000087276fe840
Event: 10539.401 Thread 0x000001f9487540b0 DEOPT UNPACKING pc=0x000001f972284e42 sp=0x00000087276fdca8 mode 0
Event: 10539.706 Thread 0x000001f9487540b0 DEOPT PACKING pc=0x000001f96c545ccf sp=0x00000087276fe930
Event: 10539.706 Thread 0x000001f9487540b0 DEOPT UNPACKING pc=0x000001f972284e42 sp=0x00000087276fdda0 mode 0
Event: 10540.725 Thread 0x000001f9467721e0 Uncommon trap: trap_request=0xffffff45 fr.pc=0x000001f972f84cf4 relative=0x0000000000000294
Event: 10540.725 Thread 0x000001f9467721e0 Uncommon trap: reason=unstable_if action=reinterpret pc=0x000001f972f84cf4 method=com.fasterxml.jackson.core.json.UTF8JsonGenerator._writeStringSegment(Ljava/lang/String;II)V @ 46 c2
Event: 10540.725 Thread 0x000001f9467721e0 DEOPT PACKING pc=0x000001f972f84cf4 sp=0x00000087254fbec0
Event: 10540.726 Thread 0x000001f9467721e0 DEOPT UNPACKING pc=0x000001f9722846a2 sp=0x00000087254fbe40 mode 2
Event: 10545.857 Thread 0x000001f948755460 Uncommon trap: trap_request=0xffffff45 fr.pc=0x000001f973028990 relative=0x0000000000000350
Event: 10545.857 Thread 0x000001f948755460 Uncommon trap: reason=unstable_if action=reinterpret pc=0x000001f973028990 method=sun.util.calendar.ZoneInfo.getOffsets(J[II)I @ 128 c2
Event: 10545.857 Thread 0x000001f948755460 DEOPT PACKING pc=0x000001f973028990 sp=0x00000087277fbf90
Event: 10545.858 Thread 0x000001f948755460 DEOPT UNPACKING pc=0x000001f9722846a2 sp=0x00000087277fbf10 mode 2
Event: 10553.758 Thread 0x000001f948754740 Uncommon trap: trap_request=0xffffff6e fr.pc=0x000001f973650a40 relative=0x00000000000009a0
Event: 10553.758 Thread 0x000001f948754740 Uncommon trap: reason=loop_limit_check action=maybe_recompile pc=0x000001f973650a40 method=com.zaxxer.hikari.util.ConcurrentBag.borrow(JLjava/util/concurrent/TimeUnit;)Lcom/zaxxer/hikari/util/ConcurrentBag$IConcurrentBagEntry; @ 25 c2
Event: 10553.758 Thread 0x000001f948754740 DEOPT PACKING pc=0x000001f973650a40 sp=0x00000087272fd2e0
Event: 10553.758 Thread 0x000001f948754740 DEOPT UNPACKING pc=0x000001f9722846a2 sp=0x00000087272fd278 mode 2
Event: 10553.902 Thread 0x000001f9467721e0 Uncommon trap: trap_request=0xffffff6e fr.pc=0x000001f9736576e4 relative=0x0000000000004a24
Event: 10553.902 Thread 0x000001f9467721e0 Uncommon trap: reason=loop_limit_check action=maybe_recompile pc=0x000001f9736576e4 method=com.zaxxer.hikari.util.ConcurrentBag.borrow(JLjava/util/concurrent/TimeUnit;)Lcom/zaxxer/hikari/util/ConcurrentBag$IConcurrentBagEntry; @ 25 c2
Event: 10553.902 Thread 0x000001f9467721e0 DEOPT PACKING pc=0x000001f9736576e4 sp=0x00000087254fcd10
Event: 10553.903 Thread 0x000001f9467721e0 DEOPT UNPACKING pc=0x000001f9722846a2 sp=0x00000087254fcba0 mode 2

Classes loaded (20 events):
Event: 97.662 Loading class java/lang/ObjectCustomizer
Event: 97.662 Loading class java/lang/ObjectCustomizer done
Event: 189.981 Loading class java/util/concurrent/ConcurrentLinkedQueue$Itr
Event: 189.999 Loading class java/util/concurrent/ConcurrentLinkedQueue$Itr done
Event: 256.033 Loading class java/util/ResourceBundle$Control$1
Event: 256.033 Loading class java/util/ResourceBundle$Control$1 done
Event: 256.089 Loading class sun/reflect/Reflection
Event: 256.089 Loading class sun/reflect/Reflection done
Event: 1223.225 Loading class jdk/internal/reflect/MethodHandleBooleanFieldAccessorImpl
Event: 1223.234 Loading class jdk/internal/reflect/MethodHandleBooleanFieldAccessorImpl done
Event: 1223.296 Loading class java/time/ZonedDateTime$1
Event: 1223.298 Loading class java/time/ZonedDateTime$1 done
Event: 1347.127 Loading class java/text/CalendarBuilder
Event: 1347.136 Loading class java/text/CalendarBuilder done
Event: 2270.150 Loading class sun/util/locale/LocaleExtensions
Event: 2270.224 Loading class sun/util/locale/LocaleExtensions done
Event: 9425.918 Loading class sun/net/ConnectionResetException
Event: 9426.052 Loading class sun/net/ConnectionResetException done
Event: 10537.849 Loading class jdk/internal/math/FormattedFPDecimal
Event: 10537.868 Loading class jdk/internal/math/FormattedFPDecimal done

Classes unloaded (20 events):
Event: 8912.169 Thread 0x000001f97efb75f0 Unloading class 0x000001f901005c00 'java/lang/invoke/LambdaForm$MH+0x000001f901005c00'
Event: 8912.170 Thread 0x000001f97efb75f0 Unloading class 0x000001f901004800 'java/lang/invoke/LambdaForm$MH+0x000001f901004800'
Event: 8912.170 Thread 0x000001f97efb75f0 Unloading class 0x000001f901004400 'java/lang/invoke/LambdaForm$MH+0x000001f901004400'
Event: 8912.170 Thread 0x000001f97efb75f0 Unloading class 0x000001f901003c00 'java/lang/invoke/LambdaForm$MH+0x000001f901003c00'
Event: 8912.170 Thread 0x000001f97efb75f0 Unloading class 0x000001f901003000 'java/lang/invoke/LambdaForm$MH+0x000001f901003000'
Event: 8912.170 Thread 0x000001f97efb75f0 Unloading class 0x000001f901002800 'java/lang/invoke/LambdaForm$MH+0x000001f901002800'
Event: 8912.170 Thread 0x000001f97efb75f0 Unloading class 0x000001f901002000 'java/lang/invoke/LambdaForm$MH+0x000001f901002000'
Event: 8912.170 Thread 0x000001f97efb75f0 Unloading class 0x000001f901001800 'java/lang/invoke/LambdaForm$MH+0x000001f901001800'
Event: 10538.393 Thread 0x000001f97efb75f0 Unloading class 0x000001f901a1ec00 'java/lang/invoke/LambdaForm$DMH+0x000001f901a1ec00'
Event: 10538.393 Thread 0x000001f97efb75f0 Unloading class 0x000001f901a1c400 'java/lang/invoke/LambdaForm$DMH+0x000001f901a1c400'
Event: 10538.393 Thread 0x000001f97efb75f0 Unloading class 0x000001f901a1c000 'java/lang/invoke/LambdaForm$DMH+0x000001f901a1c000'
Event: 10538.393 Thread 0x000001f97efb75f0 Unloading class 0x000001f901a1b000 'java/lang/invoke/LambdaForm$DMH+0x000001f901a1b000'
Event: 10538.393 Thread 0x000001f97efb75f0 Unloading class 0x000001f901a1a400 'java/lang/invoke/LambdaForm$MH+0x000001f901a1a400'
Event: 10538.393 Thread 0x000001f97efb75f0 Unloading class 0x000001f901a19c00 'java/lang/invoke/LambdaForm$MH+0x000001f901a19c00'
Event: 10538.393 Thread 0x000001f97efb75f0 Unloading class 0x000001f901a19800 'java/lang/invoke/LambdaForm$MH+0x000001f901a19800'
Event: 10538.394 Thread 0x000001f97efb75f0 Unloading class 0x000001f901a16c00 'java/lang/invoke/LambdaForm$DMH+0x000001f901a16c00'
Event: 10538.394 Thread 0x000001f97efb75f0 Unloading class 0x000001f901a0f400 'java/lang/invoke/LambdaForm$DMH+0x000001f901a0f400'
Event: 10538.394 Thread 0x000001f97efb75f0 Unloading class 0x000001f9019b6c00 'java/lang/invoke/LambdaForm$DMH+0x000001f9019b6c00'
Event: 10538.394 Thread 0x000001f97efb75f0 Unloading class 0x000001f9019abc00 'java/lang/invoke/LambdaForm$MH+0x000001f9019abc00'
Event: 10538.394 Thread 0x000001f97efb75f0 Unloading class 0x000001f9019ab000 'java/lang/invoke/LambdaForm$MH+0x000001f9019ab000'

Classes redefined (0 events):
No events

Internal exceptions (20 events):
Event: 9303.972 Thread 0x000001f948753390 Exception <a 'java/io/IOException'{0x00000000894ab8a0}> (0x00000000894ab8a0) 
thrown [s\open\src\hotspot\share\prims\jni.cpp, line 520]
Event: 9305.963 Thread 0x000001f948751950 Exception <a 'java/io/IOException'{0x000000008922d348}> (0x000000008922d348) 
thrown [s\open\src\hotspot\share\prims\jni.cpp, line 520]
Event: 9308.419 Thread 0x000001f9467721e0 Exception <a 'java/io/IOException'{0x000000008940b1f0}> (0x000000008940b1f0) 
thrown [s\open\src\hotspot\share\prims\jni.cpp, line 520]
Event: 9308.764 Thread 0x000001f948752670 Exception <a 'java/io/IOException'{0x000000008924ece0}> (0x000000008924ece0) 
thrown [s\open\src\hotspot\share\prims\jni.cpp, line 520]
Event: 9309.267 Thread 0x000001f9488e4530 Exception <a 'java/io/IOException'{0x00000000892b4bb8}> (0x00000000892b4bb8) 
thrown [s\open\src\hotspot\share\prims\jni.cpp, line 520]
Event: 9309.819 Thread 0x000001f9467714c0 Exception <a 'java/io/IOException'{0x00000000892c5d08}> (0x00000000892c5d08) 
thrown [s\open\src\hotspot\share\prims\jni.cpp, line 520]
Event: 9314.666 Thread 0x000001f9487540b0 Exception <a 'java/io/IOException'{0x00000000891d2528}> (0x00000000891d2528) 
thrown [s\open\src\hotspot\share\prims\jni.cpp, line 520]
Event: 9425.882 Thread 0x000001f9467721e0 Exception <a 'java/io/IOException'{0x000000008878b4b0}> (0x000000008878b4b0) 
thrown [s\open\src\hotspot\share\prims\jni.cpp, line 520]
Event: 9426.038 Thread 0x000001f9488e6c90 Exception <a 'java/io/IOException'{0x0000000088317930}> (0x0000000088317930) 
thrown [s\open\src\hotspot\share\prims\jni.cpp, line 520]
Event: 9426.357 Thread 0x000001f948752670 Exception <a 'java/io/IOException'{0x000000008832a850}> (0x000000008832a850) 
thrown [s\open\src\hotspot\share\prims\jni.cpp, line 520]
Event: 9426.642 Thread 0x000001f948754740 Exception <a 'java/io/IOException'{0x0000000088340270}> (0x0000000088340270) 
thrown [s\open\src\hotspot\share\prims\jni.cpp, line 520]
Event: 9426.828 Thread 0x000001f948751950 Exception <a 'java/io/IOException'{0x0000000088345b78}> (0x0000000088345b78) 
thrown [s\open\src\hotspot\share\prims\jni.cpp, line 520]
Event: 9427.390 Thread 0x000001f9467714c0 Exception <a 'java/io/IOException'{0x0000000088348498}> (0x0000000088348498) 
thrown [s\open\src\hotspot\share\prims\jni.cpp, line 520]
Event: 9427.830 Thread 0x000001f94874ff10 Exception <a 'java/io/IOException'{0x000000008822af18}> (0x000000008822af18) 
thrown [s\open\src\hotspot\share\prims\jni.cpp, line 520]
Event: 9427.887 Thread 0x000001f94874ff10 Exception <a 'java/io/IOException'{0x000000008822d230}> (0x000000008822d230) 
thrown [s\open\src\hotspot\share\prims\jni.cpp, line 520]
Event: 9674.482 Thread 0x000001f948753390 Implicit null exception at 0x000001f973231823 to 0x000001f9732332ec
Event: 10470.467 Thread 0x000001f9467721e0 Implicit null exception at 0x000001f972c20070 to 0x000001f972c208b0
Event: 10470.469 Thread 0x000001f9467721e0 Implicit null exception at 0x000001f9727e6c83 to 0x000001f9727e7a4c
Event: 10470.477 Thread 0x000001f9488e6c90 Implicit null exception at 0x000001f972a7608b to 0x000001f972a7610c
Event: 10537.414 Thread 0x000001f948753390 Exception <a 'java/lang/ClassNotFoundException'{0x0000000089d09040}: com/epmapat/erp_epmapat/interfaces/RepFacGlobalCustomizer> (0x0000000089d09040) 
thrown [s\open\src\hotspot\share\classfile\systemDictionary.cpp, line 312]

ZGC Phase Switch (0 events):
No events

VM Operations (20 events):
Event: 10540.251 Executing VM operation: G1CollectForAllocation (G1 Evacuation Pause)
Event: 10540.257 Executing VM operation: G1CollectForAllocation (G1 Evacuation Pause) done
Event: 10541.268 Executing VM operation: Cleanup
Event: 10541.268 Executing VM operation: Cleanup done
Event: 10541.860 Executing VM operation: G1CollectForAllocation (G1 Evacuation Pause)
Event: 10541.914 Executing VM operation: G1CollectForAllocation (G1 Evacuation Pause) done
Event: 10542.920 Executing VM operation: Cleanup
Event: 10542.920 Executing VM operation: Cleanup done
Event: 10543.927 Executing VM operation: Cleanup
Event: 10543.927 Executing VM operation: Cleanup done
Event: 10550.364 Executing VM operation: G1CollectForAllocation (G1 Evacuation Pause)
Event: 10550.386 Executing VM operation: G1CollectForAllocation (G1 Evacuation Pause) done
Event: 10551.391 Executing VM operation: Cleanup
Event: 10551.391 Executing VM operation: Cleanup done
Event: 10552.398 Executing VM operation: Cleanup
Event: 10552.398 Executing VM operation: Cleanup done
Event: 10553.401 Executing VM operation: Cleanup
Event: 10553.401 Executing VM operation: Cleanup done
Event: 10554.403 Executing VM operation: Cleanup
Event: 10554.403 Executing VM operation: Cleanup done

Events (20 events):
Event: 10538.717 Thread 0x000001f97efb75f0 flushing nmethod 0x000001f973107e90
Event: 10538.717 Thread 0x000001f97efb75f0 flushing nmethod 0x000001f972fbf190
Event: 10538.717 Thread 0x000001f97efb75f0 flushing nmethod 0x000001f972e75a90
Event: 10538.717 Thread 0x000001f97efb75f0 flushing nmethod 0x000001f972e63a90
Event: 10538.717 Thread 0x000001f97efb75f0 flushing nmethod 0x000001f972e08110
Event: 10538.717 Thread 0x000001f97efb75f0 flushing nmethod 0x000001f972a0c990
Event: 10538.717 Thread 0x000001f97efb75f0 flushing nmethod 0x000001f9729f6590
Event: 10538.717 Thread 0x000001f97efb75f0 flushing nmethod 0x000001f972816a90
Event: 10538.717 Thread 0x000001f97efb75f0 flushing nmethod 0x000001f9729a6110
Event: 10538.717 Thread 0x000001f97efb75f0 flushing nmethod 0x000001f97291e710
Event: 10538.717 Thread 0x000001f97efb75f0 flushing nmethod 0x000001f972946810
Event: 10538.733 Thread 0x000001f9488e86d0 Thread added: 0x000001f9488e86d0
Event: 10538.753 Thread 0x000001f947653e70 Thread added: 0x000001f947653e70
Event: 10539.380 Thread 0x000001f9477acdd0 Thread added: 0x000001f9477acdd0
Event: 10540.923 Thread 0x000001f9477acdd0 Thread exited: 0x000001f9477acdd0
Event: 10541.640 Thread 0x000001f947653e70 Thread exited: 0x000001f947653e70
Event: 10543.530 Thread 0x000001f947653e70 Thread added: 0x000001f947653e70
Event: 10543.837 Thread 0x000001f9488e86d0 Thread exited: 0x000001f9488e86d0
Event: 10545.319 Thread 0x000001f947653e70 Thread exited: 0x000001f947653e70
Event: 10551.622 Thread 0x000001f947653e70 Thread added: 0x000001f947653e70


Dynamic libraries:
0x00007ff7e3920000 - 0x00007ff7e3930000 	C:\Program Files\Java\jdk-21\bin\java.exe
0x00007ffccc9f0000 - 0x00007ffcccc07000 	C:\WINDOWS\SYSTEM32\ntdll.dll
0x00007ffccbd50000 - 0x00007ffccbe14000 	C:\WINDOWS\System32\KERNEL32.DLL
0x00007ffcca270000 - 0x00007ffcca61d000 	C:\WINDOWS\System32\KERNELBASE.dll
0x00007ffcc4f50000 - 0x00007ffcc4fe7000 	C:\WINDOWS\SYSTEM32\apphelp.dll
0x00007ffcc9f40000 - 0x00007ffcca051000 	C:\WINDOWS\System32\ucrtbase.dll
0x00007ffcb72c0000 - 0x00007ffcb72d9000 	C:\Program Files\Java\jdk-21\bin\jli.dll
0x00007ffcb7260000 - 0x00007ffcb727b000 	C:\Program Files\Java\jdk-21\bin\VCRUNTIME140.dll
0x00007ffccc840000 - 0x00007ffccc8f2000 	C:\WINDOWS\System32\ADVAPI32.dll
0x00007ffccaea0000 - 0x00007ffccaf47000 	C:\WINDOWS\System32\msvcrt.dll
0x00007ffccad10000 - 0x00007ffccadb9000 	C:\WINDOWS\System32\sechost.dll
0x00007ffcca620000 - 0x00007ffcca648000 	C:\WINDOWS\System32\bcrypt.dll
0x00007ffccc040000 - 0x00007ffccc154000 	C:\WINDOWS\System32\RPCRT4.dll
0x00007ffccbe20000 - 0x00007ffccbfce000 	C:\WINDOWS\System32\USER32.dll
0x00007ffcad930000 - 0x00007ffcadbc3000 	C:\WINDOWS\WinSxS\amd64_microsoft.windows.common-controls_6595b64144ccf1df_6.0.22621.3672_none_2713b9d173822955\COMCTL32.dll
0x00007ffcca650000 - 0x00007ffcca676000 	C:\WINDOWS\System32\win32u.dll
0x00007ffccc160000 - 0x00007ffccc189000 	C:\WINDOWS\System32\GDI32.dll
0x00007ffcca150000 - 0x00007ffcca269000 	C:\WINDOWS\System32\gdi32full.dll
0x00007ffcca680000 - 0x00007ffcca71a000 	C:\WINDOWS\System32\msvcp_win.dll
0x00007ffcc5800000 - 0x00007ffcc580a000 	C:\WINDOWS\SYSTEM32\VERSION.dll
0x00007ffccacd0000 - 0x00007ffccad01000 	C:\WINDOWS\System32\IMM32.DLL
0x00007ffcb72b0000 - 0x00007ffcb72bc000 	C:\Program Files\Java\jdk-21\bin\vcruntime140_1.dll
0x00007ffca6f30000 - 0x00007ffca6fbe000 	C:\Program Files\Java\jdk-21\bin\msvcp140.dll
0x00007ffc3d4c0000 - 0x00007ffc3e1d7000 	C:\Program Files\Java\jdk-21\bin\server\jvm.dll
0x00007ffccb050000 - 0x00007ffccb0c1000 	C:\WINDOWS\System32\WS2_32.dll
0x00007ffcc9060000 - 0x00007ffcc90ad000 	C:\WINDOWS\SYSTEM32\POWRPROF.dll
0x00007ffca5780000 - 0x00007ffca57b4000 	C:\WINDOWS\SYSTEM32\WINMM.dll
0x00007ffcc8fe0000 - 0x00007ffcc8ff3000 	C:\WINDOWS\SYSTEM32\UMPDC.dll
0x00007ffcc8d60000 - 0x00007ffcc8d78000 	C:\WINDOWS\SYSTEM32\kernel.appcore.dll
0x00007ffcb7160000 - 0x00007ffcb716a000 	C:\Program Files\Java\jdk-21\bin\jimage.dll
0x00007ffcc7410000 - 0x00007ffcc7642000 	C:\WINDOWS\SYSTEM32\DBGHELP.DLL
0x00007ffccc190000 - 0x00007ffccc51e000 	C:\WINDOWS\System32\combase.dll
0x00007ffccadc0000 - 0x00007ffccae97000 	C:\WINDOWS\System32\OLEAUT32.dll
0x00007ffcac180000 - 0x00007ffcac1b2000 	C:\WINDOWS\SYSTEM32\dbgcore.DLL
0x00007ffcca0d0000 - 0x00007ffcca14b000 	C:\WINDOWS\System32\bcryptPrimitives.dll
0x00007ffcb6b40000 - 0x00007ffcb6b5f000 	C:\Program Files\Java\jdk-21\bin\java.dll
0x00007ffccb4e0000 - 0x00007ffccbd47000 	C:\WINDOWS\System32\SHELL32.dll
0x00007ffcc7c90000 - 0x00007ffcc858f000 	C:\WINDOWS\SYSTEM32\windows.storage.dll
0x00007ffcc7b50000 - 0x00007ffcc7c8f000 	C:\WINDOWS\SYSTEM32\wintypes.dll
0x00007ffccaf50000 - 0x00007ffccb049000 	C:\WINDOWS\System32\SHCORE.dll
0x00007ffccc520000 - 0x00007ffccc57e000 	C:\WINDOWS\System32\shlwapi.dll
0x00007ffcc9c40000 - 0x00007ffcc9c67000 	C:\WINDOWS\SYSTEM32\profapi.dll
0x00007ffc7d860000 - 0x00007ffc7d937000 	C:\Program Files\Java\jdk-21\bin\jsvml.dll
0x00007ffcb6b30000 - 0x00007ffcb6b40000 	C:\Program Files\Java\jdk-21\bin\net.dll
0x00007ffcc5b50000 - 0x00007ffcc5c86000 	C:\WINDOWS\SYSTEM32\WINHTTP.dll
0x00007ffcc92c0000 - 0x00007ffcc9329000 	C:\WINDOWS\system32\mswsock.dll
0x00007ffcb6b10000 - 0x00007ffcb6b26000 	C:\Program Files\Java\jdk-21\bin\nio.dll
0x00007ffcaf0f0000 - 0x00007ffcaf108000 	C:\Program Files\Java\jdk-21\bin\zip.dll
0x00007ffcb4540000 - 0x00007ffcb454a000 	C:\Program Files\Java\jdk-21\bin\management.dll
0x00007ffcb2b90000 - 0x00007ffcb2b9b000 	C:\Program Files\Java\jdk-21\bin\management_ext.dll
0x00007ffccc030000 - 0x00007ffccc038000 	C:\WINDOWS\System32\PSAPI.DLL
0x00007ffcb6ab0000 - 0x00007ffcb6ac7000 	C:\WINDOWS\system32\napinsp.dll
0x00007ffcb6a90000 - 0x00007ffcb6aab000 	C:\WINDOWS\system32\pnrpnsp.dll
0x00007ffcc88b0000 - 0x00007ffcc89a8000 	C:\WINDOWS\SYSTEM32\DNSAPI.dll
0x00007ffcc8830000 - 0x00007ffcc885d000 	C:\WINDOWS\SYSTEM32\IPHLPAPI.DLL
0x00007ffccc580000 - 0x00007ffccc589000 	C:\WINDOWS\System32\NSI.dll
0x00007ffcb67d0000 - 0x00007ffcb67e1000 	C:\WINDOWS\System32\winrnr.dll
0x00007ffcb65c0000 - 0x00007ffcb65d5000 	C:\WINDOWS\system32\wshbth.dll
0x00007ffcb6350000 - 0x00007ffcb6377000 	C:\WINDOWS\system32\nlansp_c.dll
0x0000000066b10000 - 0x0000000066b36000 	C:\Program Files\Bonjour\mdnsNSP.dll
0x00007ffcc36b0000 - 0x00007ffcc36ba000 	C:\Windows\System32\rasadhlp.dll
0x00007ffcc56f0000 - 0x00007ffcc5773000 	C:\WINDOWS\System32\fwpuclnt.dll
0x00007ffcc9510000 - 0x00007ffcc952b000 	C:\WINDOWS\SYSTEM32\CRYPTSP.dll
0x00007ffcc8cc0000 - 0x00007ffcc8cf5000 	C:\WINDOWS\system32\rsaenh.dll
0x00007ffcc93b0000 - 0x00007ffcc93d8000 	C:\WINDOWS\SYSTEM32\USERENV.dll
0x00007ffcc9530000 - 0x00007ffcc953c000 	C:\WINDOWS\SYSTEM32\CRYPTBASE.dll
0x00007ffcafed0000 - 0x00007ffcafed9000 	C:\Program Files\Java\jdk-21\bin\extnet.dll
0x00007ffcafe10000 - 0x00007ffcafe20000 	C:\Program Files\Java\jdk-21\bin\verify.dll
0x00007ffcaf010000 - 0x00007ffcaf01e000 	C:\Program Files\Java\jdk-21\bin\sunmscapi.dll
0x00007ffcc9d10000 - 0x00007ffcc9e77000 	C:\WINDOWS\System32\CRYPT32.dll
0x00007ffcc96b0000 - 0x00007ffcc96de000 	C:\WINDOWS\SYSTEM32\ncrypt.dll
0x00007ffcc9670000 - 0x00007ffcc96a7000 	C:\WINDOWS\SYSTEM32\NTASN1.dll
0x00007ffcc32c0000 - 0x00007ffcc32c8000 	C:\WINDOWS\system32\wshunix.dll

dbghelp: loaded successfully - version: 4.0.5 - missing functions: none
symbol engine: initialized successfully - sym options: 0x614 - pdb path: .;C:\Program Files\Java\jdk-21\bin;C:\WINDOWS\SYSTEM32;C:\WINDOWS\WinSxS\amd64_microsoft.windows.common-controls_6595b64144ccf1df_6.0.22621.3672_none_2713b9d173822955;C:\Program Files\Java\jdk-21\bin\server;C:\Program Files\Bonjour

VM Arguments:
jvm_args: -XX:+ShowCodeDetailsInExceptionMessages -Dspring.jmx.enabled=true -Dmanagement.endpoints.jmx.exposure.include=* -Dspring.application.admin.enabled=true -Dspring.boot.project.name=erp_epmapat -Djava.rmi.server.hostname=localhost -Dcom.sun.management.jmxremote.port=45556 -Dcom.sun.management.jmxremote.authenticate=false -Dcom.sun.management.jmxremote.ssl=false 
java_command: com.epmapat.erp_epmapat.ErpEpmapatApplication
java_class_path (initial): C:\EPMAPAT_SYSTEMS\erp_epmapat_be\target\classes;C:\Users\ADIKTA\.m2\repository\org\springframework\boot\spring-boot-starter-actuator\2.7.18\spring-boot-starter-actuator-2.7.18.jar;C:\Users\ADIKTA\.m2\repository\org\springframework\boot\spring-boot-starter\2.7.18\spring-boot-starter-2.7.18.jar;C:\Users\ADIKTA\.m2\repository\org\springframework\boot\spring-boot\2.7.18\spring-boot-2.7.18.jar;C:\Users\ADIKTA\.m2\repository\org\springframework\boot\spring-boot-autoconfigure\2.7.18\spring-boot-autoconfigure-2.7.18.jar;C:\Users\ADIKTA\.m2\repository\org\springframework\boot\spring-boot-starter-logging\2.7.18\spring-boot-starter-logging-2.7.18.jar;C:\Users\ADIKTA\.m2\repository\ch\qos\logback\logback-classic\1.2.12\logback-classic-1.2.12.jar;C:\Users\ADIKTA\.m2\repository\ch\qos\logback\logback-core\1.2.12\logback-core-1.2.12.jar;C:\Users\ADIKTA\.m2\repository\org\apache\logging\log4j\log4j-to-slf4j\2.17.2\log4j-to-slf4j-2.17.2.jar;C:\Users\ADIKTA\.m2\repository\org\apache\logging\log4j\log4j-api\2.17.2\log4j-api-2.17.2.jar;C:\Users\ADIKTA\.m2\repository\org\slf4j\jul-to-slf4j\1.7.36\jul-to-slf4j-1.7.36.jar;C:\Users\ADIKTA\.m2\repository\org\yaml\snakeyaml\1.30\snakeyaml-1.30.jar;C:\Users\ADIKTA\.m2\repository\org\springframework\boot\spring-boot-actuator-autoconfigure\2.7.18\spring-boot-actuator-autoconfigure-2.7.18.jar;C:\Users\ADIKTA\.m2\repository\org\springframework\boot\spring-boot-actuator\2.7.18\spring-boot-actuator-2.7.18.jar;C:\Users\ADIKTA\.m2\repository\com\fasterxml\jackson\datatype\jackson-datatype-jsr310\2.13.5\jackson-datatype-jsr310-2.13.5.jar;C:\Users\ADIKTA\.m2\repository\io\micrometer\micrometer-core\1.9.17\micrometer-core-1.9.17.jar;C:\Users\ADIKTA\.m2\repository\org\hdrhistogram\HdrHistogram\2.1.12\HdrHistogram-2.1.12.jar;C:\Users\ADIKTA\.m2\repository\org\latencyutils\LatencyUtils\2.0.3\LatencyUtils-2.0.3.jar;C:\Users\ADIKTA\.m2\repository\org\springframework\boot\spring-boot-starter-data-jpa\2.7.18\spring-boot-starter-data-jpa-2.7.18.jar;C:\Users\ADIKTA\.m2\repository\org\springframework\boot\spring-boot-starter-aop\2.7.18\spring-boot-starter-aop-2.7.18.jar;C:\Users\ADIKTA\.m2\repository\org\springframework\spring-aop\5.3.31\spring-aop-5.3.31.jar;C:\Users\ADIKTA\.m2\repository\org\aspectj\aspectjweaver\1.9.7\aspectjweaver-1.9.7.jar;C:\Users\ADIKTA\.m2\repository\org\springframework\boot\spring-boot-starter-jdbc\2.7.18\spring-boot-starter-jdbc-2.7.18.jar;C:\Users\ADIKTA\.m2\repository\com\zaxxer\HikariCP\4.0.3\HikariCP-4.0.3.jar;C:\Users\ADIKTA\.m2\repository\org\springframework\spring-jdbc\5.3.31\spring-jdbc-5.3.31.jar;C:\Users\ADIKTA\.m2\repository\jakarta\transaction\jakarta.transaction-api\1.3.3\jakarta.transaction-api-1.3.3.jar;C:\Users\ADIKTA\.m2\repository\jakarta\persistence\jakarta.persistence-api\2.2.3\jakarta.persistence-api-2.2.3.jar;C:\Users\ADIKTA\.m2\repository\org\hibernate\hibernate-core\5.6.15.Final\hibernate-core-5.6.15.Final.jar;C:\Users\ADIKTA\.m2\repository\org\jboss\logging\jboss-logging\3.4.3.Final\jboss-logging-3.4.3.Final.jar;C:\Users\ADIKTA\.m2\repository\net\bytebuddy\byte-buddy\1.12.23\byte-buddy-1.12.23.jar;C:\Users\ADIKTA\.m2\repository\antlr\antlr\2.7.7\antlr-2.7.7.jar;C:\Users\ADIKTA\.m2\repository\org\jboss\jandex\2.4.2.Final\jandex-2.4.2.Final.jar;C:\Users\ADIKTA\.m2\repository\com\fasterxml\classmate\1.5.1\classmate-1.5.1.jar;C:\Users\ADIKTA\.m2\repository\org\hibernate\common\hibernate-commons-annotations\5.1.2.Final\hibernate-commons-annotations-5.1.2.Final.jar;C:\Users\ADIKTA\.m2\repository\org\glassfish\jaxb\jaxb-runtime\2.3.9\jaxb-runtime-2.3.9.jar;C:\Users\ADIKTA\.m2\repository\org\glassfish\jaxb\txw2\2.3.9\txw2-2.3.9.jar;C:\Users\ADIKTA\.m2\repository\com\sun\istack\istack-commons-runtime\3.0.12\istack-commons-runtime-3.0.12.jar;C:\Users\ADIKTA\.m2\repository\com\sun\activation\jakarta.activation\1.2.2\jakarta.activation-1.2.2.jar;C:\Users\ADIKTA\.m2\repository\org\springframework\data\spring-data-jpa\2.7.18\spring-data-jpa-2.7.18.jar;C:\Users\ADIKTA\.m2\repository\org\springframework\data\spring-data-commons\2.7.18\spring-data-commons-2.7.18.jar;C:\Users\ADIKTA\.m2\repository\org\springframework\spring-orm\5.3.31\spring-orm-5.3.31.jar;C:\Users\ADIKTA\.m2\repository\org\springframework\spring-context\5.3.31\spring-context-5.3.31.jar;C:\Users\ADIKTA\.m2\repository\org\springframework\spring-tx\5.3.31\spring-tx-5.3.31.jar;C:\Users\ADIKTA\.m2\repository\org\springframework\spring-beans\5.3.31\spring-beans-5.3.31.jar;C:\Users\ADIKTA\.m2\repository\org\slf4j\slf4j-api\1.7.36\slf4j-api-1.7.36.jar;C:\Users\ADIKTA\.m2\repository\org\springframework\spring-aspects\5.3.31\spring-aspects-5.3.31.jar;C:\Users\ADIKTA\.m2\repository\org\springframework\boot\spring-boot-starter-web\2.7.18\spring-boot-starter-web-2.7.18.jar;C:\Users\ADIKTA\.m2\repository\org\springframework\boot\spring-boot-starter-json\2.7.18\spring-boot-starter-json-2.7.18.jar;C:\Users\ADIKTA\.m2\repository\com\fasterxml\jackson\datatype\jackson-datatype-jdk8\2.13.5\jackson-datatype-jdk8-2.13.5.jar;C:\Users\ADIKTA\.m2\repository\com\fasterxml\jackson\module\jackson-module-parameter-names\2.13.5\jackson-module-parameter-names-2.13.5.jar;C:\Users\ADIKTA\.m2\repository\org\springframework\spring-web\5.3.31\spring-web-5.3.31.jar;C:\Users\ADIKTA\.m2\repository\org\springframework\spring-webmvc\5.3.31\spring-webmvc-5.3.31.jar;C:\Users\ADIKTA\.m2\repository\org\springframework\spring-expression\5.3.31\spring-expression-5.3.31.jar;C:\Users\ADIKTA\.m2\repository\org\postgresql\postgresql\42.3.8\postgresql-42.3.8.jar;C:\Users\ADIKTA\.m2\repository\org\checkerframework\checker-qual\3.5.0\checker-qual-3.5.0.jar;C:\Users\ADIKTA\.m2\repository\jakarta\xml\bind\jakarta.xml.bind-api\2.3.3\jakarta.xml.bind-api-2.3.3.jar;C:\Users\ADIKTA\.m2\repository\jakarta\activation\jakarta.activation-api\1.2.2\jakarta.activation-api-1.2.2.jar;C:\Users\ADIKTA\.m2\repository\org\springframework\spring-core\5.3.31\spring-core-5.3.31.jar;C:\Users\ADIKTA\.m2\repository\org\springframework\spring-jcl\5.3.31\spring-jcl-5.3.31.jar;C:\Users\ADIKTA\.m2\repository\net\sf\jasperreports\jasperreports\6.21.2\jasperreports-6.21.2.jar;C:\Users\ADIKTA\.m2\repository\commons-beanutils\commons-beanutils\1.9.4\commons-beanutils-1.9.4.jar;C:\Users\ADIKTA\.m2\repository\commons-collections\commons-collections\3.2.2\commons-collections-3.2.2.jar;C:\Users\ADIKTA\.m2\repository\commons-digester\commons-digester\2.1\commons-digester-2.1.jar;C:\Users\ADIKTA\.m2\repository\commons-logging\commons-logging\1.1.1\commons-logging-1.1.1.jar;C:\Users\ADIKTA\.m2\repository\org\apache\commons\commons-collections4\4.2\commons-collections4-4.2.jar;C:\Users\ADIKTA\.m2\repository\com\github\librepdf\openpdf\1.3.32\openpdf-1.3.32.jar;C:\Users\ADIKTA\.m2\repository\org\jfree\jcommon\1.0.23\jcommon-1.0.23.jar;C:\Users\ADIKTA\.m2\repository\org\jfree\jfreechart\1.0.19\jfreechart-1.0.19.jar;C:\Users\ADIKTA\.m2\repository\org\eclipse\jdt\ecj\3.21.0\ecj-3.21.0.jar;C:\Users\ADIKTA\.m2\repository\com\fasterxml\jackson\core\jackson-core\2.13.5\jackson-core-2.13.5.jar;C:\Users\ADIKTA\.m2\repository\com\fasterxml\jackson\core\jackson-databind\2.13.5\jackson-databind-2.13.5.jar;C:\Users\ADIKTA\.m2\repository\com\fasterxml\jackson\core\jackson-annotations\2.13.5\jackson-annotations-2.13.5.jar;C:\Users\ADIKTA\.m2\repository\com\fasterxml\jackson\dataformat\jackson-dataformat-xml\2.13.5\jackson-dataformat-xml-2.13.5.jar;C:\Users\ADIKTA\.m2\repository\org\codehaus\woodstox\stax2-api\4.2.1\stax2-api-4.2.1.jar;C:\Users\ADIKTA\.m2\repository\com\fasterxml\woodstox\woodstox-core\6.4.0\woodstox-core-6.4.0.jar;C:\Users\ADIKTA\.m2\repository\org\springframework\boot\spring-boot-starter-tomcat\2.7.18\spring-boot-starter-tomcat-2.7.18.jar;C:\Users\ADIKTA\.m2\repository\jakarta\annotation\jakarta.annotation-api\1.3.5\jakarta.annotation-api-1.3.5.jar;C:\Users\ADIKTA\.m2\repository\org\apache\tomcat\embed\tomcat-embed-core\9.0.83\tomcat-embed-core-9.0.83.jar;C:\Users\ADIKTA\.m2\repository\org\apache\tomcat\embed\tomcat-embed-el\9.0.83\tomcat-embed-el-9.0.83.jar;C:\Users\ADIKTA\.m2\repository\org\apache\tomcat\embed\tomcat-embed-websocket\9.0.83\tomcat-embed-websocket-9.0.83.jar
Launcher Type: SUN_STANDARD

[Global flags]
     intx CICompilerCount                          = 4                                         {product} {ergonomic}
     uint ConcGCThreads                            = 3                                         {product} {ergonomic}
     uint G1ConcRefinementThreads                  = 10                                        {product} {ergonomic}
   size_t G1HeapRegionSize                         = 1048576                                   {product} {ergonomic}
    uintx GCDrainStackTargetSize                   = 64                                        {product} {ergonomic}
   size_t InitialHeapSize                          = 132120576                                 {product} {ergonomic}
     bool ManagementServer                         = true                                      {product} {command line}
   size_t MarkStackSize                            = 4194304                                   {product} {ergonomic}
   size_t MaxHeapSize                              = 2099249152                                {product} {ergonomic}
   size_t MaxNewSize                               = 1259339776                                {product} {ergonomic}
   size_t MinHeapDeltaBytes                        = 1048576                                   {product} {ergonomic}
   size_t MinHeapSize                              = 8388608                                   {product} {ergonomic}
    uintx NonNMethodCodeHeapSize                   = 5839372                                {pd product} {ergonomic}
    uintx NonProfiledCodeHeapSize                  = 122909434                              {pd product} {ergonomic}
    uintx ProfiledCodeHeapSize                     = 122909434                              {pd product} {ergonomic}
    uintx ReservedCodeCacheSize                    = 251658240                              {pd product} {ergonomic}
     bool SegmentedCodeCache                       = true                                      {product} {ergonomic}
     bool ShowCodeDetailsInExceptionMessages       = true                                   {manageable} {command line}
   size_t SoftMaxHeapSize                          = 2099249152                             {manageable} {ergonomic}
     bool UseCompressedOops                        = true                           {product lp64_product} {ergonomic}
     bool UseG1GC                                  = true                                      {product} {ergonomic}
     bool UseLargePagesIndividualAllocation        = false                                  {pd product} {ergonomic}

Logging:
Log output configuration:
 #0: stdout all=warning uptime,level,tags foldmultilines=false
 #1: stderr all=off uptime,level,tags foldmultilines=false

Environment Variables:
JAVA_HOME=C:\Program Files\Java\jdk-21
PATH=C:\Users\ADIKTA\bin;C:\Program Files\Git\mingw64\bin;C:\Program Files\Git\usr\local\bin;C:\Program Files\Git\usr\bin;C:\Program Files\Git\usr\bin;C:\Program Files\Git\mingw64\bin;C:\Program Files\Git\usr\bin;C:\Users\ADIKTA\bin;C:\Program Files (x86)\VMware\VMware Player\bin;C:\Program Files\Common Files\Oracle\Java\javapath;C:\Program Files (x86)\Common Files\Oracle\Java\java8path;C:\Program Files (x86)\Common Files\Oracle\Java\javapath;C:\WINDOWS\system32;C:\WINDOWS;C:\WINDOWS\System32\Wbem;C:\WINDOWS\System32\WindowsPowerShell\v1.0;C:\WINDOWS\System32\OpenSSH;C:\Program Files\nodejs;C:\Program Files\Git\cmd;C:\Program Files\dotnet;C:\Program Files\Microsoft Network Monitor 3;C:\Users\ADIKTA\AppData\Local\Programs\Python\Python312\Scripts;C:\Users\ADIKTA\AppData\Local\Programs\Python\Python312;C:\Users\ADIKTA\.console-ninja\.bin;C:\Users\ADIKTA\AppData\Local\Microsoft\WindowsApps;C:\Users\ADIKTA\AppData\Local\Programs\Microsoft VS Code\bin;C:\Program Files\Java\jdk-21\bin;C:\MAVEN\bin;C:\Users\ADIKTA\AppData\Roaming\npm;C:\Program Files\Git\usr\bin\vendor_perl;C:\Program Files\Git\usr\bin\core_perl
USERNAME=ADIKTA
SHELL=C:\Program Files\Git\usr\bin\bash.exe
DISPLAY=needs-to-be-defined
LANG=en_US.UTF-8
TERM=xterm-256color
TMPDIR=C:\Users\ADIKTA\AppData\Local\Temp
OS=Windows_NT
PROCESSOR_IDENTIFIER=Intel64 Family 6 Model 165 Stepping 3, GenuineIntel
TMP=C:\Users\ADIKTA\AppData\Local\Temp
TEMP=C:\Users\ADIKTA\AppData\Local\Temp




Periodic native trim disabled

---------------  S Y S T E M  ---------------

OS:
 Windows 11 , 64 bit Build 22621 (10.0.22621.3958)
OS uptime: 0 days 7:27 hours

CPU: total 12 (initial active 12) (6 cores per cpu, 2 threads per core) family 6 model 165 stepping 3 microcode 0xea, cx8, cmov, fxsr, ht, mmx, 3dnowpref, sse, sse2, sse3, ssse3, sse4.1, sse4.2, popcnt, lzcnt, tsc, tscinvbit, avx, avx2, aes, erms, clmul, bmi1, bmi2, adx, fma, vzeroupper, clflush, clflushopt, rdtscp, f16c
Processor Information for all 12 processors :
  Max Mhz: 2904, Current Mhz: 2904, Mhz Limit: 2904

Memory: 4k page, system-wide physical 8003M (439M free)
TotalPageFile size 32579M (AvailPageFile size 5M)
current process WorkingSet (physical memory assigned to process): 497M, peak: 556M
current process commit charge ("private bytes"): 730M, peak: 732M

vm_info: Java HotSpot(TM) 64-Bit Server VM (21.0.2+13-LTS-58) for windows-amd64 JRE (21.0.2+13-LTS-58), built on 2024-01-05T18:32:24Z by "mach5one" with MS VC++ 17.1 (VS2022)

END.
