#
# There is insufficient memory for the Java Runtime Environment to continue.
# Native memory allocation (malloc) failed to allocate 1954320 bytes. Error detail: Chunk::new
# Possible reasons:
#   The system is out of physical RAM or swap space
#   This process is running with CompressedOops enabled, and the Java Heap may be blocking the growth of the native heap
# Possible solutions:
#   Reduce memory load on the system
#   Increase physical memory or swap space
#   Check if swap backing store is full
#   Decrease Java heap size (-Xmx/-Xms)
#   Decrease number of Java threads
#   Decrease Java thread stack sizes (-Xss)
#   Set larger code cache with -XX:ReservedCodeCacheSize=
#   JVM is running with Unscaled Compressed Oops mode in which the Java heap is
#     placed in the first 4GB address space. The Java Heap base address is the
#     maximum limit for the native heap growth. Please use -XX:HeapBaseMinAddress
#     to set the Java Heap base and to place the Java Heap above 4GB virtual address.
# This output file may be truncated or incomplete.
#
#  Out of Memory Error (arena.cpp:150), pid=22904, tid=30672
#
# JRE version: Java(TM) SE Runtime Environment (22.0.2+9) (build 22.0.2+9-70)
# Java VM: Java HotSpot(TM) 64-Bit Server VM (22.0.2+9-70, mixed mode, sharing, tiered, compressed oops, compressed class ptrs, g1 gc, windows-amd64)
# No core dump will be written. Minidumps are not enabled by default on client versions of Windows
#

---------------  S U M M A R Y ------------

Command Line: -XX:+ShowCodeDetailsInExceptionMessages -Dspring.jmx.enabled=true -Dmanagement.endpoints.jmx.exposure.include=* -Dspring.application.admin.enabled=true -Dspring.boot.project.name=erp_epmapat -Djava.rmi.server.hostname=localhost -Dcom.sun.management.jmxremote.port=45556 -Dcom.sun.management.jmxremote.authenticate=false -Dcom.sun.management.jmxremote.ssl=false com.epmapat.erp_epmapat.ErpEpmapatApplication

Host: Intel(R) Core(TM) i5-10400 CPU @ 2.90GHz, 12 cores, 7G,  Windows 11 , 64 bit Build 26100 (10.0.26100.4202)
Time: Wed Jun 11 14:02:07 2025 SA Pacific Standard Time elapsed time: 4259.664657 seconds (0d 1h 10m 59s)

---------------  T H R E A D  ---------------

Current thread (0x0000021d1b322040):  JavaThread "C2 CompilerThread0" daemon [_thread_in_native, id=30672, stack(0x000000948f900000,0x000000948fa00000) (1024K)]


Current CompileTask:
C2:4259664 21782       4       org.hibernate.event.service.internal.EventListenerGroupImpl::fireEventOnEachListener (42 bytes)

Stack: [0x000000948f900000,0x000000948fa00000]
Native frames: (J=compiled Java code, j=interpreted, Vv=VM code, C=native code)
V  [jvm.dll+0x6e26e9]  (no source info available)
V  [jvm.dll+0x875753]  (no source info available)
V  [jvm.dll+0x877b7e]  (no source info available)
V  [jvm.dll+0x878253]  (no source info available)
V  [jvm.dll+0x27fc86]  (no source info available)
V  [jvm.dll+0xc3d0f]  (no source info available)
V  [jvm.dll+0xc3f6b]  (no source info available)
V  [jvm.dll+0x3bb47c]  (no source info available)
V  [jvm.dll+0x387d4b]  (no source info available)
V  [jvm.dll+0x3871ba]  (no source info available)
V  [jvm.dll+0x2477f8]  (no source info available)
V  [jvm.dll+0x246e9f]  (no source info available)
V  [jvm.dll+0x1c4e80]  (no source info available)
V  [jvm.dll+0x2568f3]  (no source info available)
V  [jvm.dll+0x254baa]  (no source info available)
V  [jvm.dll+0x3f57a6]  (no source info available)
V  [jvm.dll+0x81dc0b]  (no source info available)
V  [jvm.dll+0x6e0d85]  (no source info available)
C  [ucrtbase.dll+0x37b0]  (no source info available)
C  [KERNEL32.DLL+0x2e8d7]  (no source info available)
C  [ntdll.dll+0x3c34c]  (no source info available)


---------------  P R O C E S S  ---------------

Threads class SMR info:
_java_thread_list=0x0000021d658455a0, length=37, elements={
0x0000021d7f4ce900, 0x0000021d1b301480, 0x0000021d1b315ca0, 0x0000021d1b317990,
0x0000021d1b31aba0, 0x0000021d1b31bda0, 0x0000021d1b322040, 0x0000021d1b3332a0,
0x0000021d1b4498c0, 0x0000021d1b4e0200, 0x0000021d61065a40, 0x0000021d1bd7c6f0,
0x0000021d6163b840, 0x0000021d6154cee0, 0x0000021d61549a60, 0x0000021d6154b4a0,
0x0000021d6154ae10, 0x0000021d64067ec0, 0x0000021d64065760, 0x0000021d640650d0,
0x0000021d629350a0, 0x0000021d62932fd0, 0x0000021d62935730, 0x0000021d62936ae0,
0x0000021d62933660, 0x0000021d62937170, 0x0000021d62934380, 0x0000021d62937800,
0x0000021d62937e90, 0x0000021d62934a10, 0x0000021d62938520, 0x0000021d62938bb0,
0x0000021d62939240, 0x0000021d629398d0, 0x0000021d1be1e910, 0x0000021d6406c060,
0x0000021d658a4590
}

Java Threads: ( => current thread )
  0x0000021d7f4ce900 JavaThread "Reference Handler"          daemon [_thread_blocked, id=26644, stack(0x000000948f300000,0x000000948f400000) (1024K)]
  0x0000021d1b301480 JavaThread "Finalizer"                  daemon [_thread_blocked, id=15468, stack(0x000000948f400000,0x000000948f500000) (1024K)]
  0x0000021d1b315ca0 JavaThread "Signal Dispatcher"          daemon [_thread_blocked, id=31800, stack(0x000000948f500000,0x000000948f600000) (1024K)]
  0x0000021d1b317990 JavaThread "Attach Listener"            daemon [_thread_blocked, id=32072, stack(0x000000948f600000,0x000000948f700000) (1024K)]
  0x0000021d1b31aba0 JavaThread "Service Thread"             daemon [_thread_blocked, id=31240, stack(0x000000948f700000,0x000000948f800000) (1024K)]
  0x0000021d1b31bda0 JavaThread "Monitor Deflation Thread"   daemon [_thread_blocked, id=8108, stack(0x000000948f800000,0x000000948f900000) (1024K)]
=>0x0000021d1b322040 JavaThread "C2 CompilerThread0"         daemon [_thread_in_native, id=30672, stack(0x000000948f900000,0x000000948fa00000) (1024K)]
  0x0000021d1b3332a0 JavaThread "C1 CompilerThread0"         daemon [_thread_in_vm, id=29312, stack(0x000000948fa00000,0x000000948fb00000) (1024K)]
  0x0000021d1b4498c0 JavaThread "Common-Cleaner"             daemon [_thread_blocked, id=13872, stack(0x000000948fb00000,0x000000948fc00000) (1024K)]
  0x0000021d1b4e0200 JavaThread "Notification Thread"        daemon [_thread_blocked, id=17368, stack(0x000000948fc00000,0x000000948fd00000) (1024K)]
  0x0000021d61065a40 JavaThread "RMI TCP Accept-0"           daemon [_thread_in_native, id=34828, stack(0x000000948ff00000,0x0000009490000000) (1024K)]
  0x0000021d1bd7c6f0 JavaThread "RMI TCP Accept-45556"       daemon [_thread_in_native, id=14224, stack(0x0000009490000000,0x0000009490100000) (1024K)]
  0x0000021d6163b840 JavaThread "RMI TCP Accept-0"           daemon [_thread_in_native, id=29304, stack(0x0000009490100000,0x0000009490200000) (1024K)]
  0x0000021d6154cee0 JavaThread "RMI Scheduler(0)"           daemon [_thread_blocked, id=28220, stack(0x0000009490300000,0x0000009490400000) (1024K)]
  0x0000021d61549a60 JavaThread "JMX server connection timeout 36" daemon [_thread_blocked, id=27616, stack(0x0000009490d00000,0x0000009490e00000) (1024K)]
  0x0000021d6154b4a0 JavaThread "WindowsStreamPump"          daemon [_thread_in_native, id=32552, stack(0x0000009491000000,0x0000009491100000) (1024K)]
  0x0000021d6154ae10 JavaThread "Catalina-utility-1"                [_thread_blocked, id=35468, stack(0x0000009491200000,0x0000009491300000) (1024K)]
  0x0000021d64067ec0 JavaThread "Catalina-utility-2"                [_thread_blocked, id=24780, stack(0x0000009491300000,0x0000009491400000) (1024K)]
  0x0000021d64065760 JavaThread "container-0"                       [_thread_blocked, id=31944, stack(0x0000009491400000,0x0000009491500000) (1024K)]
  0x0000021d640650d0 JavaThread "HikariPool-1 housekeeper"   daemon [_thread_blocked, id=20672, stack(0x0000009491600000,0x0000009491700000) (1024K)]
  0x0000021d629350a0 JavaThread "http-nio-8080-exec-1"       daemon [_thread_blocked, id=7276, stack(0x0000009491800000,0x0000009491900000) (1024K)]
  0x0000021d62932fd0 JavaThread "http-nio-8080-exec-2"       daemon [_thread_blocked, id=34960, stack(0x0000009491900000,0x0000009491a00000) (1024K)]
  0x0000021d62935730 JavaThread "http-nio-8080-exec-3"       daemon [_thread_blocked, id=33644, stack(0x0000009491a00000,0x0000009491b00000) (1024K)]
  0x0000021d62936ae0 JavaThread "http-nio-8080-exec-4"       daemon [_thread_blocked, id=35272, stack(0x0000009491b00000,0x0000009491c00000) (1024K)]
  0x0000021d62933660 JavaThread "http-nio-8080-exec-5"       daemon [_thread_blocked, id=33712, stack(0x0000009491c00000,0x0000009491d00000) (1024K)]
  0x0000021d62937170 JavaThread "http-nio-8080-exec-6"       daemon [_thread_blocked, id=13948, stack(0x0000009491d00000,0x0000009491e00000) (1024K)]
  0x0000021d62934380 JavaThread "http-nio-8080-exec-7"       daemon [_thread_blocked, id=35008, stack(0x0000009491e00000,0x0000009491f00000) (1024K)]
  0x0000021d62937800 JavaThread "http-nio-8080-exec-8"       daemon [_thread_blocked, id=16664, stack(0x0000009491f00000,0x0000009492000000) (1024K)]
  0x0000021d62937e90 JavaThread "http-nio-8080-exec-9"       daemon [_thread_blocked, id=24220, stack(0x0000009492000000,0x0000009492100000) (1024K)]
  0x0000021d62934a10 JavaThread "http-nio-8080-exec-10"      daemon [_thread_blocked, id=31560, stack(0x0000009492100000,0x0000009492200000) (1024K)]
  0x0000021d62938520 JavaThread "http-nio-8080-Poller"       daemon [_thread_in_native, id=27180, stack(0x0000009492200000,0x0000009492300000) (1024K)]
  0x0000021d62938bb0 JavaThread "http-nio-8080-Acceptor"     daemon [_thread_in_native, id=26020, stack(0x0000009492300000,0x0000009492400000) (1024K)]
  0x0000021d62939240 JavaThread "DestroyJavaVM"                     [_thread_blocked, id=33044, stack(0x000000948eb00000,0x000000948ec00000) (1024K)]
  0x0000021d629398d0 JavaThread "RMI TCP Connection(3)-127.0.0.1" daemon [_thread_in_native, id=27120, stack(0x000000948fe00000,0x000000948ff00000) (1024K)]
  0x0000021d1be1e910 JavaThread "Java2D Disposer"            daemon [_thread_blocked, id=28756, stack(0x0000009492600000,0x0000009492700000) (1024K)]
  0x0000021d6406c060 JavaThread "HikariPool-1 connection adder" daemon [_thread_blocked, id=27776, stack(0x000000948ea00000,0x000000948eb00000) (1024K)]
  0x0000021d658a4590 JavaThread "C2 CompilerThread1"         daemon [_thread_in_native, id=16180, stack(0x000000948e800000,0x000000948e900000) (1024K)]
Total: 37

Other Threads:
  0x0000021d7f4b6fe0 VMThread "VM Thread"                           [id=35516, stack(0x000000948f200000,0x000000948f300000) (1024K)]
  0x0000021d7f4a1400 WatcherThread "VM Periodic Task Thread"        [id=20840, stack(0x000000948f100000,0x000000948f200000) (1024K)]
  0x0000021d7d4d0450 WorkerThread "GC Thread#0"                     [id=35116, stack(0x000000948ec00000,0x000000948ed00000) (1024K)]
  0x0000021d615508f0 WorkerThread "GC Thread#1"                     [id=30396, stack(0x0000009490500000,0x0000009490600000) (1024K)]
  0x0000021d61664ed0 WorkerThread "GC Thread#2"                     [id=21640, stack(0x0000009490600000,0x0000009490700000) (1024K)]
  0x0000021d616c4ac0 WorkerThread "GC Thread#3"                     [id=35200, stack(0x0000009490700000,0x0000009490800000) (1024K)]
  0x0000021d61395620 WorkerThread "GC Thread#4"                     [id=20576, stack(0x0000009490800000,0x0000009490900000) (1024K)]
  0x0000021d613959d0 WorkerThread "GC Thread#5"                     [id=30972, stack(0x0000009490900000,0x0000009490a00000) (1024K)]
  0x0000021d61395d80 WorkerThread "GC Thread#6"                     [id=24136, stack(0x0000009490a00000,0x0000009490b00000) (1024K)]
  0x0000021d61396540 WorkerThread "GC Thread#7"                     [id=6608, stack(0x0000009490b00000,0x0000009490c00000) (1024K)]
  0x0000021d613968f0 WorkerThread "GC Thread#8"                     [id=30612, stack(0x0000009490c00000,0x0000009490d00000) (1024K)]
  0x0000021d61dd5be0 WorkerThread "GC Thread#9"                     [id=34744, stack(0x0000009490e00000,0x0000009490f00000) (1024K)]
  0x0000021d7d4e1da0 ConcurrentGCThread "G1 Main Marker"            [id=31752, stack(0x000000948ed00000,0x000000948ee00000) (1024K)]
  0x0000021d7d4e2cc0 WorkerThread "G1 Conc#0"                       [id=33232, stack(0x000000948ee00000,0x000000948ef00000) (1024K)]
  0x0000021d61ea03b0 WorkerThread "G1 Conc#1"                       [id=30332, stack(0x0000009490f00000,0x0000009491000000) (1024K)]
  0x0000021d61a277d0 WorkerThread "G1 Conc#2"                       [id=11024, stack(0x0000009491100000,0x0000009491200000) (1024K)]
  0x0000021d7f351ba0 ConcurrentGCThread "G1 Refine#0"               [id=31908, stack(0x000000948ef00000,0x000000948f000000) (1024K)]
  0x0000021d7f355550 ConcurrentGCThread "G1 Service"                [id=29556, stack(0x000000948f000000,0x000000948f100000) (1024K)]
Total: 18

Threads with active compile tasks:
C2 CompilerThread0  4260750 21782       4       org.hibernate.event.service.internal.EventListenerGroupImpl::fireEventOnEachListener (42 bytes)
C1 CompilerThread0  4260750 21916   !   3       org.postgresql.core.v3.QueryExecutorImpl::sendBind (769 bytes)
C2 CompilerThread1  4260750 21780   !   4       org.hibernate.event.internal.DefaultLoadEventListener::doOnLoad (103 bytes)
Total: 3

VM state: not at safepoint (normal execution)

VM Mutex/Monitor currently owned by a thread: None

Heap address: 0x0000000082e00000, size: 2002 MB, Compressed Oops mode: 32-bit

CDS archive(s) mapped at: [0x0000021d1c000000-0x0000021d1cc60000-0x0000021d1cc60000), size 12976128, SharedBaseAddress: 0x0000021d1c000000, ArchiveRelocationMode: 1.
Compressed class space mapped at: 0x0000021d1d000000-0x0000021d5d000000, reserved size: 1073741824
Narrow klass base: 0x0000021d1c000000, Narrow klass shift: 0, Narrow klass range: 0x41000000

GC Precious Log:
 CardTable entry size: 512
 Card Set container configuration: InlinePtr #cards 5 size 8 Array Of Cards #cards 12 size 40 Howl #buckets 4 coarsen threshold 1843 Howl Bitmap #cards 512 size 80 coarsen threshold 460 Card regions per heap region 1 cards per card region 2048
 CPUs: 12 total, 12 available
 Memory: 8003M
 Large Page Support: Disabled
 NUMA Support: Disabled
 Compressed Oops: Enabled (32-bit)
 Heap Region Size: 1M
 Heap Min Capacity: 8M
 Heap Initial Capacity: 126M
 Heap Max Capacity: 2002M
 Pre-touch: Disabled
 Parallel Workers: 10
 Concurrent Workers: 3
 Concurrent Refinement Workers: 10
 Periodic GC: Disabled

Heap:
 garbage-first heap   total reserved 2050048K, committed 239616K, used 115374K [0x0000000082e00000, 0x0000000100000000)
  region size 1024K, 30 young (30720K), 7 survivors (7168K)
 Metaspace       used 113886K, committed 115136K, reserved 1179648K
  class space    used 13290K, committed 13888K, reserved 1048576K

Heap Regions: E=young(eden), S=young(survivor), O=old, HS=humongous(starts), HC=humongous(continues), CS=collection set, F=free, TAMS=top-at-mark-start, PB=parsable bottom
|   0|0x0000000082e00000, 0x0000000082f00000, 0x0000000082f00000|100%|HS|  |TAMS 0x0000000082e00000| PB 0x0000000082e00000| Complete |  0
|   1|0x0000000082f00000, 0x0000000083000000, 0x0000000083000000|100%| O|  |TAMS 0x0000000082f00000| PB 0x0000000082f00000| Untracked |  0
|   2|0x0000000083000000, 0x0000000083100000, 0x0000000083100000|100%| O|  |TAMS 0x0000000083000000| PB 0x0000000083000000| Untracked |  0
|   3|0x0000000083100000, 0x0000000083200000, 0x0000000083200000|100%| O|  |TAMS 0x0000000083100000| PB 0x0000000083100000| Untracked |  0
|   4|0x0000000083200000, 0x0000000083300000, 0x0000000083300000|100%| O|  |TAMS 0x0000000083200000| PB 0x0000000083200000| Untracked |  0
|   5|0x0000000083300000, 0x0000000083400000, 0x0000000083400000|100%| O|  |TAMS 0x0000000083300000| PB 0x0000000083300000| Untracked |  0
|   6|0x0000000083400000, 0x0000000083500000, 0x0000000083500000|100%| O|  |TAMS 0x0000000083400000| PB 0x0000000083400000| Untracked |  0
|   7|0x0000000083500000, 0x0000000083600000, 0x0000000083600000|100%| O|  |TAMS 0x0000000083500000| PB 0x0000000083500000| Untracked |  0
|   8|0x0000000083600000, 0x0000000083700000, 0x0000000083700000|100%| O|  |TAMS 0x0000000083600000| PB 0x0000000083600000| Untracked |  0
|   9|0x0000000083700000, 0x0000000083800000, 0x0000000083800000|100%| O|  |TAMS 0x0000000083700000| PB 0x0000000083700000| Untracked |  0
|  10|0x0000000083800000, 0x0000000083900000, 0x0000000083900000|100%| O|  |TAMS 0x0000000083800000| PB 0x0000000083800000| Untracked |  0
|  11|0x0000000083900000, 0x0000000083a00000, 0x0000000083a00000|100%| O|  |TAMS 0x0000000083900000| PB 0x0000000083900000| Untracked |  0
|  12|0x0000000083a00000, 0x0000000083b00000, 0x0000000083b00000|100%| O|  |TAMS 0x0000000083a00000| PB 0x0000000083a00000| Untracked |  0
|  13|0x0000000083b00000, 0x0000000083c00000, 0x0000000083c00000|100%| O|  |TAMS 0x0000000083b00000| PB 0x0000000083b00000| Untracked |  0
|  14|0x0000000083c00000, 0x0000000083d00000, 0x0000000083d00000|100%| O|  |TAMS 0x0000000083c00000| PB 0x0000000083c00000| Untracked |  0
|  15|0x0000000083d00000, 0x0000000083e00000, 0x0000000083e00000|100%| O|  |TAMS 0x0000000083d00000| PB 0x0000000083d00000| Untracked |  0
|  16|0x0000000083e00000, 0x0000000083f00000, 0x0000000083f00000|100%| O|  |TAMS 0x0000000083e00000| PB 0x0000000083e00000| Untracked |  0
|  17|0x0000000083f00000, 0x0000000084000000, 0x0000000084000000|100%| O|  |TAMS 0x0000000083f00000| PB 0x0000000083f00000| Untracked |  0
|  18|0x0000000084000000, 0x0000000084100000, 0x0000000084100000|100%| O|  |TAMS 0x0000000084000000| PB 0x0000000084000000| Untracked |  0
|  19|0x0000000084100000, 0x0000000084200000, 0x0000000084200000|100%| O|  |TAMS 0x0000000084100000| PB 0x0000000084100000| Untracked |  0
|  20|0x0000000084200000, 0x0000000084300000, 0x0000000084300000|100%| O|  |TAMS 0x0000000084200000| PB 0x0000000084200000| Untracked |  0
|  21|0x0000000084300000, 0x0000000084400000, 0x0000000084400000|100%| O|  |TAMS 0x0000000084300000| PB 0x0000000084300000| Untracked |  0
|  22|0x0000000084400000, 0x0000000084500000, 0x0000000084500000|100%| O|  |TAMS 0x0000000084400000| PB 0x0000000084400000| Untracked |  0
|  23|0x0000000084500000, 0x0000000084600000, 0x0000000084600000|100%| O|  |TAMS 0x0000000084500000| PB 0x0000000084500000| Untracked |  0
|  24|0x0000000084600000, 0x0000000084600000, 0x0000000084700000|  0%| F|  |TAMS 0x0000000084600000| PB 0x0000000084600000| Untracked |  0
|  25|0x0000000084700000, 0x0000000084800000, 0x0000000084800000|100%| O|  |TAMS 0x0000000084700000| PB 0x0000000084700000| Untracked |  0
|  26|0x0000000084800000, 0x0000000084800000, 0x0000000084900000|  0%| F|  |TAMS 0x0000000084800000| PB 0x0000000084800000| Untracked |  0
|  27|0x0000000084900000, 0x0000000084a00000, 0x0000000084a00000|100%| O|  |TAMS 0x0000000084900000| PB 0x0000000084900000| Untracked |  0
|  28|0x0000000084a00000, 0x0000000084a00000, 0x0000000084b00000|  0%| F|  |TAMS 0x0000000084a00000| PB 0x0000000084a00000| Untracked |  0
|  29|0x0000000084b00000, 0x0000000084c00000, 0x0000000084c00000|100%| O|  |TAMS 0x0000000084b00000| PB 0x0000000084b00000| Untracked |  0
|  30|0x0000000084c00000, 0x0000000084d00000, 0x0000000084d00000|100%| O|  |TAMS 0x0000000084c00000| PB 0x0000000084c00000| Untracked |  0
|  31|0x0000000084d00000, 0x0000000084e00000, 0x0000000084e00000|100%| O|Cm|TAMS 0x0000000084d00000| PB 0x0000000084d00000| Complete |  0
|  32|0x0000000084e00000, 0x0000000084e00000, 0x0000000084f00000|  0%| F|  |TAMS 0x0000000084e00000| PB 0x0000000084e00000| Untracked |  0
|  33|0x0000000084f00000, 0x0000000085000000, 0x0000000085000000|100%| O|  |TAMS 0x0000000084f00000| PB 0x0000000084f00000| Untracked |  0
|  34|0x0000000085000000, 0x0000000085100000, 0x0000000085100000|100%| O|  |TAMS 0x0000000085000000| PB 0x0000000085000000| Untracked |  0
|  35|0x0000000085100000, 0x0000000085200000, 0x0000000085200000|100%| O|  |TAMS 0x0000000085100000| PB 0x0000000085100000| Untracked |  0
|  36|0x0000000085200000, 0x0000000085300000, 0x0000000085300000|100%| O|  |TAMS 0x0000000085200000| PB 0x0000000085200000| Untracked |  0
|  37|0x0000000085300000, 0x0000000085400000, 0x0000000085400000|100%| O|  |TAMS 0x0000000085300000| PB 0x0000000085300000| Untracked |  0
|  38|0x0000000085400000, 0x0000000085500000, 0x0000000085500000|100%| O|  |TAMS 0x0000000085400000| PB 0x0000000085400000| Untracked |  0
|  39|0x0000000085500000, 0x0000000085500000, 0x0000000085600000|  0%| F|  |TAMS 0x0000000085500000| PB 0x0000000085500000| Untracked |  0
|  40|0x0000000085600000, 0x0000000085600000, 0x0000000085700000|  0%| F|  |TAMS 0x0000000085600000| PB 0x0000000085600000| Untracked |  0
|  41|0x0000000085700000, 0x0000000085800000, 0x0000000085800000|100%| O|  |TAMS 0x0000000085700000| PB 0x0000000085700000| Untracked |  0
|  42|0x0000000085800000, 0x0000000085900000, 0x0000000085900000|100%| O|  |TAMS 0x0000000085800000| PB 0x0000000085800000| Untracked |  0
|  43|0x0000000085900000, 0x0000000085a00000, 0x0000000085a00000|100%| O|  |TAMS 0x0000000085900000| PB 0x0000000085900000| Untracked |  0
|  44|0x0000000085a00000, 0x0000000085b00000, 0x0000000085b00000|100%| O|  |TAMS 0x0000000085a00000| PB 0x0000000085a00000| Untracked |  0
|  45|0x0000000085b00000, 0x0000000085c00000, 0x0000000085c00000|100%| O|  |TAMS 0x0000000085b00000| PB 0x0000000085b00000| Untracked |  0
|  46|0x0000000085c00000, 0x0000000085d00000, 0x0000000085d00000|100%| O|  |TAMS 0x0000000085c00000| PB 0x0000000085c00000| Untracked |  0
|  47|0x0000000085d00000, 0x0000000085d00000, 0x0000000085e00000|  0%| F|  |TAMS 0x0000000085d00000| PB 0x0000000085d00000| Untracked |  0
|  48|0x0000000085e00000, 0x0000000085f00000, 0x0000000085f00000|100%| O|  |TAMS 0x0000000085e00000| PB 0x0000000085e00000| Untracked |  0
|  49|0x0000000085f00000, 0x0000000086000000, 0x0000000086000000|100%| O|  |TAMS 0x0000000085f00000| PB 0x0000000085f00000| Untracked |  0
|  50|0x0000000086000000, 0x0000000086100000, 0x0000000086100000|100%| O|  |TAMS 0x0000000086000000| PB 0x0000000086000000| Untracked |  0
|  51|0x0000000086100000, 0x0000000086200000, 0x0000000086200000|100%| O|  |TAMS 0x0000000086100000| PB 0x0000000086100000| Untracked |  0
|  52|0x0000000086200000, 0x000000008620acf8, 0x0000000086300000|  4%| O|  |TAMS 0x0000000086200000| PB 0x0000000086200000| Untracked |  0
|  53|0x0000000086300000, 0x0000000086400000, 0x0000000086400000|100%| O|  |TAMS 0x0000000086300000| PB 0x0000000086300000| Untracked |  0
|  54|0x0000000086400000, 0x0000000086400000, 0x0000000086500000|  0%| F|  |TAMS 0x0000000086400000| PB 0x0000000086400000| Untracked |  0
|  55|0x0000000086500000, 0x0000000086600000, 0x0000000086600000|100%| O|  |TAMS 0x0000000086500000| PB 0x0000000086500000| Untracked |  0
|  56|0x0000000086600000, 0x0000000086700000, 0x0000000086700000|100%| O|  |TAMS 0x0000000086600000| PB 0x0000000086600000| Untracked |  0
|  57|0x0000000086700000, 0x0000000086700000, 0x0000000086800000|  0%| F|  |TAMS 0x0000000086700000| PB 0x0000000086700000| Untracked |  0
|  58|0x0000000086800000, 0x0000000086800000, 0x0000000086900000|  0%| F|  |TAMS 0x0000000086800000| PB 0x0000000086800000| Untracked |  0
|  59|0x0000000086900000, 0x0000000086a00000, 0x0000000086a00000|100%| O|  |TAMS 0x0000000086900000| PB 0x0000000086900000| Untracked |  0
|  60|0x0000000086a00000, 0x0000000086b00000, 0x0000000086b00000|100%| O|  |TAMS 0x0000000086a00000| PB 0x0000000086a00000| Untracked |  0
|  61|0x0000000086b00000, 0x0000000086c00000, 0x0000000086c00000|100%| O|  |TAMS 0x0000000086b00000| PB 0x0000000086b00000| Untracked |  0
|  62|0x0000000086c00000, 0x0000000086c00000, 0x0000000086d00000|  0%| F|  |TAMS 0x0000000086c00000| PB 0x0000000086c00000| Untracked |  0
|  63|0x0000000086d00000, 0x0000000086e00000, 0x0000000086e00000|100%| O|  |TAMS 0x0000000086d00000| PB 0x0000000086d00000| Untracked |  0
|  64|0x0000000086e00000, 0x0000000086f00000, 0x0000000086f00000|100%| O|  |TAMS 0x0000000086e00000| PB 0x0000000086e00000| Untracked |  0
|  65|0x0000000086f00000, 0x0000000087000000, 0x0000000087000000|100%| O|  |TAMS 0x0000000086f00000| PB 0x0000000086f00000| Untracked |  0
|  66|0x0000000087000000, 0x0000000087100000, 0x0000000087100000|100%| O|  |TAMS 0x0000000087000000| PB 0x0000000087000000| Untracked |  0
|  67|0x0000000087100000, 0x0000000087100000, 0x0000000087200000|  0%| F|  |TAMS 0x0000000087100000| PB 0x0000000087100000| Untracked |  0
|  68|0x0000000087200000, 0x0000000087300000, 0x0000000087300000|100%| O|  |TAMS 0x0000000087200000| PB 0x0000000087200000| Untracked |  0
|  69|0x0000000087300000, 0x0000000087400000, 0x0000000087400000|100%| O|  |TAMS 0x0000000087300000| PB 0x0000000087300000| Untracked |  0
|  70|0x0000000087400000, 0x0000000087500000, 0x0000000087500000|100%| O|  |TAMS 0x0000000087400000| PB 0x0000000087400000| Untracked |  0
|  71|0x0000000087500000, 0x0000000087600000, 0x0000000087600000|100%| O|  |TAMS 0x0000000087500000| PB 0x0000000087500000| Untracked |  0
|  72|0x0000000087600000, 0x0000000087700000, 0x0000000087700000|100%| O|Cm|TAMS 0x0000000087600000| PB 0x0000000087600000| Complete |  0
|  73|0x0000000087700000, 0x0000000087800000, 0x0000000087800000|100%| O|  |TAMS 0x0000000087700000| PB 0x0000000087700000| Untracked |  0
|  74|0x0000000087800000, 0x0000000087900000, 0x0000000087900000|100%| O|  |TAMS 0x0000000087800000| PB 0x0000000087800000| Untracked |  0
|  75|0x0000000087900000, 0x0000000087a00000, 0x0000000087a00000|100%| O|  |TAMS 0x0000000087900000| PB 0x0000000087900000| Untracked |  0
|  76|0x0000000087a00000, 0x0000000087b00000, 0x0000000087b00000|100%| O|  |TAMS 0x0000000087a00000| PB 0x0000000087a00000| Untracked |  0
|  77|0x0000000087b00000, 0x0000000087c00000, 0x0000000087c00000|100%| O|  |TAMS 0x0000000087b00000| PB 0x0000000087b00000| Untracked |  0
|  78|0x0000000087c00000, 0x0000000087d00000, 0x0000000087d00000|100%| O|  |TAMS 0x0000000087c00000| PB 0x0000000087c00000| Untracked |  0
|  79|0x0000000087d00000, 0x0000000087e00000, 0x0000000087e00000|100%| O|  |TAMS 0x0000000087d00000| PB 0x0000000087d00000| Untracked |  0
|  80|0x0000000087e00000, 0x0000000087f00000, 0x0000000087f00000|100%| O|  |TAMS 0x0000000087e00000| PB 0x0000000087e00000| Untracked |  0
|  81|0x0000000087f00000, 0x0000000088000000, 0x0000000088000000|100%| O|  |TAMS 0x0000000087f00000| PB 0x0000000087f00000| Untracked |  0
|  82|0x0000000088000000, 0x0000000088100000, 0x0000000088100000|100%| O|  |TAMS 0x0000000088000000| PB 0x0000000088000000| Untracked |  0
|  83|0x0000000088100000, 0x0000000088200000, 0x0000000088200000|100%| O|  |TAMS 0x0000000088100000| PB 0x0000000088100000| Untracked |  0
|  84|0x0000000088200000, 0x0000000088300000, 0x0000000088300000|100%| O|  |TAMS 0x0000000088200000| PB 0x0000000088200000| Untracked |  0
|  85|0x0000000088300000, 0x00000000883a0be0, 0x0000000088400000| 62%| S|CS|TAMS 0x0000000088300000| PB 0x0000000088300000| Complete |  0
|  86|0x0000000088400000, 0x0000000088500000, 0x0000000088500000|100%| O|  |TAMS 0x0000000088400000| PB 0x0000000088400000| Untracked |  0
|  87|0x0000000088500000, 0x0000000088600000, 0x0000000088600000|100%| O|  |TAMS 0x0000000088500000| PB 0x0000000088500000| Untracked |  0
|  88|0x0000000088600000, 0x0000000088700000, 0x0000000088700000|100%| O|  |TAMS 0x0000000088600000| PB 0x0000000088600000| Untracked |  0
|  89|0x0000000088700000, 0x0000000088800000, 0x0000000088800000|100%| O|  |TAMS 0x0000000088700000| PB 0x0000000088700000| Untracked |  0
|  90|0x0000000088800000, 0x0000000088900000, 0x0000000088900000|100%| S|CS|TAMS 0x0000000088800000| PB 0x0000000088800000| Complete |  0
|  91|0x0000000088900000, 0x0000000088a00000, 0x0000000088a00000|100%| S|CS|TAMS 0x0000000088900000| PB 0x0000000088900000| Complete |  0
|  92|0x0000000088a00000, 0x0000000088b00000, 0x0000000088b00000|100%| S|CS|TAMS 0x0000000088a00000| PB 0x0000000088a00000| Complete |  0
|  93|0x0000000088b00000, 0x0000000088c00000, 0x0000000088c00000|100%| S|CS|TAMS 0x0000000088b00000| PB 0x0000000088b00000| Complete |  0
|  94|0x0000000088c00000, 0x0000000088d00000, 0x0000000088d00000|100%| S|CS|TAMS 0x0000000088c00000| PB 0x0000000088c00000| Complete |  0
|  95|0x0000000088d00000, 0x0000000088e00000, 0x0000000088e00000|100%| S|CS|TAMS 0x0000000088d00000| PB 0x0000000088d00000| Complete |  0
|  96|0x0000000088e00000, 0x0000000088e00000, 0x0000000088f00000|  0%| F|  |TAMS 0x0000000088e00000| PB 0x0000000088e00000| Untracked |  0
|  97|0x0000000088f00000, 0x0000000088f00000, 0x0000000089000000|  0%| F|  |TAMS 0x0000000088f00000| PB 0x0000000088f00000| Untracked |  0
|  98|0x0000000089000000, 0x0000000089000000, 0x0000000089100000|  0%| F|  |TAMS 0x0000000089000000| PB 0x0000000089000000| Untracked |  0
|  99|0x0000000089100000, 0x0000000089100000, 0x0000000089200000|  0%| F|  |TAMS 0x0000000089100000| PB 0x0000000089100000| Untracked |  0
| 100|0x0000000089200000, 0x0000000089200000, 0x0000000089300000|  0%| F|  |TAMS 0x0000000089200000| PB 0x0000000089200000| Untracked |  0
| 101|0x0000000089300000, 0x0000000089300000, 0x0000000089400000|  0%| F|  |TAMS 0x0000000089300000| PB 0x0000000089300000| Untracked |  0
| 102|0x0000000089400000, 0x0000000089400000, 0x0000000089500000|  0%| F|  |TAMS 0x0000000089400000| PB 0x0000000089400000| Untracked |  0
| 103|0x0000000089500000, 0x0000000089500000, 0x0000000089600000|  0%| F|  |TAMS 0x0000000089500000| PB 0x0000000089500000| Untracked |  0
| 104|0x0000000089600000, 0x0000000089600000, 0x0000000089700000|  0%| F|  |TAMS 0x0000000089600000| PB 0x0000000089600000| Untracked |  0
| 105|0x0000000089700000, 0x0000000089700000, 0x0000000089800000|  0%| F|  |TAMS 0x0000000089700000| PB 0x0000000089700000| Untracked |  0
| 106|0x0000000089800000, 0x0000000089800000, 0x0000000089900000|  0%| F|  |TAMS 0x0000000089800000| PB 0x0000000089800000| Untracked |  0
| 107|0x0000000089900000, 0x0000000089900000, 0x0000000089a00000|  0%| F|  |TAMS 0x0000000089900000| PB 0x0000000089900000| Untracked |  0
| 108|0x0000000089a00000, 0x0000000089a00000, 0x0000000089b00000|  0%| F|  |TAMS 0x0000000089a00000| PB 0x0000000089a00000| Untracked |  0
| 109|0x0000000089b00000, 0x0000000089b00000, 0x0000000089c00000|  0%| F|  |TAMS 0x0000000089b00000| PB 0x0000000089b00000| Untracked |  0
| 110|0x0000000089c00000, 0x0000000089c00000, 0x0000000089d00000|  0%| F|  |TAMS 0x0000000089c00000| PB 0x0000000089c00000| Untracked |  0
| 111|0x0000000089d00000, 0x0000000089d00000, 0x0000000089e00000|  0%| F|  |TAMS 0x0000000089d00000| PB 0x0000000089d00000| Untracked |  0
| 112|0x0000000089e00000, 0x0000000089e00000, 0x0000000089f00000|  0%| F|  |TAMS 0x0000000089e00000| PB 0x0000000089e00000| Untracked |  0
| 113|0x0000000089f00000, 0x0000000089f00000, 0x000000008a000000|  0%| F|  |TAMS 0x0000000089f00000| PB 0x0000000089f00000| Untracked |  0
| 114|0x000000008a000000, 0x000000008a000000, 0x000000008a100000|  0%| F|  |TAMS 0x000000008a000000| PB 0x000000008a000000| Untracked |  0
| 115|0x000000008a100000, 0x000000008a100000, 0x000000008a200000|  0%| F|  |TAMS 0x000000008a100000| PB 0x000000008a100000| Untracked |  0
| 116|0x000000008a200000, 0x000000008a200000, 0x000000008a300000|  0%| F|  |TAMS 0x000000008a200000| PB 0x000000008a200000| Untracked |  0
| 117|0x000000008a300000, 0x000000008a300000, 0x000000008a400000|  0%| F|  |TAMS 0x000000008a300000| PB 0x000000008a300000| Untracked |  0
| 118|0x000000008a400000, 0x000000008a400000, 0x000000008a500000|  0%| F|  |TAMS 0x000000008a400000| PB 0x000000008a400000| Untracked |  0
| 119|0x000000008a500000, 0x000000008a500000, 0x000000008a600000|  0%| F|  |TAMS 0x000000008a500000| PB 0x000000008a500000| Untracked |  0
| 120|0x000000008a600000, 0x000000008a600000, 0x000000008a700000|  0%| F|  |TAMS 0x000000008a600000| PB 0x000000008a600000| Untracked |  0
| 121|0x000000008a700000, 0x000000008a700000, 0x000000008a800000|  0%| F|  |TAMS 0x000000008a700000| PB 0x000000008a700000| Untracked |  0
| 122|0x000000008a800000, 0x000000008a800000, 0x000000008a900000|  0%| F|  |TAMS 0x000000008a800000| PB 0x000000008a800000| Untracked |  0
| 123|0x000000008a900000, 0x000000008a900000, 0x000000008aa00000|  0%| F|  |TAMS 0x000000008a900000| PB 0x000000008a900000| Untracked |  0
| 124|0x000000008aa00000, 0x000000008aa00000, 0x000000008ab00000|  0%| F|  |TAMS 0x000000008aa00000| PB 0x000000008aa00000| Untracked |  0
| 125|0x000000008ab00000, 0x000000008ab00000, 0x000000008ac00000|  0%| F|  |TAMS 0x000000008ab00000| PB 0x000000008ab00000| Untracked |  0
| 126|0x000000008ac00000, 0x000000008ac00000, 0x000000008ad00000|  0%| F|  |TAMS 0x000000008ac00000| PB 0x000000008ac00000| Untracked |  0
| 127|0x000000008ad00000, 0x000000008ad00000, 0x000000008ae00000|  0%| F|  |TAMS 0x000000008ad00000| PB 0x000000008ad00000| Untracked |  0
| 128|0x000000008ae00000, 0x000000008ae00000, 0x000000008af00000|  0%| F|  |TAMS 0x000000008ae00000| PB 0x000000008ae00000| Untracked |  0
| 129|0x000000008af00000, 0x000000008af00000, 0x000000008b000000|  0%| F|  |TAMS 0x000000008af00000| PB 0x000000008af00000| Untracked |  0
| 130|0x000000008b000000, 0x000000008b000000, 0x000000008b100000|  0%| F|  |TAMS 0x000000008b000000| PB 0x000000008b000000| Untracked |  0
| 131|0x000000008b100000, 0x000000008b100000, 0x000000008b200000|  0%| F|  |TAMS 0x000000008b100000| PB 0x000000008b100000| Untracked |  0
| 132|0x000000008b200000, 0x000000008b200000, 0x000000008b300000|  0%| F|  |TAMS 0x000000008b200000| PB 0x000000008b200000| Untracked |  0
| 133|0x000000008b300000, 0x000000008b300000, 0x000000008b400000|  0%| F|  |TAMS 0x000000008b300000| PB 0x000000008b300000| Untracked |  0
| 134|0x000000008b400000, 0x000000008b400000, 0x000000008b500000|  0%| F|  |TAMS 0x000000008b400000| PB 0x000000008b400000| Untracked |  0
| 135|0x000000008b500000, 0x000000008b500000, 0x000000008b600000|  0%| F|  |TAMS 0x000000008b500000| PB 0x000000008b500000| Untracked |  0
| 136|0x000000008b600000, 0x000000008b600000, 0x000000008b700000|  0%| F|  |TAMS 0x000000008b600000| PB 0x000000008b600000| Untracked |  0
| 137|0x000000008b700000, 0x000000008b700000, 0x000000008b800000|  0%| F|  |TAMS 0x000000008b700000| PB 0x000000008b700000| Untracked |  0
| 138|0x000000008b800000, 0x000000008b800000, 0x000000008b900000|  0%| F|  |TAMS 0x000000008b800000| PB 0x000000008b800000| Untracked |  0
| 139|0x000000008b900000, 0x000000008b900000, 0x000000008ba00000|  0%| F|  |TAMS 0x000000008b900000| PB 0x000000008b900000| Untracked |  0
| 140|0x000000008ba00000, 0x000000008ba00000, 0x000000008bb00000|  0%| F|  |TAMS 0x000000008ba00000| PB 0x000000008ba00000| Untracked |  0
| 141|0x000000008bb00000, 0x000000008bb00000, 0x000000008bc00000|  0%| F|  |TAMS 0x000000008bb00000| PB 0x000000008bb00000| Untracked |  0
| 142|0x000000008bc00000, 0x000000008bc00000, 0x000000008bd00000|  0%| F|  |TAMS 0x000000008bc00000| PB 0x000000008bc00000| Untracked |  0
| 143|0x000000008bd00000, 0x000000008bd00000, 0x000000008be00000|  0%| F|  |TAMS 0x000000008bd00000| PB 0x000000008bd00000| Untracked |  0
| 144|0x000000008be00000, 0x000000008be00000, 0x000000008bf00000|  0%| F|  |TAMS 0x000000008be00000| PB 0x000000008be00000| Untracked |  0
| 145|0x000000008bf00000, 0x000000008bf00000, 0x000000008c000000|  0%| F|  |TAMS 0x000000008bf00000| PB 0x000000008bf00000| Untracked |  0
| 146|0x000000008c000000, 0x000000008c000000, 0x000000008c100000|  0%| F|  |TAMS 0x000000008c000000| PB 0x000000008c000000| Untracked |  0
| 147|0x000000008c100000, 0x000000008c100000, 0x000000008c200000|  0%| F|  |TAMS 0x000000008c100000| PB 0x000000008c100000| Untracked |  0
| 148|0x000000008c200000, 0x000000008c200000, 0x000000008c300000|  0%| F|  |TAMS 0x000000008c200000| PB 0x000000008c200000| Untracked |  0
| 149|0x000000008c300000, 0x000000008c300000, 0x000000008c400000|  0%| F|  |TAMS 0x000000008c300000| PB 0x000000008c300000| Untracked |  0
| 150|0x000000008c400000, 0x000000008c400000, 0x000000008c500000|  0%| F|  |TAMS 0x000000008c400000| PB 0x000000008c400000| Untracked |  0
| 151|0x000000008c500000, 0x000000008c500000, 0x000000008c600000|  0%| F|  |TAMS 0x000000008c500000| PB 0x000000008c500000| Untracked |  0
| 152|0x000000008c600000, 0x000000008c600000, 0x000000008c700000|  0%| F|  |TAMS 0x000000008c600000| PB 0x000000008c600000| Untracked |  0
| 153|0x000000008c700000, 0x000000008c700000, 0x000000008c800000|  0%| F|  |TAMS 0x000000008c700000| PB 0x000000008c700000| Untracked |  0
| 154|0x000000008c800000, 0x000000008c800000, 0x000000008c900000|  0%| F|  |TAMS 0x000000008c800000| PB 0x000000008c800000| Untracked |  0
| 155|0x000000008c900000, 0x000000008c900000, 0x000000008ca00000|  0%| F|  |TAMS 0x000000008c900000| PB 0x000000008c900000| Untracked |  0
| 156|0x000000008ca00000, 0x000000008ca00000, 0x000000008cb00000|  0%| F|  |TAMS 0x000000008ca00000| PB 0x000000008ca00000| Untracked |  0
| 157|0x000000008cb00000, 0x000000008cb00000, 0x000000008cc00000|  0%| F|  |TAMS 0x000000008cb00000| PB 0x000000008cb00000| Untracked |  0
| 158|0x000000008cc00000, 0x000000008cc00000, 0x000000008cd00000|  0%| F|  |TAMS 0x000000008cc00000| PB 0x000000008cc00000| Untracked |  0
| 159|0x000000008cd00000, 0x000000008cd00000, 0x000000008ce00000|  0%| F|  |TAMS 0x000000008cd00000| PB 0x000000008cd00000| Untracked |  0
| 160|0x000000008ce00000, 0x000000008ce00000, 0x000000008cf00000|  0%| F|  |TAMS 0x000000008ce00000| PB 0x000000008ce00000| Untracked |  0
| 161|0x000000008cf00000, 0x000000008cf00000, 0x000000008d000000|  0%| F|  |TAMS 0x000000008cf00000| PB 0x000000008cf00000| Untracked |  0
| 162|0x000000008d000000, 0x000000008d000000, 0x000000008d100000|  0%| F|  |TAMS 0x000000008d000000| PB 0x000000008d000000| Untracked |  0
| 163|0x000000008d100000, 0x000000008d100000, 0x000000008d200000|  0%| F|  |TAMS 0x000000008d100000| PB 0x000000008d100000| Untracked |  0
| 164|0x000000008d200000, 0x000000008d200000, 0x000000008d300000|  0%| F|  |TAMS 0x000000008d200000| PB 0x000000008d200000| Untracked |  0
| 165|0x000000008d300000, 0x000000008d300000, 0x000000008d400000|  0%| F|  |TAMS 0x000000008d300000| PB 0x000000008d300000| Untracked |  0
| 166|0x000000008d400000, 0x000000008d400000, 0x000000008d500000|  0%| F|  |TAMS 0x000000008d400000| PB 0x000000008d400000| Untracked |  0
| 167|0x000000008d500000, 0x000000008d500000, 0x000000008d600000|  0%| F|  |TAMS 0x000000008d500000| PB 0x000000008d500000| Untracked |  0
| 168|0x000000008d600000, 0x000000008d600000, 0x000000008d700000|  0%| F|  |TAMS 0x000000008d600000| PB 0x000000008d600000| Untracked |  0
| 169|0x000000008d700000, 0x000000008d700000, 0x000000008d800000|  0%| F|  |TAMS 0x000000008d700000| PB 0x000000008d700000| Untracked |  0
| 170|0x000000008d800000, 0x000000008d800000, 0x000000008d900000|  0%| F|  |TAMS 0x000000008d800000| PB 0x000000008d800000| Untracked |  0
| 171|0x000000008d900000, 0x000000008d900000, 0x000000008da00000|  0%| F|  |TAMS 0x000000008d900000| PB 0x000000008d900000| Untracked |  0
| 172|0x000000008da00000, 0x000000008da00000, 0x000000008db00000|  0%| F|  |TAMS 0x000000008da00000| PB 0x000000008da00000| Untracked |  0
| 173|0x000000008db00000, 0x000000008db00000, 0x000000008dc00000|  0%| F|  |TAMS 0x000000008db00000| PB 0x000000008db00000| Untracked |  0
| 174|0x000000008dc00000, 0x000000008dc00000, 0x000000008dd00000|  0%| F|  |TAMS 0x000000008dc00000| PB 0x000000008dc00000| Untracked |  0
| 175|0x000000008dd00000, 0x000000008dd00000, 0x000000008de00000|  0%| F|  |TAMS 0x000000008dd00000| PB 0x000000008dd00000| Untracked |  0
| 176|0x000000008de00000, 0x000000008de00000, 0x000000008df00000|  0%| F|  |TAMS 0x000000008de00000| PB 0x000000008de00000| Untracked |  0
| 177|0x000000008df00000, 0x000000008df00000, 0x000000008e000000|  0%| F|  |TAMS 0x000000008df00000| PB 0x000000008df00000| Untracked |  0
| 178|0x000000008e000000, 0x000000008e000000, 0x000000008e100000|  0%| F|  |TAMS 0x000000008e000000| PB 0x000000008e000000| Untracked |  0
| 179|0x000000008e100000, 0x000000008e100000, 0x000000008e200000|  0%| F|  |TAMS 0x000000008e100000| PB 0x000000008e100000| Untracked |  0
| 180|0x000000008e200000, 0x000000008e200000, 0x000000008e300000|  0%| F|  |TAMS 0x000000008e200000| PB 0x000000008e200000| Untracked |  0
| 181|0x000000008e300000, 0x000000008e300000, 0x000000008e400000|  0%| F|  |TAMS 0x000000008e300000| PB 0x000000008e300000| Untracked |  0
| 182|0x000000008e400000, 0x000000008e400000, 0x000000008e500000|  0%| F|  |TAMS 0x000000008e400000| PB 0x000000008e400000| Untracked |  0
| 183|0x000000008e500000, 0x000000008e500000, 0x000000008e600000|  0%| F|  |TAMS 0x000000008e500000| PB 0x000000008e500000| Untracked |  0
| 184|0x000000008e600000, 0x000000008e600000, 0x000000008e700000|  0%| F|  |TAMS 0x000000008e600000| PB 0x000000008e600000| Untracked |  0
| 185|0x000000008e700000, 0x000000008e700000, 0x000000008e800000|  0%| F|  |TAMS 0x000000008e700000| PB 0x000000008e700000| Untracked |  0
| 186|0x000000008e800000, 0x000000008e800000, 0x000000008e900000|  0%| F|  |TAMS 0x000000008e800000| PB 0x000000008e800000| Untracked |  0
| 187|0x000000008e900000, 0x000000008e900000, 0x000000008ea00000|  0%| F|  |TAMS 0x000000008e900000| PB 0x000000008e900000| Untracked |  0
| 188|0x000000008ea00000, 0x000000008ea00000, 0x000000008eb00000|  0%| F|  |TAMS 0x000000008ea00000| PB 0x000000008ea00000| Untracked |  0
| 189|0x000000008eb00000, 0x000000008eb00000, 0x000000008ec00000|  0%| F|  |TAMS 0x000000008eb00000| PB 0x000000008eb00000| Untracked |  0
| 190|0x000000008ec00000, 0x000000008ec00000, 0x000000008ed00000|  0%| F|  |TAMS 0x000000008ec00000| PB 0x000000008ec00000| Untracked |  0
| 191|0x000000008ed00000, 0x000000008ed00000, 0x000000008ee00000|  0%| F|  |TAMS 0x000000008ed00000| PB 0x000000008ed00000| Untracked |  0
| 192|0x000000008ee00000, 0x000000008ee00000, 0x000000008ef00000|  0%| F|  |TAMS 0x000000008ee00000| PB 0x000000008ee00000| Untracked |  0
| 193|0x000000008ef00000, 0x000000008ef00000, 0x000000008f000000|  0%| F|  |TAMS 0x000000008ef00000| PB 0x000000008ef00000| Untracked |  0
| 194|0x000000008f000000, 0x000000008f000000, 0x000000008f100000|  0%| F|  |TAMS 0x000000008f000000| PB 0x000000008f000000| Untracked |  0
| 195|0x000000008f100000, 0x000000008f100000, 0x000000008f200000|  0%| F|  |TAMS 0x000000008f100000| PB 0x000000008f100000| Untracked |  0
| 196|0x000000008f200000, 0x000000008f200000, 0x000000008f300000|  0%| F|  |TAMS 0x000000008f200000| PB 0x000000008f200000| Untracked |  0
| 197|0x000000008f300000, 0x000000008f300000, 0x000000008f400000|  0%| F|  |TAMS 0x000000008f300000| PB 0x000000008f300000| Untracked |  0
| 198|0x000000008f400000, 0x000000008f400000, 0x000000008f500000|  0%| F|  |TAMS 0x000000008f400000| PB 0x000000008f400000| Untracked |  0
| 199|0x000000008f500000, 0x000000008f500000, 0x000000008f600000|  0%| F|  |TAMS 0x000000008f500000| PB 0x000000008f500000| Untracked |  0
| 200|0x000000008f600000, 0x000000008f600000, 0x000000008f700000|  0%| F|  |TAMS 0x000000008f600000| PB 0x000000008f600000| Untracked |  0
| 201|0x000000008f700000, 0x000000008f700000, 0x000000008f800000|  0%| F|  |TAMS 0x000000008f700000| PB 0x000000008f700000| Untracked |  0
| 202|0x000000008f800000, 0x000000008f800000, 0x000000008f900000|  0%| F|  |TAMS 0x000000008f800000| PB 0x000000008f800000| Untracked |  0
| 203|0x000000008f900000, 0x000000008f970f78, 0x000000008fa00000| 44%| E|  |TAMS 0x000000008f900000| PB 0x000000008f900000| Complete |  0
| 204|0x000000008fa00000, 0x000000008fb00000, 0x000000008fb00000|100%| E|CS|TAMS 0x000000008fa00000| PB 0x000000008fa00000| Complete |  0
| 205|0x000000008fb00000, 0x000000008fc00000, 0x000000008fc00000|100%| E|CS|TAMS 0x000000008fb00000| PB 0x000000008fb00000| Complete |  0
| 206|0x000000008fc00000, 0x000000008fd00000, 0x000000008fd00000|100%| E|CS|TAMS 0x000000008fc00000| PB 0x000000008fc00000| Complete |  0
| 207|0x000000008fd00000, 0x000000008fe00000, 0x000000008fe00000|100%| E|CS|TAMS 0x000000008fd00000| PB 0x000000008fd00000| Complete |  0
| 208|0x000000008fe00000, 0x000000008ff00000, 0x000000008ff00000|100%| E|CS|TAMS 0x000000008fe00000| PB 0x000000008fe00000| Complete |  0
| 209|0x000000008ff00000, 0x0000000090000000, 0x0000000090000000|100%| E|CS|TAMS 0x000000008ff00000| PB 0x000000008ff00000| Complete |  0
| 210|0x0000000090000000, 0x0000000090100000, 0x0000000090100000|100%| E|CS|TAMS 0x0000000090000000| PB 0x0000000090000000| Complete |  0
| 211|0x0000000090100000, 0x0000000090200000, 0x0000000090200000|100%| E|CS|TAMS 0x0000000090100000| PB 0x0000000090100000| Complete |  0
| 212|0x0000000090200000, 0x0000000090300000, 0x0000000090300000|100%| E|CS|TAMS 0x0000000090200000| PB 0x0000000090200000| Complete |  0
| 213|0x0000000090300000, 0x0000000090400000, 0x0000000090400000|100%| E|CS|TAMS 0x0000000090300000| PB 0x0000000090300000| Complete |  0
| 214|0x0000000090400000, 0x0000000090500000, 0x0000000090500000|100%| E|CS|TAMS 0x0000000090400000| PB 0x0000000090400000| Complete |  0
| 215|0x0000000090500000, 0x0000000090600000, 0x0000000090600000|100%| E|CS|TAMS 0x0000000090500000| PB 0x0000000090500000| Complete |  0
| 216|0x0000000090600000, 0x0000000090700000, 0x0000000090700000|100%| E|CS|TAMS 0x0000000090600000| PB 0x0000000090600000| Complete |  0
| 217|0x0000000090700000, 0x0000000090800000, 0x0000000090800000|100%| E|CS|TAMS 0x0000000090700000| PB 0x0000000090700000| Complete |  0
| 218|0x0000000090800000, 0x0000000090900000, 0x0000000090900000|100%| E|CS|TAMS 0x0000000090800000| PB 0x0000000090800000| Complete |  0
| 219|0x0000000090900000, 0x0000000090a00000, 0x0000000090a00000|100%| E|CS|TAMS 0x0000000090900000| PB 0x0000000090900000| Complete |  0
| 220|0x0000000090a00000, 0x0000000090b00000, 0x0000000090b00000|100%| E|CS|TAMS 0x0000000090a00000| PB 0x0000000090a00000| Complete |  0
| 221|0x0000000090b00000, 0x0000000090c00000, 0x0000000090c00000|100%| E|CS|TAMS 0x0000000090b00000| PB 0x0000000090b00000| Complete |  0
| 222|0x0000000090c00000, 0x0000000090d00000, 0x0000000090d00000|100%| E|CS|TAMS 0x0000000090c00000| PB 0x0000000090c00000| Complete |  0
| 223|0x0000000090d00000, 0x0000000090e00000, 0x0000000090e00000|100%| E|CS|TAMS 0x0000000090d00000| PB 0x0000000090d00000| Complete |  0
| 224|0x0000000090e00000, 0x0000000090f00000, 0x0000000090f00000|100%| E|CS|TAMS 0x0000000090e00000| PB 0x0000000090e00000| Complete |  0
| 225|0x0000000090f00000, 0x0000000091000000, 0x0000000091000000|100%| E|CS|TAMS 0x0000000090f00000| PB 0x0000000090f00000| Complete |  0
|1994|0x00000000ff800000, 0x00000000ff900000, 0x00000000ff900000|100%| O|  |TAMS 0x00000000ff800000| PB 0x00000000ff800000| Untracked |  0
|1995|0x00000000ff900000, 0x00000000ffa00000, 0x00000000ffa00000|100%| O|Cm|TAMS 0x00000000ff900000| PB 0x00000000ff900000| Complete |  0
|1996|0x00000000ffa00000, 0x00000000ffb00000, 0x00000000ffb00000|100%| O|  |TAMS 0x00000000ffa00000| PB 0x00000000ffa00000| Untracked |  0
|1997|0x00000000ffb00000, 0x00000000ffc00000, 0x00000000ffc00000|100%| O|  |TAMS 0x00000000ffb00000| PB 0x00000000ffb00000| Untracked |  0
|1998|0x00000000ffc00000, 0x00000000ffd00000, 0x00000000ffd00000|100%| O|Cm|TAMS 0x00000000ffc00000| PB 0x00000000ffc00000| Complete |  0
|1999|0x00000000ffd00000, 0x00000000ffe00000, 0x00000000ffe00000|100%| O|  |TAMS 0x00000000ffd00000| PB 0x00000000ffd00000| Untracked |  0
|2000|0x00000000ffe00000, 0x00000000fff00000, 0x00000000fff00000|100%| O|  |TAMS 0x00000000ffe00000| PB 0x00000000ffe00000| Untracked |  0
|2001|0x00000000fff00000, 0x0000000100000000, 0x0000000100000000|100%| O|  |TAMS 0x00000000fff00000| PB 0x00000000fff00000| Untracked |  0

Card table byte_map: [0x0000021d7e650000,0x0000021d7ea40000] _byte_map_base: 0x0000021d7e239000

Marking Bits: (CMBitMap*) 0x0000021d7d4d0b60
 Bits: [0x0000021d17290000, 0x0000021d191d8000)

Polling page: 0x0000021d7bc30000

Metaspace:

Usage:
  Non-class:     98.25 MB used.
      Class:     12.98 MB used.
       Both:    111.22 MB used.

Virtual space:
  Non-class space:      128.00 MB reserved,      98.88 MB ( 77%) committed,  2 nodes.
      Class space:        1.00 GB reserved,      13.56 MB (  1%) committed,  1 nodes.
             Both:        1.12 GB reserved,     112.44 MB ( 10%) committed. 

Chunk freelists:
   Non-Class:  13.17 MB
       Class:  2.46 MB
        Both:  15.63 MB

MaxMetaspaceSize: unlimited
CompressedClassSpaceSize: 1.00 GB
Initial GC threshold: 21.00 MB
Current GC threshold: 178.88 MB
CDS: on
 - commit_granule_bytes: 65536.
 - commit_granule_words: 8192.
 - virtual_space_node_default_size: 8388608.
 - enlarge_chunks_in_place: 1.
 - use_allocation_guard: 0.


Internal statistics:

num_allocs_failed_limit: 6.
num_arena_births: 1996.
num_arena_deaths: 0.
num_vsnodes_births: 3.
num_vsnodes_deaths: 0.
num_space_committed: 1799.
num_space_uncommitted: 0.
num_chunks_returned_to_freelist: 6.
num_chunks_taken_from_freelist: 6260.
num_chunk_merges: 3.
num_chunk_splits: 4268.
num_chunks_enlarged: 2954.
num_inconsistent_stats: 0.

CodeHeap 'non-profiled nmethods': size=120000Kb used=11098Kb max_used=11263Kb free=108901Kb
 bounds [0x0000021d0fd60000, 0x0000021d10860000, 0x0000021d17290000]
CodeHeap 'profiled nmethods': size=120000Kb used=30887Kb max_used=30887Kb free=89112Kb
 bounds [0x0000021d08290000, 0x0000021d0a0c0000, 0x0000021d0f7c0000]
CodeHeap 'non-nmethods': size=5760Kb used=3188Kb max_used=3285Kb free=2571Kb
 bounds [0x0000021d0f7c0000, 0x0000021d0fb00000, 0x0000021d0fd60000]
 total_blobs=15564 nmethods=14338 adapters=1117
 compilation: enabled
              stopped_count=0, restarted_count=0
 full_count=0

Compilation events (20 events):
Event: 4258.515 Thread 0x0000021d1b3332a0 nmethod 21870 0x0000021d0a087a90 code [0x0000021d0a087c60, 0x0000021d0a0880b8]
Event: 4258.515 Thread 0x0000021d1b3332a0 21869       3       java.lang.invoke.LambdaForm$MH/0x0000021d1dd64c00::invoke (42 bytes)
Event: 4258.516 Thread 0x0000021d1b3332a0 nmethod 21869 0x0000021d0a088290 code [0x0000021d0a0884c0, 0x0000021d0a088d48]
Event: 4258.516 Thread 0x0000021d1b3332a0 21873       3       org.springframework.ui.ExtendedModelMap::addAllAttributes (6 bytes)
Event: 4258.516 Thread 0x0000021d1b3332a0 nmethod 21873 0x0000021d0a088f90 code [0x0000021d0a089140, 0x0000021d0a089490]
Event: 4258.516 Thread 0x0000021d1b3332a0 21877       3       com.epmapat.erp_epmapat.modelo.Nacionalidad$HibernateProxy$vSg2vt8C::getIdnacionalidad (20 bytes)
Event: 4258.516 Thread 0x0000021d1b3332a0 nmethod 21877 0x0000021d0a089590 code [0x0000021d0a089760, 0x0000021d0a089bb8]
Event: 4258.516 Thread 0x0000021d1b3332a0 21879       3       org.springframework.web.servlet.handler.WebRequestHandlerInterceptorAdapter::afterCompletion (21 bytes)
Event: 4258.516 Thread 0x0000021d1b3332a0 nmethod 21879 0x0000021d0a089d90 code [0x0000021d0a089f60, 0x0000021d0a08a350]
Event: 4258.516 Thread 0x0000021d1b3332a0 21876       3       java.lang.invoke.LambdaForm$MH/0x0000021d1dd7a800::invoke (42 bytes)
Event: 4258.517 Thread 0x0000021d1b3332a0 nmethod 21876 0x0000021d0a08a590 code [0x0000021d0a08a7c0, 0x0000021d0a08b048]
Event: 4258.704 Thread 0x0000021d1b3332a0 21880       3       org.springframework.web.method.HandlerMethod::<init> (99 bytes)
Event: 4258.705 Thread 0x0000021d1b3332a0 nmethod 21880 0x0000021d0a08b290 code [0x0000021d0a08b4a0, 0x0000021d0a08bc98]
Event: 4258.705 Thread 0x0000021d1b3332a0 21882       3       org.springframework.web.servlet.handler.ConversionServiceExposingInterceptor::preHandle (17 bytes)
Event: 4258.705 Thread 0x0000021d1b3332a0 nmethod 21882 0x0000021d0a08be90 code [0x0000021d0a08c060, 0x0000021d0a08c358]
Event: 4258.705 Thread 0x0000021d1b3332a0 21881   !   3       org.springframework.web.util.HierarchicalUriComponents::getPort (90 bytes)
Event: 4258.706 Thread 0x0000021d1b3332a0 nmethod 21881 0x0000021d0a08c490 code [0x0000021d0a08c7a0, 0x0000021d0a08d5a0]
Event: 4258.706 Thread 0x0000021d1b3332a0 21883       3       org.springframework.web.context.request.async.StandardServletAsyncWebRequest::<init> (51 bytes)
Event: 4258.707 Thread 0x0000021d1b3332a0 nmethod 21883 0x0000021d0a08db10 code [0x0000021d0a08dd80, 0x0000021d0a08e938]
Event: 4258.707 Thread 0x0000021d1b3332a0 21884   !   3       org.springframework.http.converter.json.AbstractJackson2HttpMessageConverter::writeInternal (465 bytes)

GC Heap History (20 events):
Event: 119.160 GC heap before
{Heap before GC invocations=48 (full 0):
 garbage-first heap   total reserved 2050048K, committed 174080K, used 155046K [0x0000000082e00000, 0x0000000100000000)
  region size 1024K, 76 young (77824K), 8 survivors (8192K)
 Metaspace       used 101305K, committed 102016K, reserved 1179648K
  class space    used 12146K, committed 12480K, reserved 1048576K
}
Event: 119.169 GC heap after
{Heap after GC invocations=49 (full 0):
 garbage-first heap   total reserved 2050048K, committed 174080K, used 90337K [0x0000000082e00000, 0x0000000100000000)
  region size 1024K, 8 young (8192K), 8 survivors (8192K)
 Metaspace       used 101305K, committed 102016K, reserved 1179648K
  class space    used 12146K, committed 12480K, reserved 1048576K
}
Event: 125.940 GC heap before
{Heap before GC invocations=49 (full 0):
 garbage-first heap   total reserved 2050048K, committed 174080K, used 153825K [0x0000000082e00000, 0x0000000100000000)
  region size 1024K, 71 young (72704K), 8 survivors (8192K)
 Metaspace       used 106837K, committed 107904K, reserved 1179648K
  class space    used 12798K, committed 13248K, reserved 1048576K
}
Event: 125.952 GC heap after
{Heap after GC invocations=50 (full 0):
 garbage-first heap   total reserved 2050048K, committed 174080K, used 89180K [0x0000000082e00000, 0x0000000100000000)
  region size 1024K, 7 young (7168K), 7 survivors (7168K)
 Metaspace       used 106837K, committed 107904K, reserved 1179648K
  class space    used 12798K, committed 13248K, reserved 1048576K
}
Event: 126.125 GC heap before
{Heap before GC invocations=50 (full 0):
 garbage-first heap   total reserved 2050048K, committed 174080K, used 101468K [0x0000000082e00000, 0x0000000100000000)
  region size 1024K, 20 young (20480K), 7 survivors (7168K)
 Metaspace       used 108085K, committed 109184K, reserved 1179648K
  class space    used 12920K, committed 13376K, reserved 1048576K
}
Event: 126.129 GC heap after
{Heap after GC invocations=51 (full 0):
 garbage-first heap   total reserved 2050048K, committed 174080K, used 90545K [0x0000000082e00000, 0x0000000100000000)
  region size 1024K, 6 young (6144K), 6 survivors (6144K)
 Metaspace       used 108085K, committed 109184K, reserved 1179648K
  class space    used 12920K, committed 13376K, reserved 1048576K
}
Event: 126.458 GC heap before
{Heap before GC invocations=52 (full 0):
 garbage-first heap   total reserved 2050048K, committed 194560K, used 193969K [0x0000000082e00000, 0x0000000100000000)
  region size 1024K, 68 young (69632K), 6 survivors (6144K)
 Metaspace       used 108260K, committed 109376K, reserved 1179648K
  class space    used 12935K, committed 13440K, reserved 1048576K
}
Event: 126.461 GC heap after
{Heap after GC invocations=53 (full 0):
 garbage-first heap   total reserved 2050048K, committed 202752K, used 114772K [0x0000000082e00000, 0x0000000100000000)
  region size 1024K, 4 young (4096K), 4 survivors (4096K)
 Metaspace       used 108260K, committed 109376K, reserved 1179648K
  class space    used 12935K, committed 13440K, reserved 1048576K
}
Event: 126.564 GC heap before
{Heap before GC invocations=53 (full 0):
 garbage-first heap   total reserved 2050048K, committed 202752K, used 200788K [0x0000000082e00000, 0x0000000100000000)
  region size 1024K, 74 young (75776K), 4 survivors (4096K)
 Metaspace       used 108260K, committed 109376K, reserved 1179648K
  class space    used 12935K, committed 13440K, reserved 1048576K
}
Event: 126.569 GC heap after
{Heap after GC invocations=54 (full 0):
 garbage-first heap   total reserved 2050048K, committed 208896K, used 127161K [0x0000000082e00000, 0x0000000100000000)
  region size 1024K, 3 young (3072K), 3 survivors (3072K)
 Metaspace       used 108260K, committed 109376K, reserved 1179648K
  class space    used 12935K, committed 13440K, reserved 1048576K
}
Event: 126.595 GC heap before
{Heap before GC invocations=54 (full 0):
 garbage-first heap   total reserved 2050048K, committed 208896K, used 151737K [0x0000000082e00000, 0x0000000100000000)
  region size 1024K, 28 young (28672K), 3 survivors (3072K)
 Metaspace       used 108260K, committed 109376K, reserved 1179648K
  class space    used 12935K, committed 13440K, reserved 1048576K
}
Event: 126.596 GC heap after
{Heap after GC invocations=55 (full 0):
 garbage-first heap   total reserved 2050048K, committed 208896K, used 127083K [0x0000000082e00000, 0x0000000100000000)
  region size 1024K, 3 young (3072K), 3 survivors (3072K)
 Metaspace       used 108260K, committed 109376K, reserved 1179648K
  class space    used 12935K, committed 13440K, reserved 1048576K
}
Event: 127.438 GC heap before
{Heap before GC invocations=56 (full 0):
 garbage-first heap   total reserved 2050048K, committed 239616K, used 206955K [0x0000000082e00000, 0x0000000100000000)
  region size 1024K, 66 young (67584K), 3 survivors (3072K)
 Metaspace       used 108752K, committed 109824K, reserved 1179648K
  class space    used 12937K, committed 13440K, reserved 1048576K
}
Event: 127.441 GC heap after
{Heap after GC invocations=57 (full 0):
 garbage-first heap   total reserved 2050048K, committed 239616K, used 115170K [0x0000000082e00000, 0x0000000100000000)
  region size 1024K, 4 young (4096K), 4 survivors (4096K)
 Metaspace       used 108752K, committed 109824K, reserved 1179648K
  class space    used 12937K, committed 13440K, reserved 1048576K
}
Event: 127.816 GC heap before
{Heap before GC invocations=57 (full 0):
 garbage-first heap   total reserved 2050048K, committed 239616K, used 222690K [0x0000000082e00000, 0x0000000100000000)
  region size 1024K, 107 young (109568K), 4 survivors (4096K)
 Metaspace       used 108797K, committed 109888K, reserved 1179648K
  class space    used 12937K, committed 13440K, reserved 1048576K
}
Event: 127.822 GC heap after
{Heap after GC invocations=58 (full 0):
 garbage-first heap   total reserved 2050048K, committed 239616K, used 115067K [0x0000000082e00000, 0x0000000100000000)
  region size 1024K, 4 young (4096K), 4 survivors (4096K)
 Metaspace       used 108797K, committed 109888K, reserved 1179648K
  class space    used 12937K, committed 13440K, reserved 1048576K
}
Event: 127.842 GC heap before
{Heap before GC invocations=58 (full 0):
 garbage-first heap   total reserved 2050048K, committed 239616K, used 118139K [0x0000000082e00000, 0x0000000100000000)
  region size 1024K, 8 young (8192K), 4 survivors (4096K)
 Metaspace       used 108801K, committed 109888K, reserved 1179648K
  class space    used 12937K, committed 13440K, reserved 1048576K
}
Event: 127.845 GC heap after
{Heap after GC invocations=59 (full 0):
 garbage-first heap   total reserved 2050048K, committed 239616K, used 91430K [0x0000000082e00000, 0x0000000100000000)
  region size 1024K, 4 young (4096K), 4 survivors (4096K)
 Metaspace       used 108801K, committed 109888K, reserved 1179648K
  class space    used 12937K, committed 13440K, reserved 1048576K
}
Event: 4257.011 GC heap before
{Heap before GC invocations=60 (full 0):
 garbage-first heap   total reserved 2050048K, committed 239616K, used 221478K [0x0000000082e00000, 0x0000000100000000)
  region size 1024K, 130 young (133120K), 4 survivors (4096K)
 Metaspace       used 113444K, committed 114752K, reserved 1179648K
  class space    used 13289K, committed 13888K, reserved 1048576K
}
Event: 4257.047 GC heap after
{Heap after GC invocations=61 (full 0):
 garbage-first heap   total reserved 2050048K, committed 239616K, used 92846K [0x0000000082e00000, 0x0000000100000000)
  region size 1024K, 7 young (7168K), 7 survivors (7168K)
 Metaspace       used 113444K, committed 114752K, reserved 1179648K
  class space    used 13289K, committed 13888K, reserved 1048576K
}

Dll operation events (17 events):
Event: 0.012 Loaded shared library C:\Program Files\Java\jdk-22\bin\java.dll
Event: 0.049 Loaded shared library C:\Program Files\Java\jdk-22\bin\jsvml.dll
Event: 0.173 Loaded shared library C:\Program Files\Java\jdk-22\bin\jimage.dll
Event: 0.180 Loaded shared library C:\Program Files\Java\jdk-22\bin\net.dll
Event: 0.181 Loaded shared library C:\Program Files\Java\jdk-22\bin\nio.dll
Event: 0.183 Loaded shared library C:\Program Files\Java\jdk-22\bin\zip.dll
Event: 0.279 Loaded shared library C:\Program Files\Java\jdk-22\bin\management.dll
Event: 0.288 Loaded shared library C:\Program Files\Java\jdk-22\bin\management_ext.dll
Event: 0.485 Loaded shared library C:\Program Files\Java\jdk-22\bin\extnet.dll
Event: 0.535 Loaded shared library C:\Program Files\Java\jdk-22\bin\verify.dll
Event: 1.189 Loaded shared library C:\Program Files\Java\jdk-22\bin\le.dll
Event: 4.250 Loaded shared library C:\Program Files\Java\jdk-22\bin\sunmscapi.dll
Event: 31.331 Loaded shared library C:\Program Files\Java\jdk-22\bin\awt.dll
Event: 31.379 Loaded shared library C:\Program Files\Java\jdk-22\bin\freetype.dll
Event: 31.381 Loaded shared library C:\Program Files\Java\jdk-22\bin\fontmanager.dll
Event: 125.134 Loaded shared library C:\Windows\System32\ucrtbase.dll
Event: 125.136 Loaded shared library C:\Program Files\Java\jdk-22\bin\syslookup.dll

Deoptimization events (20 events):
Event: 4257.495 Thread 0x0000021d62937800 Uncommon trap: trap_request=0xffffffd6 fr.pc=0x0000021d10434a48 relative=0x0000000000000968
Event: 4257.495 Thread 0x0000021d62937800 Uncommon trap: reason=array_check action=maybe_recompile pc=0x0000021d10434a48 method=java.util.ComparableTimSort.binarySort([Ljava/lang/Object;III)V @ 183 c2
Event: 4257.495 Thread 0x0000021d62937800 DEOPT PACKING pc=0x0000021d10434a48 sp=0x0000009491ffdc10
Event: 4257.495 Thread 0x0000021d62937800 DEOPT UNPACKING pc=0x0000021d0f8146a2 sp=0x0000009491ffdbb0 mode 2
Event: 4257.645 Thread 0x0000021d62932fd0 Uncommon trap: trap_request=0xffffffd6 fr.pc=0x0000021d104347e8 relative=0x0000000000000708
Event: 4257.645 Thread 0x0000021d62932fd0 Uncommon trap: reason=array_check action=maybe_recompile pc=0x0000021d104347e8 method=java.util.ComparableTimSort.binarySort([Ljava/lang/Object;III)V @ 215 c2
Event: 4257.645 Thread 0x0000021d62932fd0 DEOPT PACKING pc=0x0000021d104347e8 sp=0x00000094919fbe90
Event: 4257.645 Thread 0x0000021d62932fd0 DEOPT UNPACKING pc=0x0000021d0f8146a2 sp=0x00000094919fbe30 mode 2
Event: 4257.645 Thread 0x0000021d62935730 Uncommon trap: trap_request=0xffffffd6 fr.pc=0x0000021d104347e8 relative=0x0000000000000708
Event: 4257.645 Thread 0x0000021d62935730 Uncommon trap: reason=array_check action=maybe_recompile pc=0x0000021d104347e8 method=java.util.ComparableTimSort.binarySort([Ljava/lang/Object;III)V @ 215 c2
Event: 4257.645 Thread 0x0000021d62935730 DEOPT PACKING pc=0x0000021d104347e8 sp=0x0000009491afbc00
Event: 4257.645 Thread 0x0000021d62935730 DEOPT UNPACKING pc=0x0000021d0f8146a2 sp=0x0000009491afbba0 mode 2
Event: 4258.031 Thread 0x0000021d62936ae0 Uncommon trap: trap_request=0xffffffd6 fr.pc=0x0000021d10108550 relative=0x00000000000008f0
Event: 4258.031 Thread 0x0000021d62936ae0 Uncommon trap: reason=array_check action=maybe_recompile pc=0x0000021d10108550 method=java.util.ComparableTimSort.binarySort([Ljava/lang/Object;III)V @ 193 c2
Event: 4258.031 Thread 0x0000021d62936ae0 DEOPT PACKING pc=0x0000021d10108550 sp=0x0000009491bfdc60
Event: 4258.031 Thread 0x0000021d62936ae0 DEOPT UNPACKING pc=0x0000021d0f8146a2 sp=0x0000009491bfdc10 mode 2
Event: 4258.034 Thread 0x0000021d629350a0 Uncommon trap: trap_request=0xffffffd6 fr.pc=0x0000021d10108550 relative=0x00000000000008f0
Event: 4258.034 Thread 0x0000021d629350a0 Uncommon trap: reason=array_check action=maybe_recompile pc=0x0000021d10108550 method=java.util.ComparableTimSort.binarySort([Ljava/lang/Object;III)V @ 193 c2
Event: 4258.034 Thread 0x0000021d629350a0 DEOPT PACKING pc=0x0000021d10108550 sp=0x00000094918fd8f0
Event: 4258.035 Thread 0x0000021d629350a0 DEOPT UNPACKING pc=0x0000021d0f8146a2 sp=0x00000094918fd8a0 mode 2

Classes loaded (20 events):
Event: 126.225 Loading class java/awt/image/PixelGrabber
Event: 126.225 Loading class java/awt/image/ImageConsumer
Event: 126.225 Loading class java/awt/image/ImageConsumer done
Event: 126.225 Loading class java/awt/image/PixelGrabber done
Event: 126.226 Loading class sun/awt/image/OffScreenImageSource
Event: 126.226 Loading class sun/awt/image/OffScreenImageSource done
Event: 126.998 Loading class jdk/internal/icu/text/BidiLine
Event: 126.999 Loading class jdk/internal/icu/text/BidiLine done
Event: 4234.717 Loading class java/util/concurrent/locks/ReentrantReadWriteLock$Sync$HoldCounter
Event: 4234.741 Loading class java/util/concurrent/locks/ReentrantReadWriteLock$Sync$HoldCounter done
Event: 4236.243 Loading class java/time/ZonedDateTime$1
Event: 4236.246 Loading class java/time/ZonedDateTime$1 done
Event: 4252.799 Loading class java/time/format/DateTimeParseContext
Event: 4252.802 Loading class java/time/format/DateTimeParseContext done
Event: 4252.802 Loading class java/time/format/Parsed
Event: 4252.806 Loading class java/time/format/Parsed done
Event: 4254.844 Loading class jdk/internal/math/FDBigInteger
Event: 4254.850 Loading class jdk/internal/math/FDBigInteger done
Event: 4256.821 Loading class jdk/internal/math/FormattedFPDecimal
Event: 4256.824 Loading class jdk/internal/math/FormattedFPDecimal done

Classes unloaded (0 events):
No events

Classes redefined (0 events):
No events

Internal exceptions (20 events):
Event: 125.301 Thread 0x0000021d62933660 Exception <a 'java/lang/NoSuchMethodError'{0x000000008c2d7198}: 'void java.lang.invoke.DelegatingMethodHandle$Holder.reinvoke_L(java.lang.Object, java.lang.Object, java.lang.Object, long, long)'> (0x000000008c2d7198) 
thrown [s\open\src\hotspot\share\interpreter\linkResolver.cpp, line 774]
Event: 125.307 Thread 0x0000021d62933660 Exception <a 'java/lang/NoSuchMethodError'{0x000000008c2f6538}: 'int java.lang.invoke.Invokers$Holder.invokeExact_MT(java.lang.Object, java.lang.Object, java.lang.Object, int, java.lang.Object, java.lang.Object)'> (0x000000008c2f6538) 
thrown [s\open\src\hotspot\share\interpreter\linkResolver.cpp, line 774]
Event: 125.308 Thread 0x0000021d62933660 Implicit null exception at 0x0000021d0fe31efa to 0x0000021d0fe320ac
Event: 125.309 Thread 0x0000021d62933660 Exception <a 'java/lang/NoSuchMethodError'{0x000000008c12bcc0}: 'int java.lang.invoke.DelegatingMethodHandle$Holder.reinvoke_L(java.lang.Object, java.lang.Object, java.lang.Object, long)'> (0x000000008c12bcc0) 
thrown [s\open\src\hotspot\share\interpreter\linkResolver.cpp, line 774]
Event: 125.309 Thread 0x0000021d62933660 Exception <a 'java/lang/NoSuchMethodError'{0x000000008c133188}: 'void java.lang.invoke.DirectMethodHandle$Holder.invokeSpecial(java.lang.Object, java.lang.Object, java.lang.Object, long)'> (0x000000008c133188) 
thrown [s\open\src\hotspot\share\interpreter\linkResolver.cpp, line 774]
Event: 125.310 Thread 0x0000021d62933660 Exception <a 'java/lang/NoSuchMethodError'{0x000000008c1503b8}: 'java.lang.Object java.lang.invoke.DirectMethodHandle$Holder.invokeStatic(java.lang.Object, java.lang.Object, java.lang.Object, java.lang.Object, java.lang.Object, java.lang.Object, java.lang.Object, long)'> (0x000000008c1503b8) 
thrown [s\open\src\hotspot\share\interpreter\linkResolver.cpp, line 774]
Event: 125.323 Thread 0x0000021d62933660 Implicit null exception at 0x0000021d0fda07a4 to 0x0000021d0fda0e3c
Event: 125.343 Thread 0x0000021d62933660 Implicit null exception at 0x0000021d0fdd0ba0 to 0x0000021d0fdd1214
Event: 125.412 Thread 0x0000021d1be1f630 Implicit null exception at 0x0000021d107948f0 to 0x0000021d10794924
Event: 126.034 Thread 0x0000021d62933660 Implicit null exception at 0x0000021d107d0278 to 0x0000021d107d0650
Event: 126.034 Thread 0x0000021d62933660 Implicit null exception at 0x0000021d107b85d8 to 0x0000021d107b8944
Event: 127.049 Thread 0x0000021d62933660 Implicit null exception at 0x0000021d1021ff80 to 0x0000021d10221f4c
Event: 127.847 Thread 0x0000021d62933660 Implicit null exception at 0x0000021d1084d788 to 0x0000021d1084db10
Event: 4235.769 Thread 0x0000021d62937800 Exception <a 'java/lang/NoSuchMethodError'{0x000000008e42fd60}: 'java.lang.Object java.lang.invoke.DirectMethodHandle$Holder.invokeInterface(java.lang.Object, java.lang.Object, java.lang.Object, java.lang.Object)'> (0x000000008e42fd60) 
thrown [s\open\src\hotspot\share\interpreter\linkResolver.cpp, line 774]
Event: 4235.972 Thread 0x0000021d62934380 Exception <a 'java/lang/NoSuchMethodError'{0x000000008dda3e00}: 'java.lang.Object java.lang.invoke.DirectMethodHandle$Holder.invokeStaticInit(java.lang.Object, java.lang.Object, java.lang.Object, java.lang.Object, java.lang.Object, java.lang.Object)'> (0x000000008dda3e00) 
thrown [s\open\src\hotspot\share\interpreter\linkResolver.cpp, line 774]
Event: 4235.997 Thread 0x0000021d62937e90 Exception <a 'java/lang/NoSuchMethodError'{0x000000008ddf6d40}: 'java.lang.Object java.lang.invoke.DirectMethodHandle$Holder.newInvokeSpecial(java.lang.Object, java.lang.Object, java.lang.Object, long)'> (0x000000008ddf6d40) 
thrown [s\open\src\hotspot\share\interpreter\linkResolver.cpp, line 774]
Event: 4235.997 Thread 0x0000021d62934380 Exception <a 'java/lang/NoSuchMethodError'{0x000000008dc3abb8}: 'java.lang.Object java.lang.invoke.DirectMethodHandle$Holder.newInvokeSpecial(java.lang.Object, java.lang.Object, java.lang.Object, long)'> (0x000000008dc3abb8) 
thrown [s\open\src\hotspot\share\interpreter\linkResolver.cpp, line 774]
Event: 4235.998 Thread 0x0000021d62937e90 Exception <a 'java/lang/NoSuchMethodError'{0x000000008ddfac18}: 'java.lang.Object java.lang.invoke.Invokers$Holder.linkToTargetMethod(java.lang.Object, java.lang.Object, long, java.lang.Object)'> (0x000000008ddfac18) 
thrown [s\open\src\hotspot\share\interpreter\linkResolver.cpp, line 774]
Event: 4235.998 Thread 0x0000021d62934380 Exception <a 'java/lang/NoSuchMethodError'{0x000000008dc3e9b0}: 'java.lang.Object java.lang.invoke.Invokers$Holder.linkToTargetMethod(java.lang.Object, java.lang.Object, long, java.lang.Object)'> (0x000000008dc3e9b0) 
thrown [s\open\src\hotspot\share\interpreter\linkResolver.cpp, line 774]
Event: 4254.993 Thread 0x0000021d62935730 Exception <a 'java/lang/ClassNotFoundException'{0x000000008d3109e8}: com/epmapat/erp_epmapat/interfaces/RepFacGlobalCustomizer> (0x000000008d3109e8) 
thrown [s\open\src\hotspot\share\classfile\systemDictionary.cpp, line 313]

ZGC Phase Switch (0 events):
No events

VM Operations (20 events):
Event: 4243.207 Executing VM operation: Cleanup done
Event: 4244.215 Executing VM operation: Cleanup
Event: 4244.215 Executing VM operation: Cleanup done
Event: 4253.274 Executing VM operation: Cleanup
Event: 4253.274 Executing VM operation: Cleanup done
Event: 4255.243 Executing VM operation: ICBufferFull
Event: 4255.243 Executing VM operation: ICBufferFull done
Event: 4255.485 Executing VM operation: ICBufferFull
Event: 4255.486 Executing VM operation: ICBufferFull done
Event: 4255.869 Executing VM operation: ICBufferFull
Event: 4255.870 Executing VM operation: ICBufferFull done
Event: 4256.267 Executing VM operation: ICBufferFull
Event: 4256.267 Executing VM operation: ICBufferFull done
Event: 4256.606 Executing VM operation: ICBufferFull
Event: 4256.606 Executing VM operation: ICBufferFull done
Event: 4257.009 Executing VM operation: G1CollectForAllocation (G1 Evacuation Pause)
Event: 4257.048 Executing VM operation: G1CollectForAllocation (G1 Evacuation Pause) done
Event: 4258.057 Executing VM operation: Cleanup
Event: 4258.057 Executing VM operation: Cleanup done
Event: 4259.069 Executing VM operation: Cleanup

Memory protections (0 events):
No events

Nmethod flushes (20 events):
Event: 127.920 Thread 0x0000021d7f4b6fe0 flushing  nmethod 0x0000021d10802c90
Event: 127.920 Thread 0x0000021d7f4b6fe0 flushing  nmethod 0x0000021d082b1c10
Event: 127.920 Thread 0x0000021d7f4b6fe0 flushing  nmethod 0x0000021d08af7e10
Event: 127.920 Thread 0x0000021d7f4b6fe0 flushing  nmethod 0x0000021d1052c710
Event: 127.920 Thread 0x0000021d7f4b6fe0 flushing  nmethod 0x0000021d0837df90
Event: 127.920 Thread 0x0000021d7f4b6fe0 flushing  nmethod 0x0000021d0837f890
Event: 127.920 Thread 0x0000021d7f4b6fe0 flushing  nmethod 0x0000021d10694110
Event: 127.920 Thread 0x0000021d7f4b6fe0 flushing  nmethod 0x0000021d1058a210
Event: 127.920 Thread 0x0000021d7f4b6fe0 flushing  nmethod 0x0000021d107ada10
Event: 127.920 Thread 0x0000021d7f4b6fe0 flushing  nmethod 0x0000021d08332110
Event: 127.920 Thread 0x0000021d7f4b6fe0 flushing  nmethod 0x0000021d08488890
Event: 127.920 Thread 0x0000021d7f4b6fe0 flushing  nmethod 0x0000021d08537e90
Event: 127.920 Thread 0x0000021d7f4b6fe0 flushing  nmethod 0x0000021d08539c90
Event: 127.920 Thread 0x0000021d7f4b6fe0 flushing  nmethod 0x0000021d0fe83090
Event: 127.920 Thread 0x0000021d7f4b6fe0 flushing  nmethod 0x0000021d082e4190
Event: 127.920 Thread 0x0000021d7f4b6fe0 flushing  nmethod 0x0000021d083f2590
Event: 127.920 Thread 0x0000021d7f4b6fe0 flushing osr nmethod 0x0000021d083f5f90
Event: 127.920 Thread 0x0000021d7f4b6fe0 flushing  nmethod 0x0000021d0851dd90
Event: 127.920 Thread 0x0000021d7f4b6fe0 flushing  nmethod 0x0000021d085a4490
Event: 127.920 Thread 0x0000021d7f4b6fe0 flushing osr nmethod 0x0000021d096d2b10

Events (20 events):
Event: 3586.698 Thread 0x0000021d640650d0 Thread added: 0x0000021d1b56b260
Event: 3586.698 Thread 0x0000021d640650d0 Thread added: 0x0000021d1b56bf80
Event: 3593.288 Thread 0x0000021d1b56b260 Thread exited: 0x0000021d1b56b260
Event: 3593.427 Thread 0x0000021d1b56bf80 Thread exited: 0x0000021d1b56bf80
Event: 3594.220 Thread 0x0000021d640650d0 Thread added: 0x0000021d1b56b260
Event: 3594.220 Thread 0x0000021d640650d0 Thread added: 0x0000021d1b56abd0
Event: 3599.225 Thread 0x0000021d1b56b260 Thread exited: 0x0000021d1b56b260
Event: 3599.381 Thread 0x0000021d1b56abd0 Thread exited: 0x0000021d1b56abd0
Event: 4235.293 Thread 0x0000021d1b322040 Thread added: 0x0000021d61ebc7b0
Event: 4235.431 Thread 0x0000021d61ebc7b0 Thread exited: 0x0000021d61ebc7b0
Event: 4235.516 Thread 0x0000021d1b3332a0 Thread added: 0x0000021d61ebc7b0
Event: 4235.580 Thread 0x0000021d62937800 Thread added: 0x0000021d1b56b8f0
Event: 4240.591 Thread 0x0000021d1b56b8f0 Thread exited: 0x0000021d1b56b8f0
Event: 4241.549 Thread 0x0000021d61ebc7b0 Thread exited: 0x0000021d61ebc7b0
Event: 4255.018 Thread 0x0000021d1b3332a0 Thread added: 0x0000021d658a4590
Event: 4255.018 Thread 0x0000021d1b3332a0 Thread added: 0x0000021d658a5330
Event: 4255.216 Thread 0x0000021d62933660 Thread added: 0x0000021d6406c060
Event: 4257.642 Thread 0x0000021d658a5330 Thread exited: 0x0000021d658a5330
Event: 4257.643 Thread 0x0000021d658a4590 Thread exited: 0x0000021d658a4590
Event: 4257.664 Thread 0x0000021d1b3332a0 Thread added: 0x0000021d658a4590


Dynamic libraries:
0x00007ff726070000 - 0x00007ff726080000 	C:\Program Files\Java\jdk-22\bin\java.exe
0x00007ffa932e0000 - 0x00007ffa93545000 	C:\WINDOWS\SYSTEM32\ntdll.dll
0x00007ffa920e0000 - 0x00007ffa921a9000 	C:\WINDOWS\System32\KERNEL32.DLL
0x00007ffa90c60000 - 0x00007ffa91048000 	C:\WINDOWS\System32\KERNELBASE.dll
0x00007ffa90490000 - 0x00007ffa905db000 	C:\WINDOWS\System32\ucrtbase.dll
0x00007ffa6b770000 - 0x00007ffa6b78b000 	C:\Program Files\Java\jdk-22\bin\VCRUNTIME140.dll
0x00007ffa6b750000 - 0x00007ffa6b767000 	C:\Program Files\Java\jdk-22\bin\jli.dll
0x00007ffa92240000 - 0x00007ffa9240a000 	C:\WINDOWS\System32\USER32.dll
0x00007ffa90c30000 - 0x00007ffa90c57000 	C:\WINDOWS\System32\win32u.dll
0x00007ffa86710000 - 0x00007ffa869aa000 	C:\WINDOWS\WinSxS\amd64_microsoft.windows.common-controls_6595b64144ccf1df_6.0.26100.4202_none_3e0698d4e335f517\COMCTL32.dll
0x00007ffa92200000 - 0x00007ffa9222b000 	C:\WINDOWS\System32\GDI32.dll
0x00007ffa91050000 - 0x00007ffa910f9000 	C:\WINDOWS\System32\msvcrt.dll
0x00007ffa90af0000 - 0x00007ffa90c27000 	C:\WINDOWS\System32\gdi32full.dll
0x00007ffa905e0000 - 0x00007ffa90683000 	C:\WINDOWS\System32\msvcp_win.dll
0x00007ffa92d20000 - 0x00007ffa92d50000 	C:\WINDOWS\System32\IMM32.DLL
0x00007ffa69eb0000 - 0x00007ffa69ebc000 	C:\Program Files\Java\jdk-22\bin\vcruntime140_1.dll
0x00007ffa533c0000 - 0x00007ffa5344e000 	C:\Program Files\Java\jdk-22\bin\msvcp140.dll
0x00007ff9d4020000 - 0x00007ff9d4d69000 	C:\Program Files\Java\jdk-22\bin\server\jvm.dll
0x00007ffa91dd0000 - 0x00007ffa91e83000 	C:\WINDOWS\System32\ADVAPI32.dll
0x00007ffa91340000 - 0x00007ffa913e6000 	C:\WINDOWS\System32\sechost.dll
0x00007ffa93050000 - 0x00007ffa93165000 	C:\WINDOWS\System32\RPCRT4.dll
0x00007ffa92d60000 - 0x00007ffa92dd4000 	C:\WINDOWS\System32\WS2_32.dll
0x00007ffa90250000 - 0x00007ffa902ae000 	C:\WINDOWS\SYSTEM32\POWRPROF.dll
0x00007ffa869b0000 - 0x00007ffa869e5000 	C:\WINDOWS\SYSTEM32\WINMM.dll
0x00007ffa887c0000 - 0x00007ffa887cb000 	C:\WINDOWS\SYSTEM32\VERSION.dll
0x00007ffa90230000 - 0x00007ffa90244000 	C:\WINDOWS\SYSTEM32\UMPDC.dll
0x00007ffa8f1c0000 - 0x00007ffa8f1db000 	C:\WINDOWS\SYSTEM32\kernel.appcore.dll
0x00007ffa67410000 - 0x00007ffa6741a000 	C:\Program Files\Java\jdk-22\bin\jimage.dll
0x00007ffa8dca0000 - 0x00007ffa8dee1000 	C:\WINDOWS\SYSTEM32\DBGHELP.DLL
0x00007ffa91530000 - 0x00007ffa918b5000 	C:\WINDOWS\System32\combase.dll
0x00007ffa92de0000 - 0x00007ffa92ec1000 	C:\WINDOWS\System32\OLEAUT32.dll
0x00007ffa7dd70000 - 0x00007ffa7dda9000 	C:\WINDOWS\SYSTEM32\dbgcore.DLL
0x00007ffa908d0000 - 0x00007ffa90969000 	C:\WINDOWS\System32\bcryptPrimitives.dll
0x00007ffa673f0000 - 0x00007ffa6740e000 	C:\Program Files\Java\jdk-22\bin\java.dll
0x00007ffa92420000 - 0x00007ffa92b62000 	C:\WINDOWS\System32\SHELL32.dll
0x00007ffa90690000 - 0x00007ffa90804000 	C:\WINDOWS\System32\wintypes.dll
0x00007ffa91100000 - 0x00007ffa9129e000 	C:\WINDOWS\System32\ole32.dll
0x00007ffa8e090000 - 0x00007ffa8e8e8000 	C:\WINDOWS\SYSTEM32\windows.storage.dll
0x00007ffa93170000 - 0x00007ffa93261000 	C:\WINDOWS\System32\SHCORE.dll
0x00007ffa92070000 - 0x00007ffa920da000 	C:\WINDOWS\System32\shlwapi.dll
0x00007ffa90310000 - 0x00007ffa9033f000 	C:\WINDOWS\SYSTEM32\profapi.dll
0x00007ffa344c0000 - 0x00007ffa34597000 	C:\Program Files\Java\jdk-22\bin\jsvml.dll
0x00007ffa671c0000 - 0x00007ffa671d0000 	C:\Program Files\Java\jdk-22\bin\net.dll
0x00007ffa8f730000 - 0x00007ffa8f79a000 	C:\WINDOWS\system32\mswsock.dll
0x00007ffa670e0000 - 0x00007ffa670f6000 	C:\Program Files\Java\jdk-22\bin\nio.dll
0x00007ffa66d20000 - 0x00007ffa66d37000 	C:\Program Files\Java\jdk-22\bin\zip.dll
0x00007ffa631c0000 - 0x00007ffa631ca000 	C:\Program Files\Java\jdk-22\bin\management.dll
0x00007ffa62230000 - 0x00007ffa6223b000 	C:\Program Files\Java\jdk-22\bin\management_ext.dll
0x00007ffa92230000 - 0x00007ffa92238000 	C:\WINDOWS\System32\PSAPI.DLL
0x00007ffa6b720000 - 0x00007ffa6b738000 	C:\WINDOWS\system32\napinsp.dll
0x00007ffa8ecd0000 - 0x00007ffa8edf7000 	C:\WINDOWS\SYSTEM32\DNSAPI.dll
0x00007ffa8ec30000 - 0x00007ffa8ec63000 	C:\WINDOWS\SYSTEM32\IPHLPAPI.DLL
0x00007ffa92410000 - 0x00007ffa9241a000 	C:\WINDOWS\System32\NSI.dll
0x00007ffa6b700000 - 0x00007ffa6b712000 	C:\WINDOWS\System32\winrnr.dll
0x00007ffa6b6c0000 - 0x00007ffa6b6f0000 	C:\WINDOWS\system32\nlansp_c.dll
0x00007ffa6b690000 - 0x00007ffa6b6b0000 	C:\WINDOWS\system32\wshbth.dll
0x00007ffa899c0000 - 0x00007ffa899cb000 	C:\Windows\System32\rasadhlp.dll
0x00007ffa8a310000 - 0x00007ffa8a396000 	C:\WINDOWS\System32\fwpuclnt.dll
0x00007ffa8f9f0000 - 0x00007ffa8fa0b000 	C:\WINDOWS\SYSTEM32\CRYPTSP.dll
0x00007ffa8f120000 - 0x00007ffa8f15a000 	C:\WINDOWS\system32\rsaenh.dll
0x00007ffa8f7d0000 - 0x00007ffa8f7fb000 	C:\WINDOWS\SYSTEM32\USERENV.dll
0x00007ffa902e0000 - 0x00007ffa90306000 	C:\WINDOWS\SYSTEM32\bcrypt.dll
0x00007ffa8f9e0000 - 0x00007ffa8f9ec000 	C:\WINDOWS\SYSTEM32\CRYPTBASE.dll
0x00007ffa61c40000 - 0x00007ffa61c49000 	C:\Program Files\Java\jdk-22\bin\extnet.dll
0x00007ffa618e0000 - 0x00007ffa618f0000 	C:\Program Files\Java\jdk-22\bin\verify.dll
0x00007ffa61620000 - 0x00007ffa6162b000 	C:\Program Files\Java\jdk-22\bin\le.dll
0x00007ffa5d450000 - 0x00007ffa5d45e000 	C:\Program Files\Java\jdk-22\bin\sunmscapi.dll
0x00007ffa90970000 - 0x00007ffa90ae7000 	C:\WINDOWS\System32\CRYPT32.dll
0x00007ffa8fc00000 - 0x00007ffa8fc30000 	C:\WINDOWS\SYSTEM32\ncrypt.dll
0x00007ffa8fbb0000 - 0x00007ffa8fbef000 	C:\WINDOWS\SYSTEM32\NTASN1.dll
0x00007ffa61b80000 - 0x00007ffa61b88000 	C:\WINDOWS\system32\wshunix.dll
0x00007ff9d3b80000 - 0x00007ff9d3d0e000 	C:\Program Files\Java\jdk-22\bin\awt.dll
0x00007ffa8c650000 - 0x00007ffa8c6ee000 	C:\WINDOWS\SYSTEM32\apphelp.dll
0x00007ffa8d690000 - 0x00007ffa8d6c6000 	C:\WINDOWS\system32\DWMAPI.DLL
0x00007ffa8d0d0000 - 0x00007ffa8d17f000 	C:\WINDOWS\system32\uxtheme.dll
0x00007ffa343a0000 - 0x00007ffa34427000 	C:\Program Files\Java\jdk-22\bin\freetype.dll
0x00007ffa25090000 - 0x00007ffa25167000 	C:\Program Files\Java\jdk-22\bin\fontmanager.dll
0x00007ffa61280000 - 0x00007ffa61289000 	C:\Program Files\Java\jdk-22\bin\syslookup.dll

dbghelp: loaded successfully - version: 4.0.5 - missing functions: none
symbol engine: initialized successfully - sym options: 0x614 - pdb path: .;C:\Program Files\Java\jdk-22\bin;C:\WINDOWS\SYSTEM32;C:\WINDOWS\WinSxS\amd64_microsoft.windows.common-controls_6595b64144ccf1df_6.0.26100.4202_none_3e0698d4e335f517;C:\Program Files\Java\jdk-22\bin\server

VM Arguments:
jvm_args: -XX:+ShowCodeDetailsInExceptionMessages -Dspring.jmx.enabled=true -Dmanagement.endpoints.jmx.exposure.include=* -Dspring.application.admin.enabled=true -Dspring.boot.project.name=erp_epmapat -Djava.rmi.server.hostname=localhost -Dcom.sun.management.jmxremote.port=45556 -Dcom.sun.management.jmxremote.authenticate=false -Dcom.sun.management.jmxremote.ssl=false 
java_command: com.epmapat.erp_epmapat.ErpEpmapatApplication
java_class_path (initial): C:\EPMAPAT_SYSTEMS\erp_epmapat_be\target\classes;C:\Users\ADIKTA\.m2\repository\org\springframework\boot\spring-boot-starter-actuator\2.7.18\spring-boot-starter-actuator-2.7.18.jar;C:\Users\ADIKTA\.m2\repository\org\springframework\boot\spring-boot-starter\2.7.18\spring-boot-starter-2.7.18.jar;C:\Users\ADIKTA\.m2\repository\org\springframework\boot\spring-boot\2.7.18\spring-boot-2.7.18.jar;C:\Users\ADIKTA\.m2\repository\org\springframework\boot\spring-boot-autoconfigure\2.7.18\spring-boot-autoconfigure-2.7.18.jar;C:\Users\ADIKTA\.m2\repository\org\springframework\boot\spring-boot-starter-logging\2.7.18\spring-boot-starter-logging-2.7.18.jar;C:\Users\ADIKTA\.m2\repository\ch\qos\logback\logback-classic\1.2.12\logback-classic-1.2.12.jar;C:\Users\ADIKTA\.m2\repository\ch\qos\logback\logback-core\1.2.12\logback-core-1.2.12.jar;C:\Users\ADIKTA\.m2\repository\org\apache\logging\log4j\log4j-to-slf4j\2.17.2\log4j-to-slf4j-2.17.2.jar;C:\Users\ADIKTA\.m2\repository\org\apache\logging\log4j\log4j-api\2.17.2\log4j-api-2.17.2.jar;C:\Users\ADIKTA\.m2\repository\org\slf4j\jul-to-slf4j\1.7.36\jul-to-slf4j-1.7.36.jar;C:\Users\ADIKTA\.m2\repository\org\yaml\snakeyaml\1.30\snakeyaml-1.30.jar;C:\Users\ADIKTA\.m2\repository\org\springframework\boot\spring-boot-actuator-autoconfigure\2.7.18\spring-boot-actuator-autoconfigure-2.7.18.jar;C:\Users\ADIKTA\.m2\repository\org\springframework\boot\spring-boot-actuator\2.7.18\spring-boot-actuator-2.7.18.jar;C:\Users\ADIKTA\.m2\repository\com\fasterxml\jackson\datatype\jackson-datatype-jsr310\2.13.5\jackson-datatype-jsr310-2.13.5.jar;C:\Users\ADIKTA\.m2\repository\io\micrometer\micrometer-core\1.9.17\micrometer-core-1.9.17.jar;C:\Users\ADIKTA\.m2\repository\org\hdrhistogram\HdrHistogram\2.1.12\HdrHistogram-2.1.12.jar;C:\Users\ADIKTA\.m2\repository\org\latencyutils\LatencyUtils\2.0.3\LatencyUtils-2.0.3.jar;C:\Users\ADIKTA\.m2\repository\org\springframework\boot\spring-boot-starter-data-jpa\2.7.18\spring-boot-starter-data-jpa-2.7.18.jar;C:\Users\ADIKTA\.m2\repository\org\springframework\boot\spring-boot-starter-aop\2.7.18\spring-boot-starter-aop-2.7.18.jar;C:\Users\ADIKTA\.m2\repository\org\springframework\spring-aop\5.3.31\spring-aop-5.3.31.jar;C:\Users\ADIKTA\.m2\repository\org\aspectj\aspectjweaver\1.9.7\aspectjweaver-1.9.7.jar;C:\Users\ADIKTA\.m2\repository\org\springframework\boot\spring-boot-starter-jdbc\2.7.18\spring-boot-starter-jdbc-2.7.18.jar;C:\Users\ADIKTA\.m2\repository\com\zaxxer\HikariCP\4.0.3\HikariCP-4.0.3.jar;C:\Users\ADIKTA\.m2\repository\org\springframework\spring-jdbc\5.3.31\spring-jdbc-5.3.31.jar;C:\Users\ADIKTA\.m2\repository\jakarta\transaction\jakarta.transaction-api\1.3.3\jakarta.transaction-api-1.3.3.jar;C:\Users\ADIKTA\.m2\repository\jakarta\persistence\jakarta.persistence-api\2.2.3\jakarta.persistence-api-2.2.3.jar;C:\Users\ADIKTA\.m2\repository\org\hibernate\hibernate-core\5.6.15.Final\hibernate-core-5.6.15.Final.jar;C:\Users\ADIKTA\.m2\repository\org\jboss\logging\jboss-logging\3.4.3.Final\jboss-logging-3.4.3.Final.jar;C:\Users\ADIKTA\.m2\repository\net\bytebuddy\byte-buddy\1.12.23\byte-buddy-1.12.23.jar;C:\Users\ADIKTA\.m2\repository\antlr\antlr\2.7.7\antlr-2.7.7.jar;C:\Users\ADIKTA\.m2\repository\org\jboss\jandex\2.4.2.Final\jandex-2.4.2.Final.jar;C:\Users\ADIKTA\.m2\repository\com\fasterxml\classmate\1.5.1\classmate-1.5.1.jar;C:\Users\ADIKTA\.m2\repository\org\hibernate\common\hibernate-commons-annotations\5.1.2.Final\hibernate-commons-annotations-5.1.2.Final.jar;C:\Users\ADIKTA\.m2\repository\org\glassfish\jaxb\jaxb-runtime\2.3.9\jaxb-runtime-2.3.9.jar;C:\Users\ADIKTA\.m2\repository\org\glassfish\jaxb\txw2\2.3.9\txw2-2.3.9.jar;C:\Users\ADIKTA\.m2\repository\com\sun\istack\istack-commons-runtime\3.0.12\istack-commons-runtime-3.0.12.jar;C:\Users\ADIKTA\.m2\repository\org\springframework\data\spring-data-jpa\2.7.18\spring-data-jpa-2.7.18.jar;C:\Users\ADIKTA\.m2\repository\org\springframework\data\spring-data-commons\2.7.18\spring-data-commons-2.7.18.jar;C:\Users\ADIKTA\.m2\repository\org\springframework\spring-orm\5.3.31\spring-orm-5.3.31.jar;C:\Users\ADIKTA\.m2\repository\org\springframework\spring-context\5.3.31\spring-context-5.3.31.jar;C:\Users\ADIKTA\.m2\repository\org\springframework\spring-tx\5.3.31\spring-tx-5.3.31.jar;C:\Users\ADIKTA\.m2\repository\org\springframework\spring-beans\5.3.31\spring-beans-5.3.31.jar;C:\Users\ADIKTA\.m2\repository\org\springframework\spring-aspects\5.3.31\spring-aspects-5.3.31.jar;C:\Users\ADIKTA\.m2\repository\org\springframework\boot\spring-boot-starter-web\2.7.18\spring-boot-starter-web-2.7.18.jar;C:\Users\ADIKTA\.m2\repository\org\springframework\boot\spring-boot-starter-json\2.7.18\spring-boot-starter-json-2.7.18.jar;C:\Users\ADIKTA\.m2\repository\com\fasterxml\jackson\datatype\jackson-datatype-jdk8\2.13.5\jackson-datatype-jdk8-2.13.5.jar;C:\Users\ADIKTA\.m2\repository\com\fasterxml\jackson\module\jackson-module-parameter-names\2.13.5\jackson-module-parameter-names-2.13.5.jar;C:\Users\ADIKTA\.m2\repository\org\springframework\spring-web\5.3.31\spring-web-5.3.31.jar;C:\Users\ADIKTA\.m2\repository\org\springframework\spring-webmvc\5.3.31\spring-webmvc-5.3.31.jar;C:\Users\ADIKTA\.m2\repository\org\springframework\spring-expression\5.3.31\spring-expression-5.3.31.jar;C:\Users\ADIKTA\.m2\repository\org\postgresql\postgresql\42.3.8\postgresql-42.3.8.jar;C:\Users\ADIKTA\.m2\repository\org\checkerframework\checker-qual\3.5.0\checker-qual-3.5.0.jar;C:\Users\ADIKTA\.m2\repository\org\projectlombok\lombok\1.18.30\lombok-1.18.30.jar;C:\Users\ADIKTA\.m2\repository\jakarta\xml\bind\jakarta.xml.bind-api\2.3.3\jakarta.xml.bind-api-2.3.3.jar;C:\Users\ADIKTA\.m2\repository\jakarta\activation\jakarta.activation-api\1.2.2\jakarta.activation-api-1.2.2.jar;C:\Users\ADIKTA\.m2\repository\org\hamcrest\hamcrest\2.2\hamcrest-2.2.jar;C:\Users\ADIKTA\.m2\repository\org\junit\jupiter\junit-jupiter-api\5.8.2\junit-jupiter-api-5.8.2.jar;C:\Users\ADIKTA\.m2\repository\org\opentest4j\opentest4j\1.2.0\opentest4j-1.2.0.jar;C:\Users\ADIKTA\.m2\repository\org\junit\platform\junit-platform-commons\1.8.2\junit-platform-commons-1.8.2.jar;C:\Users\ADIKTA\.m2\repository\org\apiguardian\apiguardian-api\1.1.2\apiguardian-api-1.1.2.jar;C:\Users\ADIKTA\.m2\repository\org\junit\jupiter\junit-jupiter-engine\5.8.2\junit-jupiter-engine-5.8.2.jar;C:\Users\ADIKTA\.m2\repository\org\junit\platform\junit-platform-engine\1.8.2\junit-platform-engine-1.8.2.jar;C:\Users\ADIKTA\.m2\repository\org\springframework\spring-core\5.3.31\spring-core-5.3.31.jar;C:\Users\ADIKTA\.m2\repository\org\springframework\spring-jcl\5.3.31\spring-jcl-5.3.31.jar;C:\Users\ADIKTA\.m2\repository\net\sf\jasperreports\jasperreports\6.21.4\jasperreports-6.21.4.jar;C:\Users\ADIKTA\.m2\repository\commons-beanutils\commons-beanutils\1.9.4\commons-beanutils-1.9.4.jar;C:\Users\ADIKTA\.m2\repository\commons-collections\commons-collections\3.2.2\commons-collections-3.2.2.jar;C:\Users\ADIKTA\.m2\repository\commons-digester\commons-digester\2.1\commons-digester-2.1.jar;C:\Users\ADIKTA\.m2\repository\commons-logging\commons-logging\1.1.1\commons-logging-1.1.1.jar;C:\Users\ADIKTA\.m2\repository\org\apache\commons\commons-collections4\4.2\commons-collections4-4.2.jar;C:\Users\ADIKTA\.m2\repository\com\github\librepdf\openpdf\1.3.32\openpdf-1.3.32.jar;C:\Users\ADIKTA\.m2\repository\org\jfree\jcommon\1.0.23\jcommon-1.0.23.jar;C:\Users\ADIKTA\.m2\repository\org\jfree\jfreechart\1.0.19\jfreechart-1.0.19.jar;C:\Users\ADIKTA\.m2\repository\org\eclipse\jdt\ecj\3.21.0\ecj-3.21.0.jar;C:\Users\ADIKTA\.m2\repository\com\fasterxml\jackson\core\jackson-core\2.13.5\jackson-core-2.13.5.jar;C:\Users\ADIKTA\.m2\repository\com\fasterxml\jackson\core\jackson-databind\2.13.5\jackson-databind-2.13.5.jar;C:\Users\ADIKTA\.m2\repository\com\fasterxml\jackson\core\jackson-annotations\2.13.5\jackson-annotations-2.13.5.jar;C:\Users\ADIKTA\.m2\repository\net\sf\jasperreports\jasperreports-functions\6.21.4\jasperreports-functions-6.21.4.jar;C:\Users\ADIKTA\.m2\repository\org\apache\xmlgraphics\batik-all\1.14\batik-all-1.14.jar;C:\Users\ADIKTA\.m2\repository\org\apache\xmlgraphics\batik-anim\1.14\batik-anim-1.14.jar;C:\Users\ADIKTA\.m2\repository\org\apache\xmlgraphics\batik-shared-resources\1.14\batik-shared-resources-1.14.jar;C:\Users\ADIKTA\.m2\repository\xml-apis\xml-apis-ext\1.3.04\xml-apis-ext-1.3.04.jar;C:\Users\ADIKTA\.m2\repository\org\apache\xmlgraphics\batik-awt-util\1.14\batik-awt-util-1.14.jar;C:\Users\ADIKTA\.m2\repository\org\apache\xmlgraphics\xmlgraphics-commons\2.6\xmlgraphics-commons-2.6.jar;C:\Users\ADIKTA\.m2\repository\commons-io\commons-io\1.3.1\commons-io-1.3.1.jar;C:\Users\ADIKTA\.m2\repository\org\apache\xmlgraphics\batik-bridge\1.14\batik-bridge-1.14.jar;C:\Users\ADIKTA\.m2\repository\org\apache\xmlgraphics\batik-codec\1.14\batik-codec-1.14.jar;C:\Users\ADIKTA\.m2\repository\org\apache\xmlgraphics\batik-constants\1.14\batik-constants-1.14.jar;C:\Users\ADIKTA\.m2\repository\org\apache\xmlgraphics\batik-css\1.14\batik-css-1.14.jar;C:\Users\ADIKTA\.m2\repository\org\apache\xmlgraphics\batik-dom\1.14\batik-dom-1.14.jar;C:\Users\ADIKTA\.m2\repository\xalan\xalan\2.7.2\xalan-2.7.2.jar;C:\Users\ADIKTA\.m2\repository\xalan\serializer\2.7.2\serializer-2.7.2.jar;C:\Users\ADIKTA\.m2\repository\xml-apis\xml-apis\1.4.01\xml-apis-1.4.01.jar;C:\Users\ADIKTA\.m2\repository\org\apache\xmlgraphics\batik-ext\1.14\batik-ext-1.14.jar;C:\Users\ADIKTA\.m2\repository\org\apache\xmlgraphics\batik-extension\1.14\batik-extension-1.14.jar;C:\Users\ADIKTA\.m2\repository\org\apache\xmlgraphics\batik-gui-util\1.14\batik-gui-util-1.14.jar;C:\Users\ADIKTA\.m2\repository\org\apache\xmlgraphics\batik-gvt\1.14\batik-gvt-1.14.jar;C:\Users\ADIKTA\.m2\repository\org\apache\xmlgraphics\batik-i18n\1.14\batik-i18n-1.14.jar;C:\Users\ADIKTA\.m2\repository\org\apache\xmlgraphics\batik-parser\1.14\batik-parser-1.14.jar;C:\Users\ADIKTA\.m2\repository\org\apache\xmlgraphics\batik-rasterizer-ext\1.14\batik-rasterizer-ext-1.14.jar;C:\Users\ADIKTA\.m2\repository\org\apache\xmlgraphics\batik-rasterizer\1.14\batik-rasterizer-1.14.jar;C:\Users\ADIKTA\.m2\repository\org\apache\xmlgraphics\batik-script\1.14\batik-script-1.14.jar;C:\Users\ADIKTA\.m2\repository\org\apache\xmlgraphics\batik-slideshow\1.14\batik-slideshow-1.14.jar;C:\Users\ADIKTA\.m2\repository\org\apache\xmlgraphics\batik-squiggle-ext\1.14\batik-squiggle-ext-1.14.jar;C:\Users\ADIKTA\.m2\repository\org\apache\xmlgraphics\batik-squiggle\1.14\batik-squiggle-1.14.jar;C:\Users\ADIKTA\.m2\repository\org\apache\xmlgraphics\batik-svg-dom\1.14\batik-svg-dom-1.14.jar;C:\Users\ADIKTA\.m2\repository\org\apache\xmlgraphics\batik-svgbrowser\1.14\batik-svgbrowser-1.14.jar;C:\Users\ADIKTA\.m2\repository\org\apache\xmlgraphics\batik-svggen\1.14\batik-svggen-1.14.jar;C:\Users\ADIKTA\.m2\repository\org\apache\xmlgraphics\batik-svgpp\1.14\batik-svgpp-1.14.jar;C:\Users\ADIKTA\.m2\repository\org\apache\xmlgraphics\batik-svgrasterizer\1.14\batik-svgrasterizer-1.14.jar;C:\Users\ADIKTA\.m2\repository\org\apache\xmlgraphics\batik-swing\1.14\batik-swing-1.14.jar;C:\Users\ADIKTA\.m2\repository\org\apache\xmlgraphics\batik-transcoder\1.14\batik-transcoder-1.14.jar;C:\Users\ADIKTA\.m2\repository\org\apache\xmlgraphics\batik-util\1.14\batik-util-1.14.jar;C:\Users\ADIKTA\.m2\repository\org\apache\xmlgraphics\batik-ttf2svg\1.14\batik-ttf2svg-1.14.jar;C:\Users\ADIKTA\.m2\repository\org\apache\xmlgraphics\batik-xml\1.14\batik-xml-1.14.jar;C:\Users\ADIKTA\.m2\repository\net\sf\barcode4j\barcode4j\2.1\barcode4j-2.1.jar;C:\Users\ADIKTA\.m2\repository\net\sf\jasperreports\jasperreports-fonts\6.21.4\jasperreports-fonts-6.21.4.jar;C:\Users\ADIKTA\.m2\repository\net\sf\jasperreports\jasperreports-chart-themes\6.21.4\jasperreports-chart-themes-6.21.4.jar;C:\Users\ADIKTA\.m2\repository\net\sourceforge\barbecue\barbecue\1.5-beta1\barbecue-1.5-beta1.jar;C:\Users\ADIKTA\.m2\repository\org\springframework\boot\spring-boot-starter-tomcat\2.7.18\spring-boot-starter-tomcat-2.7.18.jar;C:\Users\ADIKTA\.m2\repository\jakarta\annotation\jakarta.annotation-api\1.3.5\jakarta.annotation-api-1.3.5.jar;C:\Users\ADIKTA\.m2\repository\org\apache\tomcat\embed\tomcat-embed-core\9.0.83\tomcat-embed-core-9.0.83.jar;C:\Users\ADIKTA\.m2\repository\org\apache\tomcat\embed\tomcat-embed-el\9.0.83\tomcat-embed-el-9.0.83.jar;C:\Users\ADIKTA\.m2\repository\org\apache\tomcat\embed\tomcat-embed-websocket\9.0.83\tomcat-embed-websocket-9.0.83.jar;C:\Users\ADIKTA\.m2\repository\javax\xml\bind\jaxb-api\2.3.1\jaxb-api-2.3.1.jar;C:\Users\ADIKTA\.m2\repository\javax\activation\javax.activation-api\1.2.0\javax.activation-api-1.2.0.jar;C:\Users\ADIKTA\.m2\repository\com\itextpdf\barcodes\9.1.0\barcodes-9.1.0.jar;C:\Users\ADIKTA\.m2\repository\com\itextpdf\font-asian\9.1.0\font-asian-9.1.0.jar;C:\Users\ADIKTA\.m2\repository\com\itextpdf\forms\9.1.0\forms-9.1.0.jar;C:\Users\ADIKTA\.m2\repository\com\itextpdf\hyph\9.1.0\hyph-9.1.0.jar;C:\Users\ADIKTA\.m2\repository\com\itextpdf\io\9.1.0\io-9.1.0.jar;C:\Users\ADIKTA\.m2\repository\com\itextpdf\commons\9.1.0\commons-9.1.0.jar;C:\Users\ADIKTA\.m2\repository\com\itextpdf\kernel\9.1.0\kernel-9.1.0.jar;C:\Users\ADIKTA\.m2\repository\com\itextpdf\layout\9.1.0\layout-9.1.0.jar;C:\Users\ADIKTA\.m2\repository\com\itextpdf\pdfa\9.1.0\pdfa-9.1.0.jar;C:\Users\ADIKTA\.m2\repository\com\itextpdf\sign\9.1.0\sign-9.1.0.jar;C:\Users\ADIKTA\.m2\repository\com\itextpdf\styled-xml-parser\9.1.0\styled-xml-parser-9.1.0.jar;C:\Users\ADIKTA\.m2\repository\com\itextpdf\svg\9.1.0\svg-9.1.0.jar;C:\Users\ADIKTA\.m2\repository\com\itextpdf\bouncy-castle-connector\9.1.0\bouncy-castle-connector-9.1.0.jar;C:\Users\ADIKTA\.m2\repository\com\itextpdf\pdfua\9.1.0\pdfua-9.1.0.jar;C:\Users\ADIKTA\.m2\repository\com\itextpdf\html2pdf\4.0.3\html2pdf-4.0.3.jar;C:\Users\ADIKTA\.m2\repository\org\slf4j\slf4j-api\1.7.36\slf4j-api-1.7.36.jar;C:\Users\ADIKTA\.m2\repository\org\apache\ws\xmlschema\xmlschema-core\2.3.0\xmlschema-core-2.3.0.jar;C:\Users\ADIKTA\.m2\repository\org\apache\santuario\xmlsec\2.3.0\xmlsec-2.3.0.jar;C:\Users\ADIKTA\.m2\repository\commons-codec\commons-codec\1.15\commons-codec-1.15.jar;C:\Users\ADIKTA\.m2\repository\com\fasterxml\woodstox\woodstox-core\6.2.6\woodstox-core-6.2.6.jar;C:\Users\ADIKTA\.m2\repository\org\springframework\boot\spring-boot-starter-mail\2.7.18\spring-boot-starter-mail-2.7.18.jar;C:\Users\ADIKTA\.m2\repository\org\springframework\spring-context-support\5.3.31\spring-context-support-5.3.31.jar;C:\Users\ADIKTA\.m2\repository\com\sun\mail\jakarta.mail\1.6.7\jakarta.mail-1.6.7.jar;C:\Users\ADIKTA\.m2\repository\com\sun\activation\jakarta.activation\1.2.2\jakarta.activation-1.2.2.jar;C:\Users\ADIKTA\.m2\repository\org\apache\pdfbox\pdfbox\2.0.27\pdfbox-2.0.27.jar;C:\Users\ADIKTA\.m2\repository\org\apache\pdfbox\fontbox\2.0.27\fontbox-2.0.27.jar;C:\Users\ADIKTA\.m2\repository\com\fasterxml\jackson\dataformat\jackson-dataformat-xml\2.13.5\jackson-dataformat-xml-2.13.5.jar;C:\Users\ADIKTA\.m2\repository\org\codehaus\woodstox\stax2-api\4.2.1\stax2-api-4.2.1.jar;C:\Users\ADIKTA\.m2\repository\org\codehaus\groovy\groovy\3.0.19\groovy-3.0.19.jar;C:\Users\ADIKTA\.m2\repository\org\codehaus\groovy\groovy-ant\3.0.19\groovy-ant-3.0.19.jar;C:\Users\ADIKTA\.m2\repository\org\apache\ant\ant\1.10.12\ant-1.10.12.jar;C:\Users\ADIKTA\.m2\repository\org\apache\ant\ant-junit\1.10.12\ant-junit-1.10.12.jar;C:\Users\ADIKTA\.m2\repository\org\apache\ant\ant-launcher\1.10.12\ant-launcher-1.10.12.jar;C:\Users\ADIKTA\.m2\repository\org\apache\ant\ant-antlr\1.10.12\ant-antlr-1.10.12.jar;C:\Users\ADIKTA\.m2\repository\org\codehaus\groovy\groovy-astbuilder\3.0.19\groovy-astbuilder-3.0.19.jar;C:\Users\ADIKTA\.m2\repository\org\codehaus\groovy\groovy-cli-picocli\3.0.19\groovy-cli-picocli-3.0.19.jar;C:\Users\ADIKTA\.m2\repository\info\picocli\picocli\4.6.3\picocli-4.6.3.jar;C:\Users\ADIKTA\.m2\repository\org\codehaus\groovy\groovy-console\3.0.19\groovy-console-3.0.19.jar;C:\Users\ADIKTA\.m2\repository\org\codehaus\groovy\groovy-datetime\3.0.19\groovy-datetime-3.0.19.jar;C:\Users\ADIKTA\.m2\repository\org\codehaus\groovy\groovy-docgenerator\3.0.19\groovy-docgenerator-3.0.19.jar;C:\Users\ADIKTA\.m2\repository\com\thoughtworks\qdox\qdox\1.12.1\qdox-1.12.1.jar;C:\Users\ADIKTA\.m2\repository\org\codehaus\groovy\groovy-groovydoc\3.0.19\groovy-groovydoc-3.0.19.jar;C:\Users\ADIKTA\.m2\repository\com\github\javaparser\javaparser-core\3.25.4\javaparser-core-3.25.4.jar;C:\Users\ADIKTA\.m2\repository\org\codehaus\groovy\groovy-groovysh\3.0.19\groovy-groovysh-3.0.19.jar;C:\Users\ADIKTA\.m2\repository\jline\jline\2.14.6\jline-2.14.6.jar;C:\Users\ADIKTA\.m2\repository\org\codehaus\groovy\groovy-jmx\3.0.19\groovy-jmx-3.0.19.jar;C:\Users\ADIKTA\.m2\repository\org\codehaus\groovy\groovy-json\3.0.19\groovy-json-3.0.19.jar;C:\Users\ADIKTA\.m2\repository\org\codehaus\groovy\groovy-jsr223\3.0.19\groovy-jsr223-3.0.19.jar;C:\Users\ADIKTA\.m2\repository\org\codehaus\groovy\groovy-macro\3.0.19\groovy-macro-3.0.19.jar;C:\Users\ADIKTA\.m2\repository\org\codehaus\groovy\groovy-nio\3.0.19\groovy-nio-3.0.19.jar;C:\Users\ADIKTA\.m2\repository\org\codehaus\groovy\groovy-servlet\3.0.19\groovy-servlet-3.0.19.jar;C:\Users\ADIKTA\.m2\repository\org\codehaus\groovy\groovy-sql\3.0.19\groovy-sql-3.0.19.jar;C:\Users\ADIKTA\.m2\repository\org\codehaus\groovy\groovy-swing\3.0.19\groovy-swing-3.0.19.jar;C:\Users\ADIKTA\.m2\repository\org\codehaus\groovy\groovy-templates\3.0.19\groovy-templates-3.0.19.jar;C:\Users\ADIKTA\.m2\repository\org\codehaus\groovy\groovy-test\3.0.19\groovy-test-3.0.19.jar;C:\Users\ADIKTA\.m2\repository\junit\junit\4.13.2\junit-4.13.2.jar;C:\Users\ADIKTA\.m2\repository\org\hamcrest\hamcrest-core\2.2\hamcrest-core-2.2.jar;C:\Users\ADIKTA\.m2\repository\org\codehaus\groovy\groovy-test-junit5\3.0.19\groovy-test-junit5-3.0.19.jar;C:\Users\ADIKTA\.m2\repository\org\junit\platform\junit-platform-launcher\1.8.2\junit-platform-launcher-1.8.2.jar;C:\Users\ADIKTA\.m2\repository\org\codehaus\groovy\groovy-testng\3.0.19\groovy-testng-3.0.19.jar;C:\Users\ADIKTA\.m2\repository\org\testng\testng\7.5\testng-7.5.jar;C:\Users\ADIKTA\.m2\repository\com\beust\jcommander\1.78\jcommander-1.78.jar;C:\Users\ADIKTA\.m2\repository\org\webjars\jquery\3.5.1\jquery-3.5.1.jar;C:\Users\ADIKTA\.m2\repository\org\codehaus\groovy\groovy-xml\3.0.19\groovy-xml-3.0.19.jar
Launcher Type: SUN_STANDARD

[Global flags]
     intx CICompilerCount                          = 4                                         {product} {ergonomic}
     uint ConcGCThreads                            = 3                                         {product} {ergonomic}
     uint G1ConcRefinementThreads                  = 10                                        {product} {ergonomic}
   size_t G1HeapRegionSize                         = 1048576                                   {product} {ergonomic}
   size_t InitialHeapSize                          = 132120576                                 {product} {ergonomic}
     bool ManagementServer                         = true                                      {product} {command line}
   size_t MarkStackSize                            = 4194304                                   {product} {ergonomic}
   size_t MaxHeapSize                              = 2099249152                                {product} {ergonomic}
   size_t MaxNewSize                               = 1259339776                                {product} {ergonomic}
   size_t MinHeapDeltaBytes                        = 1048576                                   {product} {ergonomic}
   size_t MinHeapSize                              = 8388608                                   {product} {ergonomic}
    uintx NonNMethodCodeHeapSize                   = 5839372                                {pd product} {ergonomic}
    uintx NonProfiledCodeHeapSize                  = 122909434                              {pd product} {ergonomic}
    uintx ProfiledCodeHeapSize                     = 122909434                              {pd product} {ergonomic}
    uintx ReservedCodeCacheSize                    = 251658240                              {pd product} {ergonomic}
     bool SegmentedCodeCache                       = true                                      {product} {ergonomic}
     bool ShowCodeDetailsInExceptionMessages       = true                                   {manageable} {command line}
   size_t SoftMaxHeapSize                          = 2099249152                             {manageable} {ergonomic}
     bool UseCompressedOops                        = true                           {product lp64_product} {ergonomic}
     bool UseG1GC                                  = true                                      {product} {ergonomic}
     bool UseLargePagesIndividualAllocation        = false                                  {pd product} {ergonomic}

Logging:
Log output configuration:
 #0: stdout all=warning uptime,level,tags foldmultilines=false
 #1: stderr all=off uptime,level,tags foldmultilines=false

Environment Variables:
JAVA_HOME=C:\Program Files\Java\jdk-22
PATH=C:\Users\ADIKTA\bin;C:\Program Files\Git\mingw64\bin;C:\Program Files\Git\usr\local\bin;C:\Program Files\Git\usr\bin;C:\Program Files\Git\usr\bin;C:\Program Files\Git\mingw64\bin;C:\Program Files\Git\usr\bin;C:\Users\ADIKTA\bin;C:\Program Files\Microsoft MPI\Bin;C:\Program Files (x86)\VMware\VMware Player\bin;C:\Program Files\Common Files\Oracle\Java\javapath;C:\Program Files (x86)\Common Files\Oracle\Java\java8path;C:\Program Files (x86)\Common Files\Oracle\Java\javapath;C:\WINDOWS\system32;C:\WINDOWS;C:\WINDOWS\System32\Wbem;C:\WINDOWS\System32\WindowsPowerShell\v1.0;C:\WINDOWS\System32\OpenSSH;C:\Program Files\nodejs;C:\Program Files\dotnet;C:\Program Files\Microsoft Network Monitor 3;C:\Program Files\Git\cmd;C:\Program Files\Docker\Docker\resources\bin;C:\Program Files (x86)\Microsoft SQL Server\160\Tools\Binn;C:\Program Files\Microsoft SQL Server\160\Tools\Binn;C:\Program Files\Microsoft SQL Server\Client SDK\ODBC\170\Tools\Binn;C:\Program Files\Microsoft SQL Server\160\DTS\Binn;C:\Program Files (x86)\Microsoft SQL Server\160\DTS\Binn;C:\Users\ADIKTA\.console-ninja\.bin;C:\Users\ADIKTA\AppData\Local\Programs\Python\Python312\Scripts;C:\Users\ADIKTA\AppData\Local\Programs\Python\Python312;C:\Users\ADIKTA\AppData\Local\Microsoft\WindowsApps;C:\Users\ADIKTA\AppData\Local\Programs\Microsoft VS Code\bin;C:\Program Files\Java\jdk-21\bin;C:\MAVEN\bin;C:\Users\ADIKTA\AppData\Roaming\npm;C:\Program Files\JetBrains\IntelliJ IDEA Community Edition 2024.2.1\bin;C:\Users\ADIKTA\AppData\Local\Microsoft\WindowsApps;C:\Users\ADIKTA\AppData\Local\GitHubDesktop\bin;C:\Users\ADIKTA\flutter\bin;C:\Users\ADIKTA\AppData\Roaming\Code\User\globalStorage\github.copilot-chat\debugCommand;C:\Program Files\Git\usr\bin\vendor_perl;C:\Program Files\Git\usr\bin\core_perl
USERNAME=ADIKTA
SHELL=C:\Program Files\Git\usr\bin\bash.exe
DISPLAY=needs-to-be-defined
LANG=en_US.UTF-8
TERM=xterm-256color
TMPDIR=C:\Users\ADIKTA\AppData\Local\Temp
OS=Windows_NT
PROCESSOR_IDENTIFIER=Intel64 Family 6 Model 165 Stepping 3, GenuineIntel
TMP=C:\Users\ADIKTA\AppData\Local\Temp
TEMP=C:\Users\ADIKTA\AppData\Local\Temp




Periodic native trim disabled

---------------  S Y S T E M  ---------------

OS:
 Windows 11 , 64 bit Build 26100 (10.0.26100.4202)
OS uptime: 0 days 5:49 hours

CPU: total 12 (initial active 12) (6 cores per cpu, 2 threads per core) family 6 model 165 stepping 3 microcode 0xea, cx8, cmov, fxsr, ht, mmx, 3dnowpref, sse, sse2, sse3, ssse3, sse4.1, sse4.2, popcnt, lzcnt, tsc, tscinvbit, avx, avx2, aes, erms, clmul, bmi1, bmi2, adx, fma, vzeroupper, clflush, clflushopt, rdtscp, f16c
Processor Information for all 12 processors :
  Max Mhz: 2904, Current Mhz: 2904, Mhz Limit: 2904

Memory: 4k page, system-wide physical 8003M (756M free)
TotalPageFile size 32579M (AvailPageFile size 3M)
current process WorkingSet (physical memory assigned to process): 353M, peak: 456M
current process commit charge ("private bytes"): 595M, peak: 597M

vm_info: Java HotSpot(TM) 64-Bit Server VM (22.0.2+9-70) for windows-amd64 JRE (22.0.2+9-70), built on 2024-06-04T16:52:23Z by "mach5one" with MS VC++ 17.6 (VS2022)

END.
